object_key,text_w_pages,is_da_with_invoice,text,document_type,is_ladung,is_pfub,ticket_uuid,attachment_id,textract_job_id,textract_s3_link
data/aftercourt/drittauskunf_with_invoice/0_sammel120251218-309-jspu2c.pdf,"<page_1>
Obergerichtsvollzieher Frank Schäfer
bei dem Amtsgericht Darmstadt
Mein Zeichen:
DR II 1870/25
OGV Frank Schäfer, Mathildenplatz 12, 64283 Darmstadt
Bitte immer angeben!
Firma
Ihr Zeichen: 177398801833
PAIR Finance GmbH
Knesebeckstraße 62-63
Telefon 06150/55301,Mobil:017692264261
10719 Berlin
Telefax 06150/591668
Erzhausen, 18.12.2025
Zwangsvollstreckungssache
Firma Liquandum Capital II GmbH, Knesebeckstraße 62-63, 10719 Berlin
vertr. d.
Firma PAIR Finance GmbH, Knesebeckstraße 62-63, 10719 Berlin
gegen
Herrn Labid Ahmad, Falkenweg 7, 64331 Weiterstadt
Sehr geehrte Damen und Herren,
in oben genannter Sache teile ich Ihnen mit, dass im Termin zur Abgabe der Vermögensauskunftder Schuldner trotz
ordnungsgemäßer Ladung nicht erschienen ist.
Erlass eines Haftbefehls wurde nicht beantragt
Nach Zweckerreichung sind erlangte Schuldnerdaten zu löschen.
Die entstandenen Kosten bitte ich auf mein Dienstkonto zu überweisen. GiroCode 75,11€.
Kostenrechnung GvKostG (KV=Kostenverzeichnis) in EUR V. 18.12.25
Mit/freundlichen Grüßen
Nr. Bezeichnung
Betrag Anz. Gesamt
1
KV 100 Pers. Zustellung
12,00 1
12,00
2 KV 604 Nicht erled. Amtshandl.
18,00 1
18,00
zu 260
(Frank Schäfer)
3
KV 440 Auskunft BZSt
15,60 1
15,60
Obergerichtsvollzieher
4
KV 208 Versuch gütliche Erled.
9,60 1
9,60
beim Amtsgericht Darmstadt
5
KV 711 Wegegeld 0-10 km
1
3,25
Zwangsvollstreckungsdaten werden in meiner
6
KV 701 Entgelt Zustellung
5,62 1
5,62
EDV gespeichert! Löschung 1 Jahr n.d. Erledi-
7
KV 716 Pauschale
11,04
gungsjahr. Keine Datenweitergabe an Dritte!
8
Rechnungs- und Zahlungsbetrag
75,11
(§§ 7;11;18II HDG)
D. Kostenschuldn. ist Firma Liquandum Capital Il GmbH.
Rechtsbehelfsbelehrung: Gegen diese Kostenrechnung kann Erinnerung
beim Amtsgericht Darmstadt, 64293 Darmstadt, Mathildenplatz 15
schriftlich oder zu Protokoll der Geschäftsstelle eingelegt werden. Es ist
zweckmäßig, die Erinnerung zu begründen. Die Erinnerung kann als ein für
die Bearbeitung durch das Gericht gem. §§ 2 und 5 ERVV geeignetes
elektronisches Dokument eingereicht werden. Die verantwortende Person
muss jedes Dokument mit einer qualifizierten elektronischen Signatur
(QES) versehen und gem. § 4 ERVV oder signiert auf sicherem
Übermittlungsweg gem. § 130a Abs. 4 ZPO einreichen. Weitere
Informationen unter www.justiz.de.
Anschrift
Dienstkonto
Sprechzeiten: (tel. nur mobil erreichbar)
c/o AG Darmstadt
IBAN:DE27660908000004728599
Di. 12-13 Uhr, AG Darmstadt, RaumB019
Mathildenplatz 12
BIC:GENODE61BBB
Fr.10:30-11:30, AG Darmstadt, RaumB013
64283 Darmstadt
BBBank Karlsruhe
<page_2>
Obergerichtsvollzieher Frank Schäfer
bei dem Amtsgericht Darmstadt
Mein Zeichen:
DR II 1870/25
OGV Frank Schäfer, Mathildenplatz 12, 64283 Darmstadt
Bitte immer angeben!
Firma
Ihr Zeichen: 177398801833
PAIR Finance GmbH
Knesebeckstraße 62-63
Telefon 06150/55301,Mobil:017692264261
10719 Berlin
Telefax 06150/591668
Erzhausen, 18.12.2025
Zwangsvollstreckungssache
Firma Liquandum Capital II GmbH, Knesebeckstraße 62-63, 10719 Berlin
vertr. d.
Firma PAIR Finance GmbH, Knesebeckstraße 62-63, 10719 Berlin
gegen
Herrn Labid Ahmad, Falkenweg 7, 64331 Weiterstadt
Sehr geehrte Damen und Herren,
in o.g. Sache haben Sie mich beauftragt, eine Drittauskunft nach § 8021 ZPO beim Bundeszentralamt für Steuern
einzuholen.
Das Ergebnis teile ich Ihnen unter Übersendung einer Kopie der entsprechenden Stellen mit.
Ich weise Sie ausdrücklich darauf hin, dass die erlangten Daten nur zu Vollstreckungszwecken genutzt werden dürfen
und nach Zweckerreichung in dieser Sache zu löschen sind (§§ 802 Abs. 3, 802 d Abs. 1 ZPO). Die Weiterleitung
dieser Daten an Dritte ist unzulässig..
Nach Zweckerreichung sind erlangte Schuldnerdaten zu löschen.
Mit freundlichen Grüßen
(Frank Schäfer)
Obergerichtsvollzieher
beim Amtsgericht Darmstadt
Zwangsvollstreckungsdaten werden in meiner
EDV gespeichert! Löschung 1 Jahr n.d. Erledi-
gungsjahr. Keine Datenweitergabe an Dritte!
(§§ 7;11;18II HDG)
Anschrift
Dienstkonto
Sprechzeiten: (tel. nur mobil erreichbar)
c/o AG Darmstadt
IBAN:DE27660908000004728599
Di. 12-13 Uhr, AG Darmstadt, RaumB019
Mathildenplatz 12
BIC:GENODE61BBB
Fr.10:30-11:30, AG Darmstadt, RaumB013
64283 Darmstadt
BBBank Karlsruhe
<page_3>
Anlage zu GZ: St II 4 S 0229a KEVIZZ 2921832/25 (Bitte stets angeben)
Ergebnisse
zu der Anfrage von dem/der:
Obergerichtsvollzieher
Frank Schäfer
vom:
15.12.2025
Ihr AZ:
DR II 1870/25
mit folgenden Anhaltsdaten:
Name:
Nachname:
Ahmad
Vorname:
Labid
Geburtsdatum:
25.05.2001
Kontonummer:
N26 Bank SE
BAK-Nr.: 145827
Voltairestraße 8, 10179 Berlin
Trefferanzahl: 3
Kontonummer: DE41100110012624919180
Errichtungsdatum: 11.09.2019
Kontoinfo:
Auflösungsdatum:
Kontoinhaber
Geburtsdatum Seit
Bis
LABID AHMAD
25.05.2001
22.12.2019
FALKENWEG 7 64331 WEITERSTADT DEU
Kontonummer: DE91100110012811132575
Errichtungsdatum: 26.11.2023
Kontoinfo:
Auflösungsdatum:
Kontoinhaber
Geburtsdatum Seit
Bis
LABID AHMAD
25.05.2001
26.11.2023
FALKENWEG 7 64331 WEITERSTADT DEU
Kontonummer: DE91100110012811132575
Errichtungsdatum: 26.11.2023
Kontoinfo:
Auflösungsdatum:
Kontoinhaber
Geburtsdatum Seit
Bis
LABID AHMAD
25.05.2001
26.11.2023
FALKENWEG 7 64331 WEITERSTADT DEU
Anfrage von Obergerichtsvollzieher
Seite
1 von
2
Frank Schäfer (G06074) zu AZ DR II 1870/25
<page_4>
Anlage zu GZ: St II 4 S 0229a KEVIZZ 2921832/25 (Bitte stets angeben)
Trade Republic Bank GmbH
BAK-Nr.: 150368
Brunnenstraße 19 21, 10119 Berlin
Trefferanzahl:
2
Kontonummer: 0829461801
Errichtungsdatum: 05.03.2021
Kontoinfo:
Auflösungsdatum:
Kontoinhaber
Geburtsdatum Seit
Bis
Labid Ahmad
25.05.2001
05.03.2021
Falkenweg 7, 64331 Weiterstadt DE
Kontonummer: DE30100123450829461801
Errichtungsdatum: 29.07.2024
Kontoinfo:
Auflösungsdatum:
Kontoinhaber
Geburtsdatum Seit
Bis
Labid Ahmad
25.05.2001
29.07.2024
Falkenweg 7, 64331 Weiterstadt DE
Klarna Bank AB, German Branch
BAK-Nr.: 157210
Chausseestr. 117, 10115 Berlin
Trefferanzahl: 1
Kontonummer: DE53100103004125963420
Errichtungsdatum: 23.04.2024
Kontoinfo:
Auflösungsdatum:
Kontoinhaber
Geburtsdatum Seit
Bis
Labid Ahmad
25.05.2001
23.04.2024
29.07.2024
Falkenweg 7 64331 Weiterstadt
Labid Ahmad
25.05.2001
29.07.2024
Falkenweg 7 64331 Weiterstadt
Revolut Bank UAB, Zweigniederlassung Deutschland
BAK-Nr.:
161008
c/o FORA Linden Palais / Unter den Linden 40, 10117 Berlin
Trefferanzahl:
1
Kontonummer: DE16100101786625757646
Errichtungsdatum:
27.01.2025
Kontoinfo:
Auflösungsdatum:
Kontoinhaber
Geburtsdatum Seit
Bis
LABID AHMAD
25.05.2001
27.01.2025
DE Weiterstadt 64331 Franz-Seliger-Str. 10
Anfrage von Obergerichtsvollzieher
Seite
2 von
2
Frank Schäfer (G06074) zu AZ DR II 1870/25",True," Obergerichtsvollzieher Frank Schäfer
bei dem Amtsgericht Darmstadt
Mein Zeichen:
DR II 1870/25
OGV Frank Schäfer, Mathildenplatz 12, 64283 Darmstadt
Bitte immer angeben!
Firma
Ihr Zeichen: 177398801833
PAIR Finance GmbH
Knesebeckstraße 62-63
Telefon 06150/55301,Mobil:017692264261
10719 Berlin
Telefax 06150/591668
Erzhausen, 18.12.2025
Zwangsvollstreckungssache
Firma Liquandum Capital II GmbH, Knesebeckstraße 62-63, 10719 Berlin
vertr. d.
Firma PAIR Finance GmbH, Knesebeckstraße 62-63, 10719 Berlin
gegen
Herrn Labid Ahmad, Falkenweg 7, 64331 Weiterstadt
Sehr geehrte Damen und Herren,
in oben genannter Sache teile ich Ihnen mit, dass im Termin zur Abgabe der Vermögensauskunftder Schuldner trotz
ordnungsgemäßer Ladung nicht erschienen ist.
Erlass eines Haftbefehls wurde nicht beantragt
Nach Zweckerreichung sind erlangte Schuldnerdaten zu löschen.
Die entstandenen Kosten bitte ich auf mein Dienstkonto zu überweisen. GiroCode 75,11€.
Kostenrechnung GvKostG (KV=Kostenverzeichnis) in EUR V. 18.12.25
Mit/freundlichen Grüßen
Nr. Bezeichnung
Betrag Anz. Gesamt
1
KV 100 Pers. Zustellung
12,00 1
12,00
2 KV 604 Nicht erled. Amtshandl.
18,00 1
18,00
zu 260
(Frank Schäfer)
3
KV 440 Auskunft BZSt
15,60 1
15,60
Obergerichtsvollzieher
4
KV 208 Versuch gütliche Erled.
9,60 1
9,60
beim Amtsgericht Darmstadt
5
KV 711 Wegegeld 0-10 km
1
3,25
Zwangsvollstreckungsdaten werden in meiner
6
KV 701 Entgelt Zustellung
5,62 1
5,62
EDV gespeichert! Löschung 1 Jahr n.d. Erledi-
7
KV 716 Pauschale
11,04
gungsjahr. Keine Datenweitergabe an Dritte!
8
Rechnungs- und Zahlungsbetrag
75,11
(§§ 7;11;18II HDG)
D. Kostenschuldn. ist Firma Liquandum Capital Il GmbH.
Rechtsbehelfsbelehrung: Gegen diese Kostenrechnung kann Erinnerung
beim Amtsgericht Darmstadt, 64293 Darmstadt, Mathildenplatz 15
schriftlich oder zu Protokoll der Geschäftsstelle eingelegt werden. Es ist
zweckmäßig, die Erinnerung zu begründen. Die Erinnerung kann als ein für
die Bearbeitung durch das Gericht gem. §§ 2 und 5 ERVV geeignetes
elektronisches Dokument eingereicht werden. Die verantwortende Person
muss jedes Dokument mit einer qualifizierten elektronischen Signatur
(QES) versehen und gem. § 4 ERVV oder signiert auf sicherem
Übermittlungsweg gem. § 130a Abs. 4 ZPO einreichen. Weitere
Informationen unter www.justiz.de.
Anschrift
Dienstkonto
Sprechzeiten: (tel. nur mobil erreichbar)
c/o AG Darmstadt
IBAN:DE27660908000004728599
Di. 12-13 Uhr, AG Darmstadt, RaumB019
Mathildenplatz 12
BIC:GENODE61BBB
Fr.10:30-11:30, AG Darmstadt, RaumB013
64283 Darmstadt
BBBank Karlsruhe
 Obergerichtsvollzieher Frank Schäfer
bei dem Amtsgericht Darmstadt
Mein Zeichen:
DR II 1870/25
OGV Frank Schäfer, Mathildenplatz 12, 64283 Darmstadt
Bitte immer angeben!
Firma
Ihr Zeichen: 177398801833
PAIR Finance GmbH
Knesebeckstraße 62-63
Telefon 06150/55301,Mobil:017692264261
10719 Berlin
Telefax 06150/591668
Erzhausen, 18.12.2025
Zwangsvollstreckungssache
Firma Liquandum Capital II GmbH, Knesebeckstraße 62-63, 10719 Berlin
vertr. d.
Firma PAIR Finance GmbH, Knesebeckstraße 62-63, 10719 Berlin
gegen
Herrn Labid Ahmad, Falkenweg 7, 64331 Weiterstadt
Sehr geehrte Damen und Herren,
in o.g. Sache haben Sie mich beauftragt, eine Drittauskunft nach § 8021 ZPO beim Bundeszentralamt für Steuern
einzuholen.
Das Ergebnis teile ich Ihnen unter Übersendung einer Kopie der entsprechenden Stellen mit.
Ich weise Sie ausdrücklich darauf hin, dass die erlangten Daten nur zu Vollstreckungszwecken genutzt werden dürfen
und nach Zweckerreichung in dieser Sache zu löschen sind (§§ 802 Abs. 3, 802 d Abs. 1 ZPO). Die Weiterleitung
dieser Daten an Dritte ist unzulässig..
Nach Zweckerreichung sind erlangte Schuldnerdaten zu löschen.
Mit freundlichen Grüßen
(Frank Schäfer)
Obergerichtsvollzieher
beim Amtsgericht Darmstadt
Zwangsvollstreckungsdaten werden in meiner
EDV gespeichert! Löschung 1 Jahr n.d. Erledi-
gungsjahr. Keine Datenweitergabe an Dritte!
(§§ 7;11;18II HDG)
Anschrift
Dienstkonto
Sprechzeiten: (tel. nur mobil erreichbar)
c/o AG Darmstadt
IBAN:DE27660908000004728599
Di. 12-13 Uhr, AG Darmstadt, RaumB019
Mathildenplatz 12
BIC:GENODE61BBB
Fr.10:30-11:30, AG Darmstadt, RaumB013
64283 Darmstadt
BBBank Karlsruhe
 Anlage zu GZ: St II 4 S 0229a KEVIZZ 2921832/25 (Bitte stets angeben)
Ergebnisse
zu der Anfrage von dem/der:
Obergerichtsvollzieher
Frank Schäfer
vom:
15.12.2025
Ihr AZ:
DR II 1870/25
mit folgenden Anhaltsdaten:
Name:
Nachname:
Ahmad
Vorname:
Labid
Geburtsdatum:
25.05.2001
Kontonummer:
N26 Bank SE
BAK-Nr.: 145827
Voltairestraße 8, 10179 Berlin
Trefferanzahl: 3
Kontonummer: DE41100110012624919180
Errichtungsdatum: 11.09.2019
Kontoinfo:
Auflösungsdatum:
Kontoinhaber
Geburtsdatum Seit
Bis
LABID AHMAD
25.05.2001
22.12.2019
FALKENWEG 7 64331 WEITERSTADT DEU
Kontonummer: DE91100110012811132575
Errichtungsdatum: 26.11.2023
Kontoinfo:
Auflösungsdatum:
Kontoinhaber
Geburtsdatum Seit
Bis
LABID AHMAD
25.05.2001
26.11.2023
FALKENWEG 7 64331 WEITERSTADT DEU
Kontonummer: DE91100110012811132575
Errichtungsdatum: 26.11.2023
Kontoinfo:
Auflösungsdatum:
Kontoinhaber
Geburtsdatum Seit
Bis
LABID AHMAD
25.05.2001
26.11.2023
FALKENWEG 7 64331 WEITERSTADT DEU
Anfrage von Obergerichtsvollzieher
Seite
1 von
2
Frank Schäfer (G06074) zu AZ DR II 1870/25
 Anlage zu GZ: St II 4 S 0229a KEVIZZ 2921832/25 (Bitte stets angeben)
Trade Republic Bank GmbH
BAK-Nr.: 150368
Brunnenstraße 19 21, 10119 Berlin
Trefferanzahl:
2
Kontonummer: 0829461801
Errichtungsdatum: 05.03.2021
Kontoinfo:
Auflösungsdatum:
Kontoinhaber
Geburtsdatum Seit
Bis
Labid Ahmad
25.05.2001
05.03.2021
Falkenweg 7, 64331 Weiterstadt DE
Kontonummer: DE30100123450829461801
Errichtungsdatum: 29.07.2024
Kontoinfo:
Auflösungsdatum:
Kontoinhaber
Geburtsdatum Seit
Bis
Labid Ahmad
25.05.2001
29.07.2024
Falkenweg 7, 64331 Weiterstadt DE
Klarna Bank AB, German Branch
BAK-Nr.: 157210
Chausseestr. 117, 10115 Berlin
Trefferanzahl: 1
Kontonummer: DE53100103004125963420
Errichtungsdatum: 23.04.2024
Kontoinfo:
Auflösungsdatum:
Kontoinhaber
Geburtsdatum Seit
Bis
Labid Ahmad
25.05.2001
23.04.2024
29.07.2024
Falkenweg 7 64331 Weiterstadt
Labid Ahmad
25.05.2001
29.07.2024
Falkenweg 7 64331 Weiterstadt
Revolut Bank UAB, Zweigniederlassung Deutschland
BAK-Nr.:
161008
c/o FORA Linden Palais / Unter den Linden 40, 10117 Berlin
Trefferanzahl:
1
Kontonummer: DE16100101786625757646
Errichtungsdatum:
27.01.2025
Kontoinfo:
Auflösungsdatum:
Kontoinhaber
Geburtsdatum Seit
Bis
LABID AHMAD
25.05.2001
27.01.2025
DE Weiterstadt 64331 Franz-Seliger-Str. 10
Anfrage von Obergerichtsvollzieher
Seite
2 von
2
Frank Schäfer (G06074) zu AZ DR II 1870/25",drittauskunft,False,False,a338ba12-5c7b-5f29-a4a8-474e049cc3a9,3d667522-5dd5-504c-ba5e-705c680e06bc,20bd93c565add2380243bc51e5f7add4a64ba56de1c53b93dd00fd8fab4495af,s3://pair-data-engineering-new/ocr_prepared_output/20bd93c565add2380243bc51e5f7add4a64ba56de1c53b93dd00fd8fab4495af.json
data/aftercourt/drittauskunf_with_invoice/combined_pdf_bzst-signed_2025-12-19_dr-ii_188525_nachr_5_5_uebersendung_drittauskunft_an_glaeubiger20251222-311-10bhj0c.pdf,"<page_1>
Anlage zu GZ: St II 4 S 0229a KEVIZZ 2948091/25 (Bitte stets angeben)
Dieses Dokument ist signiert mit Sign Live! CC 7.1.14
von: König, Bianca
Zeitpunkt: 19.12.2025 09:59
Ergebnisse
zu der Anfrage von dem/der:
Obergerichtsvollzieherin
Bianca König
vom:
18.12.2025
Ihr AZ:
DR-II 1885_25_1
mit folgenden Anhaltsdaten:
Name:
Nachname:
Izzia
Vorname:
Salvatore
Geburtsdatum:
18.09.1979
Kontonummer:
DekaBank Deutsche Girozentrale
BAK-Nr.: 100426
Große Gallusstraße 14, 60315 Frankfurt
Trefferanzahl: 1
Kontonummer: 0237776901
Errichtungsdatum: 16.09.2022
Kontoinfo:
Auflösungsdatum:
Kontoinhaber
Geburtsdatum
Seit
Bis
Matilde Izzia
16.08.2010
16.09.2022
Lange Str. 25, 58636 Iserlohn DE
Verfügungsberechtigte
Geburtsdatum
Seit
Bis
Salvatore Izzia
18.09.1979
16.09.2022
Lange Str. 25, 58636 Iserlohn DE
Rosa Campanaro
10.04 16.09.2022
Lange Str. 25 58636 Iserlohn DE
Sparkasse Märkisches Sauerland, Hemer Menden
BAK-Nr.: 100853
Hauptstraße 206, 58675 Hemer
Trefferanzahl: 4
Kontonummer: DE66445512100001615731
Errichtungsdatum: 12.04.2024
Kontoinfo:
Auflösungsdatum:
Kontoinhaber
Geburtsdatum Seit
Bis
Salvatore Izzia
18.09.1979
12.04.2024
Lange Str. 25, 58636 Iserlohn
Verfügungsberechtigte
Geburtsdatum Seit
Bis
Rosa Cambanaro.
10
Lange Str. 58636 Iseriohn
Anfrage von Obergerichtsvollzieherin
Seite
1 von
4
Bianca König (G21233) zu AZ DR-II 1885_25_1
<page_2>
Anlage zu GZ: St II 4 S 0229a KEVIZZ 2948091/25 (Bitte stets angeben)
Kontonummer: DE41445512100001532761
Errichtungsdatum: 06.09.2022
Kontoinfo:
Auflösungsdatum:
Kontoinhaber
Geburtsdatum Seit
Bis
Matilde Izzia
16.08.2010
06.09.2022
Lange Str. 25, 58636 Iserlohn
Verfügungsberechtigte
Geburtsdatum Seit
Bis
10.04.1984- in 06.09.2022
Lange Str. 25, 586364serlohn
Salvatore Izzia
18.09.1979
06.09.2022
Lange Str. 25, 58636 Iserlohn
Kontonummer: DE63445512100001532753
Errichtungsdatum: 06.09.2022
Kontoinfo:
Auflösungsdatum:
Kontoinhaber
Geburtsdatum Seit
Bis
Matilde Izzia
16.08.2010
06.09.2022
Lange Str. 25, 58636 Iserlohn
Verfügungsberechtigte
Geburtsdatum Seit
Bis
Campanaro
10.04.1984 06.09.2022
Lange Str. 25, 58636 Iserlohn
Salvatore Izzia
18.09.1979
06.09.2022
Lange Str. 25, 58636 Iserlohn
Kontonummer: DE97445512100001633700
Errichtungsdatum: 29.07.2024
Kontoinfo:
Auflösungsdatum:
Kontoinhaber
Geburtsdatum Seit
Bis
Salvatore Izzia
18.09.1979
29.07.2024
Lange Str. 25, 58636 Iserlohn
Verfügungsberechtigte
Geburtsdatum Seit
Bis
Rosa Campanaro
10.04.1984
24.01.2025
Lange Iserlohn
Anfrage von Obergerichtsvollzieherin
Seite
2 von
4
Bianca König (G21233) zu AZ DR-II 1885_25_1
<page_3>
Anlage zu GZ: St II 4 S 0229a - KEVIZZ 2948091/25 (Bitte stets angeben)
Sparkasse der Stadt Iserlohn
BAK-Nr.: 100866
Schillerplatz 6, 58636 Iserlohn
Trefferanzahl: 1
Kontonummer: DE33445500450300737020
Errichtungsdatum: 17.08.2018
Kontoinfo:
Auflösungsdatum:
Kontoinhaber
Geburtsdatum Seit
Bis
Matilde Izzia
16.08.2010
17.08.2018
Lange Str. 25, 58636 Iserlohn
Verfügungsberechtigte
Geburtsdatum Seit
Bis
04 05.09.2018
ange Sit 25 Iserlohn
Salvatore Izzia
18.09.1979
17.08.2018
Lange Str. 25, 58636 Iserlohn
Märkische Bank eG
BAK-Nr.: 103260
Bahnhofstraße 21, 58095 Hagen, Westf
Trefferanzahl: 1
Kontonummer: DE73450600090040706200
Errichtungsdatum: 06.03.2023
Kontoinfo:
Auflösungsdatum:
Kontoinhaber
Geburtsdatum Seit
Bis
Fratelli Frate. Pedicillo Immobilien eGbR
04.03.2024
14.08.2025
Schwerter Str. 77 58099 Hagen
Fratelli Pedicillo Immobilien GbR
06.03.2023 04.03.2024
Schwerter Str. 77 58099 Hagen
Fratelli Pedicillo Immobilien eGbR
14.08.2025
Schwerter Str. 77 58099 Hagen
Verfügungsberechtigte
Geburtsdatum Seit
Bis
Simoy
17.04.2001
09.09.2024
63 58091 Hagen
Huser Feld 64 583 Herdecke
Salvatore Izzia
18.09.1979
14.05.2024
Lange Str. 25 58636 Iserlohn
Orazio Pedicillo
13.07.1970
06.03.2023 03.06.2024
Huserfeld
rdecke
15.09.1972
06.03.2023
Wubbers
gen-
Catia Carialino Pe dicillo
20.05.1972
29.01.2024
Wupperstr. 58097 Hagen
Anfrage von Obergerichtsvollzieherin
Seite
3 von
4
Bianca König (G21233) zu AZ DR-II 1885_25_1
<page_4>
Anlage zu GZ: St II 4 S 0229a KEVIZZ 2948091/25 (Bitte stets angeben)
Wirtschaftlich Berechtigte
Seit
Bis
Pedicillo
14.08.2025
Herdecke
4.08.2025
Wupperst 58097 Hagen
Volksbank Hohenlimburg eG
BAK-Nr.: 103284
Grünrockstraße 5, 58119 Hagen, Westf
Trefferanzahl: 1
Kontonummer: DE97450615244003713100
Errichtungsdatum: 04.08.2023
Kontoinfo:
Auflösungsdatum:
Kontoinhaber
Geburtsdatum Seit
Bis
Fratelli Pedicillo Service GmbH
04.08.2023
Schwerter Str. 77 58099 Hagen
Verfügungsberechtigte
Geburtsdatum Seit
Bis
Salvatore Izzia
18.09.1979
08.08.2023
Lange Str. 25 58636 Iserlohn
Orazio Pedicillo
13.07.1970 04.08.2023
Hi Feld 64 583 Herdecke
Fernando Pedicill
15.09.1972
.08.2023
Wupperstri 2 58097 Hagen
Wirtschaftlich Berechtigte
Seit
Bis
Orazio Pedicillo
04.08.2023
Peld 84 5831 Herdecke
EXPT
Fernando Pedicillo
04.08.2023
Wupperst Hagen
Anfrage von Obergerichtsvollzieherin
Seite
4 von
4
Bianca König (G21233) zu AZ DR-II 1885_25_1
<page_5>
Friedrichstr. 108-110
58636 Iserlohn (Amtsgericht)
Tel. 02372/5680247 + 0157/73563106
Bianca König
Obergerichtsvollzieherin
Urlaub 24.12.25 - 04.01.26
SPRECHSTUNDEN
Dienstag 09.00 10.00 Uhr
OGV König, Friedrichstr. 108-110, 58636 Iserlohn
Donnerstag 12.30 13.30 Uhr
Konrad-Adenauer-Ring 8
PAIR Finance GmbH
58636 Iserlohn
vertr. d. d. GF
Knesebeckstr. 62-63
10719 Berlin
DR-II 1885/25
BITTE BEI ALLEN SCHREIBEN
UND ZAHLUNGEN ANGEBEN
Ihr Zeichen: 175607610185
Datum: 19.12.2025
Sehr geehrte Damen und Herren
In der Zwangsvollstreckungssache E.ON Energie Deutschland GmbH vertr. d. d. GF,
Arnulfstr. 203, 80634 München
gegen Izzia, Salvatore, Lange Str. 25a, 58636 Iserlohn
übersende ich Ihnen anliegend antragsgemäß das Ergebnis der eingeholten Drittauskunft/Drittauskünfte
Sie werden darauf hingewiesen, dass gem. § 802 I Abs. 1 und 2 ZPO die Daten nur insoweit verwendet werden
dürfen, als sie zur Zwangsvollstreckung aus vorliegendem Rechtsverhältnis erforderlich sind. Die Daten dürfen
nicht für Inkasso- oder Vollstreckungszwecke in anderen Angelegenheiten verwendet werden.
Hochachtungsvoll
Kostenrechnung nach § 13 GVKostG an Auftraggeber:
E.ON Energie Deutschland GmbH vertr. d. d. GF
KV 440 Einholung Auskunft beim BZSt
15,60 €
KV 716 Auslagenpauschale zu §8021 ZPO
3,12 €
kein HB-Antrag 18.12.2025 V. 18.12.2025
48,68€
König
Summe:
67,40 €
Obergerichtsvollzieherin
Bitte überweisen Sie sofort
beim AG Iserlohn
Gegen diese Kostenrechnung kann schriftlich oder zu Protokoll der
Geschäftsstelle Erinnerung bei dem Amtsgericht Iserlohn, Friedrichstraße 108
110, 58636 Iserlohn oder dem Gerichtsvollzieher eingelegt werden.
3.3.1612
-
Bankverbindung Dienstkonto: IBAN: DE80 4401 0046 0291 0364 65 BIC: PBNKDEFF POSTBANK DORTMUND",True," Anlage zu GZ: St II 4 S 0229a KEVIZZ 2948091/25 (Bitte stets angeben)
Dieses Dokument ist signiert mit Sign Live! CC 7.1.14
von: König, Bianca
Zeitpunkt: 19.12.2025 09:59
Ergebnisse
zu der Anfrage von dem/der:
Obergerichtsvollzieherin
Bianca König
vom:
18.12.2025
Ihr AZ:
DR-II 1885_25_1
mit folgenden Anhaltsdaten:
Name:
Nachname:
Izzia
Vorname:
Salvatore
Geburtsdatum:
18.09.1979
Kontonummer:
DekaBank Deutsche Girozentrale
BAK-Nr.: 100426
Große Gallusstraße 14, 60315 Frankfurt
Trefferanzahl: 1
Kontonummer: 0237776901
Errichtungsdatum: 16.09.2022
Kontoinfo:
Auflösungsdatum:
Kontoinhaber
Geburtsdatum
Seit
Bis
Matilde Izzia
16.08.2010
16.09.2022
Lange Str. 25, 58636 Iserlohn DE
Verfügungsberechtigte
Geburtsdatum
Seit
Bis
Salvatore Izzia
18.09.1979
16.09.2022
Lange Str. 25, 58636 Iserlohn DE
Rosa Campanaro
10.04 16.09.2022
Lange Str. 25 58636 Iserlohn DE
Sparkasse Märkisches Sauerland, Hemer Menden
BAK-Nr.: 100853
Hauptstraße 206, 58675 Hemer
Trefferanzahl: 4
Kontonummer: DE66445512100001615731
Errichtungsdatum: 12.04.2024
Kontoinfo:
Auflösungsdatum:
Kontoinhaber
Geburtsdatum Seit
Bis
Salvatore Izzia
18.09.1979
12.04.2024
Lange Str. 25, 58636 Iserlohn
Verfügungsberechtigte
Geburtsdatum Seit
Bis
Rosa Cambanaro.
10
Lange Str. 58636 Iseriohn
Anfrage von Obergerichtsvollzieherin
Seite
1 von
4
Bianca König (G21233) zu AZ DR-II 1885_25_1
 Anlage zu GZ: St II 4 S 0229a KEVIZZ 2948091/25 (Bitte stets angeben)
Kontonummer: DE41445512100001532761
Errichtungsdatum: 06.09.2022
Kontoinfo:
Auflösungsdatum:
Kontoinhaber
Geburtsdatum Seit
Bis
Matilde Izzia
16.08.2010
06.09.2022
Lange Str. 25, 58636 Iserlohn
Verfügungsberechtigte
Geburtsdatum Seit
Bis
10.04.1984- in 06.09.2022
Lange Str. 25, 586364serlohn
Salvatore Izzia
18.09.1979
06.09.2022
Lange Str. 25, 58636 Iserlohn
Kontonummer: DE63445512100001532753
Errichtungsdatum: 06.09.2022
Kontoinfo:
Auflösungsdatum:
Kontoinhaber
Geburtsdatum Seit
Bis
Matilde Izzia
16.08.2010
06.09.2022
Lange Str. 25, 58636 Iserlohn
Verfügungsberechtigte
Geburtsdatum Seit
Bis
Campanaro
10.04.1984 06.09.2022
Lange Str. 25, 58636 Iserlohn
Salvatore Izzia
18.09.1979
06.09.2022
Lange Str. 25, 58636 Iserlohn
Kontonummer: DE97445512100001633700
Errichtungsdatum: 29.07.2024
Kontoinfo:
Auflösungsdatum:
Kontoinhaber
Geburtsdatum Seit
Bis
Salvatore Izzia
18.09.1979
29.07.2024
Lange Str. 25, 58636 Iserlohn
Verfügungsberechtigte
Geburtsdatum Seit
Bis
Rosa Campanaro
10.04.1984
24.01.2025
Lange Iserlohn
Anfrage von Obergerichtsvollzieherin
Seite
2 von
4
Bianca König (G21233) zu AZ DR-II 1885_25_1
 Anlage zu GZ: St II 4 S 0229a - KEVIZZ 2948091/25 (Bitte stets angeben)
Sparkasse der Stadt Iserlohn
BAK-Nr.: 100866
Schillerplatz 6, 58636 Iserlohn
Trefferanzahl: 1
Kontonummer: DE33445500450300737020
Errichtungsdatum: 17.08.2018
Kontoinfo:
Auflösungsdatum:
Kontoinhaber
Geburtsdatum Seit
Bis
Matilde Izzia
16.08.2010
17.08.2018
Lange Str. 25, 58636 Iserlohn
Verfügungsberechtigte
Geburtsdatum Seit
Bis
04 05.09.2018
ange Sit 25 Iserlohn
Salvatore Izzia
18.09.1979
17.08.2018
Lange Str. 25, 58636 Iserlohn
Märkische Bank eG
BAK-Nr.: 103260
Bahnhofstraße 21, 58095 Hagen, Westf
Trefferanzahl: 1
Kontonummer: DE73450600090040706200
Errichtungsdatum: 06.03.2023
Kontoinfo:
Auflösungsdatum:
Kontoinhaber
Geburtsdatum Seit
Bis
Fratelli Frate. Pedicillo Immobilien eGbR
04.03.2024
14.08.2025
Schwerter Str. 77 58099 Hagen
Fratelli Pedicillo Immobilien GbR
06.03.2023 04.03.2024
Schwerter Str. 77 58099 Hagen
Fratelli Pedicillo Immobilien eGbR
14.08.2025
Schwerter Str. 77 58099 Hagen
Verfügungsberechtigte
Geburtsdatum Seit
Bis
Simoy
17.04.2001
09.09.2024
63 58091 Hagen
Huser Feld 64 583 Herdecke
Salvatore Izzia
18.09.1979
14.05.2024
Lange Str. 25 58636 Iserlohn
Orazio Pedicillo
13.07.1970
06.03.2023 03.06.2024
Huserfeld
rdecke
15.09.1972
06.03.2023
Wubbers
gen-
Catia Carialino Pe dicillo
20.05.1972
29.01.2024
Wupperstr. 58097 Hagen
Anfrage von Obergerichtsvollzieherin
Seite
3 von
4
Bianca König (G21233) zu AZ DR-II 1885_25_1
 Anlage zu GZ: St II 4 S 0229a KEVIZZ 2948091/25 (Bitte stets angeben)
Wirtschaftlich Berechtigte
Seit
Bis
Pedicillo
14.08.2025
Herdecke
4.08.2025
Wupperst 58097 Hagen
Volksbank Hohenlimburg eG
BAK-Nr.: 103284
Grünrockstraße 5, 58119 Hagen, Westf
Trefferanzahl: 1
Kontonummer: DE97450615244003713100
Errichtungsdatum: 04.08.2023
Kontoinfo:
Auflösungsdatum:
Kontoinhaber
Geburtsdatum Seit
Bis
Fratelli Pedicillo Service GmbH
04.08.2023
Schwerter Str. 77 58099 Hagen
Verfügungsberechtigte
Geburtsdatum Seit
Bis
Salvatore Izzia
18.09.1979
08.08.2023
Lange Str. 25 58636 Iserlohn
Orazio Pedicillo
13.07.1970 04.08.2023
Hi Feld 64 583 Herdecke
Fernando Pedicill
15.09.1972
.08.2023
Wupperstri 2 58097 Hagen
Wirtschaftlich Berechtigte
Seit
Bis
Orazio Pedicillo
04.08.2023
Peld 84 5831 Herdecke
EXPT
Fernando Pedicillo
04.08.2023
Wupperst Hagen
Anfrage von Obergerichtsvollzieherin
Seite
4 von
4
Bianca König (G21233) zu AZ DR-II 1885_25_1
 Friedrichstr. 108-110
58636 Iserlohn (Amtsgericht)
Tel. 02372/5680247 + 0157/73563106
Bianca König
Obergerichtsvollzieherin
Urlaub 24.12.25 - 04.01.26
SPRECHSTUNDEN
Dienstag 09.00 10.00 Uhr
OGV König, Friedrichstr. 108-110, 58636 Iserlohn
Donnerstag 12.30 13.30 Uhr
Konrad-Adenauer-Ring 8
PAIR Finance GmbH
58636 Iserlohn
vertr. d. d. GF
Knesebeckstr. 62-63
10719 Berlin
DR-II 1885/25
BITTE BEI ALLEN SCHREIBEN
UND ZAHLUNGEN ANGEBEN
Ihr Zeichen: 175607610185
Datum: 19.12.2025
Sehr geehrte Damen und Herren
In der Zwangsvollstreckungssache E.ON Energie Deutschland GmbH vertr. d. d. GF,
Arnulfstr. 203, 80634 München
gegen Izzia, Salvatore, Lange Str. 25a, 58636 Iserlohn
übersende ich Ihnen anliegend antragsgemäß das Ergebnis der eingeholten Drittauskunft/Drittauskünfte
Sie werden darauf hingewiesen, dass gem. § 802 I Abs. 1 und 2 ZPO die Daten nur insoweit verwendet werden
dürfen, als sie zur Zwangsvollstreckung aus vorliegendem Rechtsverhältnis erforderlich sind. Die Daten dürfen
nicht für Inkasso- oder Vollstreckungszwecke in anderen Angelegenheiten verwendet werden.
Hochachtungsvoll
Kostenrechnung nach § 13 GVKostG an Auftraggeber:
E.ON Energie Deutschland GmbH vertr. d. d. GF
KV 440 Einholung Auskunft beim BZSt
15,60 €
KV 716 Auslagenpauschale zu §8021 ZPO
3,12 €
kein HB-Antrag 18.12.2025 V. 18.12.2025
48,68€
König
Summe:
67,40 €
Obergerichtsvollzieherin
Bitte überweisen Sie sofort
beim AG Iserlohn
Gegen diese Kostenrechnung kann schriftlich oder zu Protokoll der
Geschäftsstelle Erinnerung bei dem Amtsgericht Iserlohn, Friedrichstraße 108
110, 58636 Iserlohn oder dem Gerichtsvollzieher eingelegt werden.
3.3.1612
-
Bankverbindung Dienstkonto: IBAN: DE80 4401 0046 0291 0364 65 BIC: PBNKDEFF POSTBANK DORTMUND",drittauskunft,False,False,fe565737-faf8-56e4-89fd-c07e1c6945c8,0ec59f78-6ea5-5085-88ae-1367f3f02895,02d84a0862273ee852cb5eaa1a42830cb8f5289e9ff7c4ae530f6cfddabbdbc3,s3://pair-data-engineering-new/ocr_prepared_output/02d84a0862273ee852cb5eaa1a42830cb8f5289e9ff7c4ae530f6cfddabbdbc3.json
data/aftercourt/drittauskunf_with_invoice/Dokumente_238025_17122025_14321320251218-312-97pbhe.pdf,"<page_1>
Thomas Vetter
Johann-Ruland-Weg 9
Gerichtsvollzieher
50126 Bergheim
Sprechstunden:
Hinweis: Das Büro ist vom 22.12.25
Mo.: 14:00 15:00 Uhr
05.01.26 geschlossen!
Do.: 10:00 11:00 Uhr
0179 4460968
thomas.vetter@ag-bergheim.nrw.de
Abs. GV T. Vetter Johann-Ruland-Weg 9 50126 Bergheim
EGVP-Nutzer-ID für ERV:
DE.Justiz.9ece73d1-91a8-4cc9-b3a4-
PAIR Finance GmbH
b540ae3c04aa.9a87
Knesebeckstraße 62 63
Dienstkonto:
10719 Berlin
Thomas Vetter
IBAN: DE57 3706 2365 2021 5850 01
BIC: GENODED1FHH
VB Rhein-Erft-Köln
DR II 2380/25
Bitte bei allen Schreiben
und Zahlungen angeben!
171128161881
Bergheim, 17.12.2025
Zwangsvollstreckungssache
E.ON Energie Deutschland GmbH, Arnulfstraße 203, 80634 München
vertreten durch: PAIR Finance GmbH, Knesebeckstraße 62 63, 10719 Berlin, Az.171128161881
gegen
Frau Arzu Mirza Kyzy Kazimova, Am Gillbach 16, 50129 Bergheim
Sehr geehrte Damen und Herren,
in obiger Sache ist die Schuldnerin zum Termin (Montag, 17. November 2025, um 14:30 Uhr) zwecks Abgabe der
Vermögensauskunft nicht erschienen.
Anliegend erhalten Sie wie von Ihnen beantragt:
Auskunft vom Bundeszentralamt für Steuern
Die erlangten Angaben dürfen nur zu Vollstreckungszwecken verwendet werden. Nach Zweckerreichung
(insbesondere bei vollständiger Zahlung) sind die Daten zu löschen.
Die nachstehenden Kosten überweisen Sie bitte binnen einer Woche auf obiges Dienstkonto.
Mit freundlichen Grüßen
Kostenrechnung gem. GVKostG (KV=Kostenverzeichnis)
KV100 Persönliche Zustellung
12,00 €
KV208 Versuch e. gütl. Erledigung
9,60 €
KV440 Einholung einer Auskunft
15,60 €
KV604(260) Nicht erl. Vermögensaus..
18,00 €
Vetter
KV700 Dokumentenpauschale (7 S.)
3,50 €
Gerichtsvollzieher
KV701 Entgelte für Zustellungen
5,62 €
beim Amtsgericht Bergheim
KV711 Wegegeld (bis 10km)
3,25 €
KV716 Auslagenpauschale
11,04€
Summe
78,61€
Kostenschuldner gem. §13 GVKostG ist E.ON Energie Deutschland
GmbH
Rechtsbehelfsbelehrung: Gegen diese Kostenrechnung kann Erinnerung bei dem Amtsgericht Bergheim, Kennedystraße 2, 50126 Bergheim, schriftlich oder zu
Protokoll der Geschäftsstelle eingelegt werden. Der Rechtsbehelf kann auch als elektronisches Dokument eingereicht werden. Das elektronische Dokument muss für
die Bearbeitung durch das Gericht gemäß §§ 2 und 5 der Elektronischer-Rechtsverkehr-Verordnung ERVV geeignet sein. Eine einfache E-Mail genügt den
gesetzlichen Anforderungen nicht. Rechtsbehelfe, die durch einen Rechtsanwalt, durch eine Behörde oder durch eine juristische Person des öffentlichen Rechts
einschließlich der von ihr zur Erfüllung ihrer öffentlichen Aufgaben gebildeten Zusammenschlüsse eingereicht werden, sind als elektronisches Dokument einzureichen.
Das elektronische Dokument muss
1. mit einer qualifizierten elektronischen Signatur der verantwortenden Person versehen sein und gemäß § 4 ERVV übermittelt werden, wobei mehrere elektronische
Dokumente nicht mit einer gemeinsamen qualifizierten elektronischen Signatur übermittelt werden dürfen, oder
2. von der verantwortenden Person signiert und auf einem der sicheren Übermittlungswege, die in § 130a Absatz 4 ZPO abschließend aufgeführt sind eingereicht
werden.
DR II 2380/25, Seite 1
<page_2>
Informationen hierzu können über das Internetportal https://justiz.de/laender-bund-europa/elektronische_kommunikation/index.php aufgerufer werden.
Informationen zur Verarbeitung personenbezogener Daten in Rechtssachen durch die Justiz Nordrhein-Westfalen finden Sie unter
www.justiz.nrw/datenschutz/rechtssachen. Informationen in Papierform erhalten Sie gern auf Anfrage.
DR II 2380/25, Seite 2
<page_3>
Anlage zu GZ: St II 4 - S 0229a KEVIZZ 2736345/25 (Bitte stets angeben)
Ergebnisse
zu der Anfrage von dem/der:
Gerichtsvollzieher
Thomas Vetter
vom:
21.11.2025
Ihr AZ:
DR Il 2380/25
mit folgenden Anhaltsdaten:
Name:
Nachname:
Kazimova
Vorname:
Arzu
Geburtsdatum:
01.05.1983
Kontonummer:
Kreissparkasse Köln
BAK-Nr.: 100871
Neumarkt 18/24, 50667 Köln
Trefferanzahl: 3
Kontonummer: DE26370502991146111108
Errichtungsdatum: 28.06.2022
Kontoinfo:
Auflösungsdatum:
Kontoinhaber
Geburtsdatum
Seit
Bis
Aysun Kazimova
01.10.2008
28.06.2022
23.04.2024
Elsternstr. 12, 50189 Elsdorf
Aysun Kazimova
01.10.2008
23.04.2024
Am Gillbach 16, 50129 Bergheim
Verfügungsberechtigte
Geburtsdatum
Seit
Bis
Arzu Kazimova
01.05.1983
28.06.2022
22.04.2024
Elsternstr. 12, 50189 Elsdorf
Arzu Kazimova
01.05.1983
22.04.2024
Am Gillbach 16, 50129 Bergheim
Kontonummer: DE87370502991146097594
Errichtungsdatum: 02.05.2019
Kontoinfo:
Auflösungsdatum:
Kontoinhaber
Geburtsdatum
Seit
Bis
Arzu Kazimova
01.05.1983
20.01.2020
22.04.2024
Elsternstr. 12, 50189 Elsdorf
Arzu Kazimova
01.05.1983
22.04.2024
Am Gillbach 16, 50129 Bergheim
Anfrage von Gerichtsvollzieher
Seite
1 von
2
Thomas Vetter (G21226) zu AZ DR II 2380/25
<page_4>
Anlage zu GZ: St II 4 - S 0229a KEVIZZ 2736345/25 (Bitte stets angeben)
Kontonummer: DE42370502991146111111
Errichtungsdatum: 28.06.2022
Kontoinfo:
Auflösungsdatum:
Kontoinhaber
Geburtsdatum
Seit
Bis
Leyla Kazimova
05.07.2006
28.06.2022
22.04.2024
Elsternstr. 12, 50189 Elsdorf
Leyla Kazimova
05.07.2006
22.04.2024
Am Gillbach 16, 50129 Bergheim
Verfügungsberechtigte
Geburtsdatum
Seit
Bis
Arzu Kazimova
01.05.1983
28.06.2022
22.04.2024
Elsternstr. 12, 50189 Elsdorf
Arzu Kazimova
01.05.1983
22.04.2024
05.07.2024
Am Gillbach 16, 50129 Bergheim
Anfrage von Gerichtsvollzieher
Seite
2 von
2
Thomas Vetter (G21226) zu AZ DR II 2380/25",True," Thomas Vetter
Johann-Ruland-Weg 9
Gerichtsvollzieher
50126 Bergheim
Sprechstunden:
Hinweis: Das Büro ist vom 22.12.25
Mo.: 14:00 15:00 Uhr
05.01.26 geschlossen!
Do.: 10:00 11:00 Uhr
0179 4460968
thomas.vetter@ag-bergheim.nrw.de
Abs. GV T. Vetter Johann-Ruland-Weg 9 50126 Bergheim
EGVP-Nutzer-ID für ERV:
DE.Justiz.9ece73d1-91a8-4cc9-b3a4-
PAIR Finance GmbH
b540ae3c04aa.9a87
Knesebeckstraße 62 63
Dienstkonto:
10719 Berlin
Thomas Vetter
IBAN: DE57 3706 2365 2021 5850 01
BIC: GENODED1FHH
VB Rhein-Erft-Köln
DR II 2380/25
Bitte bei allen Schreiben
und Zahlungen angeben!
171128161881
Bergheim, 17.12.2025
Zwangsvollstreckungssache
E.ON Energie Deutschland GmbH, Arnulfstraße 203, 80634 München
vertreten durch: PAIR Finance GmbH, Knesebeckstraße 62 63, 10719 Berlin, Az.171128161881
gegen
Frau Arzu Mirza Kyzy Kazimova, Am Gillbach 16, 50129 Bergheim
Sehr geehrte Damen und Herren,
in obiger Sache ist die Schuldnerin zum Termin (Montag, 17. November 2025, um 14:30 Uhr) zwecks Abgabe der
Vermögensauskunft nicht erschienen.
Anliegend erhalten Sie wie von Ihnen beantragt:
Auskunft vom Bundeszentralamt für Steuern
Die erlangten Angaben dürfen nur zu Vollstreckungszwecken verwendet werden. Nach Zweckerreichung
(insbesondere bei vollständiger Zahlung) sind die Daten zu löschen.
Die nachstehenden Kosten überweisen Sie bitte binnen einer Woche auf obiges Dienstkonto.
Mit freundlichen Grüßen
Kostenrechnung gem. GVKostG (KV=Kostenverzeichnis)
KV100 Persönliche Zustellung
12,00 €
KV208 Versuch e. gütl. Erledigung
9,60 €
KV440 Einholung einer Auskunft
15,60 €
KV604(260) Nicht erl. Vermögensaus..
18,00 €
Vetter
KV700 Dokumentenpauschale (7 S.)
3,50 €
Gerichtsvollzieher
KV701 Entgelte für Zustellungen
5,62 €
beim Amtsgericht Bergheim
KV711 Wegegeld (bis 10km)
3,25 €
KV716 Auslagenpauschale
11,04€
Summe
78,61€
Kostenschuldner gem. §13 GVKostG ist E.ON Energie Deutschland
GmbH
Rechtsbehelfsbelehrung: Gegen diese Kostenrechnung kann Erinnerung bei dem Amtsgericht Bergheim, Kennedystraße 2, 50126 Bergheim, schriftlich oder zu
Protokoll der Geschäftsstelle eingelegt werden. Der Rechtsbehelf kann auch als elektronisches Dokument eingereicht werden. Das elektronische Dokument muss für
die Bearbeitung durch das Gericht gemäß §§ 2 und 5 der Elektronischer-Rechtsverkehr-Verordnung ERVV geeignet sein. Eine einfache E-Mail genügt den
gesetzlichen Anforderungen nicht. Rechtsbehelfe, die durch einen Rechtsanwalt, durch eine Behörde oder durch eine juristische Person des öffentlichen Rechts
einschließlich der von ihr zur Erfüllung ihrer öffentlichen Aufgaben gebildeten Zusammenschlüsse eingereicht werden, sind als elektronisches Dokument einzureichen.
Das elektronische Dokument muss
1. mit einer qualifizierten elektronischen Signatur der verantwortenden Person versehen sein und gemäß § 4 ERVV übermittelt werden, wobei mehrere elektronische
Dokumente nicht mit einer gemeinsamen qualifizierten elektronischen Signatur übermittelt werden dürfen, oder
2. von der verantwortenden Person signiert und auf einem der sicheren Übermittlungswege, die in § 130a Absatz 4 ZPO abschließend aufgeführt sind eingereicht
werden.
DR II 2380/25, Seite 1
 Informationen hierzu können über das Internetportal https://justiz.de/laender-bund-europa/elektronische_kommunikation/index.php aufgerufer werden.
Informationen zur Verarbeitung personenbezogener Daten in Rechtssachen durch die Justiz Nordrhein-Westfalen finden Sie unter
www.justiz.nrw/datenschutz/rechtssachen. Informationen in Papierform erhalten Sie gern auf Anfrage.
DR II 2380/25, Seite 2
 Anlage zu GZ: St II 4 - S 0229a KEVIZZ 2736345/25 (Bitte stets angeben)
Ergebnisse
zu der Anfrage von dem/der:
Gerichtsvollzieher
Thomas Vetter
vom:
21.11.2025
Ihr AZ:
DR Il 2380/25
mit folgenden Anhaltsdaten:
Name:
Nachname:
Kazimova
Vorname:
Arzu
Geburtsdatum:
01.05.1983
Kontonummer:
Kreissparkasse Köln
BAK-Nr.: 100871
Neumarkt 18/24, 50667 Köln
Trefferanzahl: 3
Kontonummer: DE26370502991146111108
Errichtungsdatum: 28.06.2022
Kontoinfo:
Auflösungsdatum:
Kontoinhaber
Geburtsdatum
Seit
Bis
Aysun Kazimova
01.10.2008
28.06.2022
23.04.2024
Elsternstr. 12, 50189 Elsdorf
Aysun Kazimova
01.10.2008
23.04.2024
Am Gillbach 16, 50129 Bergheim
Verfügungsberechtigte
Geburtsdatum
Seit
Bis
Arzu Kazimova
01.05.1983
28.06.2022
22.04.2024
Elsternstr. 12, 50189 Elsdorf
Arzu Kazimova
01.05.1983
22.04.2024
Am Gillbach 16, 50129 Bergheim
Kontonummer: DE87370502991146097594
Errichtungsdatum: 02.05.2019
Kontoinfo:
Auflösungsdatum:
Kontoinhaber
Geburtsdatum
Seit
Bis
Arzu Kazimova
01.05.1983
20.01.2020
22.04.2024
Elsternstr. 12, 50189 Elsdorf
Arzu Kazimova
01.05.1983
22.04.2024
Am Gillbach 16, 50129 Bergheim
Anfrage von Gerichtsvollzieher
Seite
1 von
2
Thomas Vetter (G21226) zu AZ DR II 2380/25
 Anlage zu GZ: St II 4 - S 0229a KEVIZZ 2736345/25 (Bitte stets angeben)
Kontonummer: DE42370502991146111111
Errichtungsdatum: 28.06.2022
Kontoinfo:
Auflösungsdatum:
Kontoinhaber
Geburtsdatum
Seit
Bis
Leyla Kazimova
05.07.2006
28.06.2022
22.04.2024
Elsternstr. 12, 50189 Elsdorf
Leyla Kazimova
05.07.2006
22.04.2024
Am Gillbach 16, 50129 Bergheim
Verfügungsberechtigte
Geburtsdatum
Seit
Bis
Arzu Kazimova
01.05.1983
28.06.2022
22.04.2024
Elsternstr. 12, 50189 Elsdorf
Arzu Kazimova
01.05.1983
22.04.2024
05.07.2024
Am Gillbach 16, 50129 Bergheim
Anfrage von Gerichtsvollzieher
Seite
2 von
2
Thomas Vetter (G21226) zu AZ DR II 2380/25",drittauskunft,False,False,d87c35ce-1ba8-50dc-8338-7c3617b82d94,c322aca7-829a-5739-a1fe-a6d62684096a,0892385a2609eda3c819ff07752cf6e019f59f5e62ffcb871e743bd09462cebc,s3://pair-data-engineering-new/ocr_prepared_output/0892385a2609eda3c819ff07752cf6e019f59f5e62ffcb871e743bd09462cebc.json
data/aftercourt/drittauskunf_with_invoice/combined_pdf_DR_II_2159_25_Information_Kontenabrufersuchen_3_Dokument_215925_18122025_09132920251218-312-txlij7.pdf,"<page_1>
Bundeszentralamt
für Steuern
POSTANSCHRIFT
Bundeszentralamt für Steuern, 11055 Berlin
HAUSANSCHRIFT
DGZ-Ring 12, 13086 Berlin
BEARBEITET VON
Gerichtsvollzieher
Michael Deike
Steuerabteilung National
Kontenabrufverfahren
TEL
+49 (0) 2 28 40 6-3600
FAX
+49 (0) 2 28 40 6-4408
E-MAIL
kontenabruf@bzst.bund.de
INTERNET
www.bzst.bund.de
BETREFF
Kontenabrufersuchen nach §§ 93, 93b Abgabenordnung (AO)
BEZUG
Ihr Kontenabrufersuchen vom 15.12.2025 AZ: DR Il 2159/25
ANLAGEN
1
GZ
St II 4 S 0229a KEVIZZ 2918705/25
(bei Antwort bitte angeben)
DATUM
16.12.2025
Ihr oben genanntes Kontenabrufersuchen ist im Rahmen des automatisierten Abrufs von
Kontoinformationen bearbeitet worden. Die Ergebnisse dieses Abrufs entnehmen Sie bitte der
nachfolgenden Anlage.
Bitte beachten Sie
dass die Verantwortung für die Zulässigkeit des Datenabrufs und die Datenübermittlung die
ersuchende Behörde trägt (§ 93b Abs. 3 AO),
die Informations- und Dokumentationspflichten gemäß § 93 Abs. 9 und 10 AO sowie den
Anwendungserlass zur Abgabenordnung (AEAO),
dass die Kontenstammdaten in der Datei nach § 24c Kreditwesengesetz (KWG) durch die
beteiligten Kreditinstitute vorgehalten werden. Ich kann deshalb keine Haftung dafür
übernehmen, dass die im Rahmen des Kontenabrufs mitgeteilten Daten vollständig und
inhaltlich korrekt sind.
Zum Inhalt des Ergebnisses bemerke ich folgendes:
Aufgrund der gesetzlichen Vorgabe der Unterscheidungsmerkmale in den von den Kreditinstituten
zu führenden Dateien kann die Identität der gemeldeten Personen immer nur im Hinblick auf die
Merkmale Name und Geburtsdatum für die Kontoinhaber und Verfügungsberechtigten bzw. Name
und Anschrift für die abweichend wirtschaftlich Berechtigten festgestellt werden. Insofern muss das
übermittelte Abrufergebnis trotz Übereinstimmung des Namens und des Geburtsdatums nicht
zwingend mit der von Ihnen abgefragten Person identisch sein. Das gilt auch für
Firmenbezeichnungen. Die auf dem Kontenabrufersuchen gleichwohl anzugebende Anschrift des
Kontoinhabers oder des Verfügungsberechtigten wird nicht in die Abfrage einbezogen.
<page_2>
Bundeszentralamt
für Steuern
Bei Rückfragen bitte ich Sie, zunächst die FAQ (häufige Fragen) zu beachten, die Sie auf der
Homepage des BZSt unter http://www.bzst.bund.de oder, sofern Sie für die Verwaltung der
Grundsicherung für Arbeitsuchende nach dem Zweiten Buch Sozialgesetzbuch zuständig sind, im
Intranet der Bundesagentur für Arbeit finden. Sie können sich aber auch an die oben angegebene
Telefonnummer wenden.
Dieses Anschreiben wurde automatisch erstellt und ist ohne Unterschrift gültig.
<page_3>
Anlage zu GZ: St Il 4 - S 0229a KEVIZZ 2918705/25 (Bitte stets angeben)
Ergebnisse
zu der Anfrage von dem/der:
Gerichtsvollzieher
Michael Deike
vom:
15.12.2025
Ihr AZ:
DR II 2159/25
mit folgenden Anhaltsdaten:
Name:
Nachname:
Or
Vorname:
Emine
Geburtsdatum:
26.08.1981
Kontonummer:
BAK-Nr.:
Trefferanzahl:
Kontonummer:
Errichtungsdatum:
Kontoinfo:
Auflösungsdatum:
Kontoinhaber
Geburtsdatum Seit
Bis
Fevzi Or
Wilhelmstr. 20, 10963 Berlin
Verfügungsberechtigte
Geburtsdatum Seit
Bis
Emine Or
26.08.1981
06.05.2021
Wilhelmstr. 20, 10963 Berlin
BSK 1818 AG
BAK-Nr.: 100432
Alexanderplatz 2, 10178 Berlin
Trefferanzahl: 1
Kontonummer: DE85100500006011648990
Errichtungsdatum: 28.02.2007
Kontoinfo:
Auflösungsdatum:
Kontoinhaber
Geburtsdatum Seit
Bis
Emine Or
26.08.1981
31.03.2014
.
Wilhelmstr. 20, 10963 Berlin
Anfrage von Gerichtsvollzieher
Seite
1 von
1
Michael Deike (G11358) zu AZ DR II 2159/25
<page_4>
M. Deike
Segelfliegerdamm 89
Gerichtsvollzieher
12487 Berlin
E-Mail: gv-m.deike@gvjustiz.de
Sprechstunden:
Di. 09:00 - 10:00Uhr
Mein Büro ist vom 22.12. bis einschließlich
Mi. 12:00 - 13:00Uhr
30.12.2025 geschlossen
Telefon 030-41192616 / 01736156469
Telefax 030-41718336
EGVP-Nutzer-ID für ERV:
Abs. Gerichtsvollzieher M. Deike, Segelfliegerdamm 89, 12487
DE.Justiz.f3b5619c-b953-47d9-baa8-
Berlin
d22be3b22a0a.8bac
Dienstkonto:
Firma
Empfänger: M. Deike
Pair Finance GmbH
IBAN: DE25 6609 0800 4718
vertr. d.d. GF
BIC: GENODE61BBB
Knesebeckstrasse 62-63
Bank: BBBank Karlsruhe
10719 Berlin
DR II 2159/25
Bitte bei Schreiben und Zahlungen angeben!
127973513550
Berlin, 18.12.2025
Zwangsvollstreckungssache
Firma Liquandum Capital GmbH, vertr. d.d. GF, Knesebeckstrasse 62-63, 10719 Berlin
vertreten durch: Firma Pair Finance GmbH, vertr. d.d. GF, Knesebeckstrasse 62-63, 10719 Berlin, Az.127973513550
gegen
Frau Emine Or, Wilhelmstraße 20, 10963 Berlin
Sehr geehrte Damen und Herren,
in obiger Sache ist die Schuldnerin zum Termin (Dienstag, 9. Dezember 2025, um 10:15 Uhr) zwecks Abgabe der
Vermögensauskunft nicht erschienen.
Anliegend erhalten Sie wie von Ihnen beantragt:
Auskunft vom Bundeszentralamt für Steuern
Daten, die für die Zwecke der Vollstreckung nicht erforderlich sind, wurden aus der Auskunft entfernt.
Die erlangten Angaben dürfen nur zu Vollstreckungszwecken verwendet werden. Nach Zweckerreichung
(insbesondere bei vollständiger Zahlung) sind die Daten zu löschen. Sie haben nunmehr die Möglichkeit, beim
Amtsgericht Kreuzberg den Erlass eines Haftbefehls gegen die Schuldnerin zu beantragen. Liegt Ihnen der
Haftbefehl vor, können Sie bei mir die Verhaftung der Schuldnerin zwecks Abgabe der eidesstattlichen Versicherung
/ Vermögensauskunft beantragen. Diesem Verhaftungsantrag fügen Sie bitte eine aktuelle Forderungsaufstellung
bei.
Die nachstehenden Kosten überweisen Sie bitte binnen zwei Wochen auf mein obiges Dienstkonto.
Mit freundlichen Grüßen
Kostenrechnung gem. GVKostG (KV=Kostenverzeichnis)
KV102 Sonstige Zustellung
3,60 €
KV208 Versuch e. gütl. Erledigung
9,60 €
M. Dake
KV440 Einholung einer Auskunft
15,60 €
KV604(260) Nicht erl. Vermögensaus..
18,00€
KV701 Entgelte für Zustellungen (2x)
11,24€
Deike
KV716 Auslagenpauschale
9,36 €
Gerichtsvollzieher
Summe
67,40 €
beim Amtsgericht Kreuzberg
Kostenschuldner gem. §13 GVKostG ist Liquandum Capital GmbH
Rechtsbehelfsbelehrung: Gegen diese Kostenrechnung kann Erinnerung bei dem Amtsgericht Kreuzberg Möckernstrasse 130, 10963 Berlin schriftlich oder zu
Protokoll der Geschäftsstelle eingelegt werden. Der Rechtsbehelf kann auch als elektronisches Dokument eingereicht werden. Das elektronische Dokument muss für
die Bearbeitung durch das Gericht gemäß §§ 2 und 5 der Elektronischer-Rechtsverkehr-Verordnung ERVV) geeignet sein. Eine einfache E-Mail genügt den
gesetzlichen Anforderungen nicht. Rechtsbehelfe, die durch einen Rechtsanwalt, durch eine Behörde oder durch eine juristische Person des öffentlichen Rechts
einschließlich der von ihr zur Erfüllung ihrer öffentlichen Aufgaben gebildeten Zusammenschlüsse eingereicht werden, sind als elektronisches Dokument einzureichen.
Das elektronische Dokument muss
1. mit einer qualifizierten elektronischen Signatur der verantwortenden Person versehen sein und gemäß § 4 ERVV übermittelt werden, wobei mehrere elektronische
Dokumente nicht mit einer gemeinsamen qualifizierten elektronischen Signatur übermittelt werden dürfen, oder
2. von der verantwortenden Person signiert und auf einem der sicheren Übermittlungswege, die in § 130a Absatz 4 ZPO abschließend aufgeführt sind eingereicht
werden.
Informationen hierzu können über das Internetportal https://justiz.de/laender-bund-europa/elektronische_kommunikation/index.php aufgerufen werden.
DR II 2159/25, Seite 1
<page_5>
DR II 2159/25, Seite 2",True," Bundeszentralamt
für Steuern
POSTANSCHRIFT
Bundeszentralamt für Steuern, 11055 Berlin
HAUSANSCHRIFT
DGZ-Ring 12, 13086 Berlin
BEARBEITET VON
Gerichtsvollzieher
Michael Deike
Steuerabteilung National
Kontenabrufverfahren
TEL
+49 (0) 2 28 40 6-3600
FAX
+49 (0) 2 28 40 6-4408
E-MAIL
kontenabruf@bzst.bund.de
INTERNET
www.bzst.bund.de
BETREFF
Kontenabrufersuchen nach §§ 93, 93b Abgabenordnung (AO)
BEZUG
Ihr Kontenabrufersuchen vom 15.12.2025 AZ: DR Il 2159/25
ANLAGEN
1
GZ
St II 4 S 0229a KEVIZZ 2918705/25
(bei Antwort bitte angeben)
DATUM
16.12.2025
Ihr oben genanntes Kontenabrufersuchen ist im Rahmen des automatisierten Abrufs von
Kontoinformationen bearbeitet worden. Die Ergebnisse dieses Abrufs entnehmen Sie bitte der
nachfolgenden Anlage.
Bitte beachten Sie
dass die Verantwortung für die Zulässigkeit des Datenabrufs und die Datenübermittlung die
ersuchende Behörde trägt (§ 93b Abs. 3 AO),
die Informations- und Dokumentationspflichten gemäß § 93 Abs. 9 und 10 AO sowie den
Anwendungserlass zur Abgabenordnung (AEAO),
dass die Kontenstammdaten in der Datei nach § 24c Kreditwesengesetz (KWG) durch die
beteiligten Kreditinstitute vorgehalten werden. Ich kann deshalb keine Haftung dafür
übernehmen, dass die im Rahmen des Kontenabrufs mitgeteilten Daten vollständig und
inhaltlich korrekt sind.
Zum Inhalt des Ergebnisses bemerke ich folgendes:
Aufgrund der gesetzlichen Vorgabe der Unterscheidungsmerkmale in den von den Kreditinstituten
zu führenden Dateien kann die Identität der gemeldeten Personen immer nur im Hinblick auf die
Merkmale Name und Geburtsdatum für die Kontoinhaber und Verfügungsberechtigten bzw. Name
und Anschrift für die abweichend wirtschaftlich Berechtigten festgestellt werden. Insofern muss das
übermittelte Abrufergebnis trotz Übereinstimmung des Namens und des Geburtsdatums nicht
zwingend mit der von Ihnen abgefragten Person identisch sein. Das gilt auch für
Firmenbezeichnungen. Die auf dem Kontenabrufersuchen gleichwohl anzugebende Anschrift des
Kontoinhabers oder des Verfügungsberechtigten wird nicht in die Abfrage einbezogen.
 Bundeszentralamt
für Steuern
Bei Rückfragen bitte ich Sie, zunächst die FAQ (häufige Fragen) zu beachten, die Sie auf der
Homepage des BZSt unter http://www.bzst.bund.de oder, sofern Sie für die Verwaltung der
Grundsicherung für Arbeitsuchende nach dem Zweiten Buch Sozialgesetzbuch zuständig sind, im
Intranet der Bundesagentur für Arbeit finden. Sie können sich aber auch an die oben angegebene
Telefonnummer wenden.
Dieses Anschreiben wurde automatisch erstellt und ist ohne Unterschrift gültig.
 Anlage zu GZ: St Il 4 - S 0229a KEVIZZ 2918705/25 (Bitte stets angeben)
Ergebnisse
zu der Anfrage von dem/der:
Gerichtsvollzieher
Michael Deike
vom:
15.12.2025
Ihr AZ:
DR II 2159/25
mit folgenden Anhaltsdaten:
Name:
Nachname:
Or
Vorname:
Emine
Geburtsdatum:
26.08.1981
Kontonummer:
BAK-Nr.:
Trefferanzahl:
Kontonummer:
Errichtungsdatum:
Kontoinfo:
Auflösungsdatum:
Kontoinhaber
Geburtsdatum Seit
Bis
Fevzi Or
Wilhelmstr. 20, 10963 Berlin
Verfügungsberechtigte
Geburtsdatum Seit
Bis
Emine Or
26.08.1981
06.05.2021
Wilhelmstr. 20, 10963 Berlin
BSK 1818 AG
BAK-Nr.: 100432
Alexanderplatz 2, 10178 Berlin
Trefferanzahl: 1
Kontonummer: DE85100500006011648990
Errichtungsdatum: 28.02.2007
Kontoinfo:
Auflösungsdatum:
Kontoinhaber
Geburtsdatum Seit
Bis
Emine Or
26.08.1981
31.03.2014
.
Wilhelmstr. 20, 10963 Berlin
Anfrage von Gerichtsvollzieher
Seite
1 von
1
Michael Deike (G11358) zu AZ DR II 2159/25
 M. Deike
Segelfliegerdamm 89
Gerichtsvollzieher
12487 Berlin
E-Mail: gv-m.deike@gvjustiz.de
Sprechstunden:
Di. 09:00 - 10:00Uhr
Mein Büro ist vom 22.12. bis einschließlich
Mi. 12:00 - 13:00Uhr
30.12.2025 geschlossen
Telefon 030-41192616 / 01736156469
Telefax 030-41718336
EGVP-Nutzer-ID für ERV:
Abs. Gerichtsvollzieher M. Deike, Segelfliegerdamm 89, 12487
DE.Justiz.f3b5619c-b953-47d9-baa8-
Berlin
d22be3b22a0a.8bac
Dienstkonto:
Firma
Empfänger: M. Deike
Pair Finance GmbH
IBAN: DE25 6609 0800 4718
vertr. d.d. GF
BIC: GENODE61BBB
Knesebeckstrasse 62-63
Bank: BBBank Karlsruhe
10719 Berlin
DR II 2159/25
Bitte bei Schreiben und Zahlungen angeben!
127973513550
Berlin, 18.12.2025
Zwangsvollstreckungssache
Firma Liquandum Capital GmbH, vertr. d.d. GF, Knesebeckstrasse 62-63, 10719 Berlin
vertreten durch: Firma Pair Finance GmbH, vertr. d.d. GF, Knesebeckstrasse 62-63, 10719 Berlin, Az.127973513550
gegen
Frau Emine Or, Wilhelmstraße 20, 10963 Berlin
Sehr geehrte Damen und Herren,
in obiger Sache ist die Schuldnerin zum Termin (Dienstag, 9. Dezember 2025, um 10:15 Uhr) zwecks Abgabe der
Vermögensauskunft nicht erschienen.
Anliegend erhalten Sie wie von Ihnen beantragt:
Auskunft vom Bundeszentralamt für Steuern
Daten, die für die Zwecke der Vollstreckung nicht erforderlich sind, wurden aus der Auskunft entfernt.
Die erlangten Angaben dürfen nur zu Vollstreckungszwecken verwendet werden. Nach Zweckerreichung
(insbesondere bei vollständiger Zahlung) sind die Daten zu löschen. Sie haben nunmehr die Möglichkeit, beim
Amtsgericht Kreuzberg den Erlass eines Haftbefehls gegen die Schuldnerin zu beantragen. Liegt Ihnen der
Haftbefehl vor, können Sie bei mir die Verhaftung der Schuldnerin zwecks Abgabe der eidesstattlichen Versicherung
/ Vermögensauskunft beantragen. Diesem Verhaftungsantrag fügen Sie bitte eine aktuelle Forderungsaufstellung
bei.
Die nachstehenden Kosten überweisen Sie bitte binnen zwei Wochen auf mein obiges Dienstkonto.
Mit freundlichen Grüßen
Kostenrechnung gem. GVKostG (KV=Kostenverzeichnis)
KV102 Sonstige Zustellung
3,60 €
KV208 Versuch e. gütl. Erledigung
9,60 €
M. Dake
KV440 Einholung einer Auskunft
15,60 €
KV604(260) Nicht erl. Vermögensaus..
18,00€
KV701 Entgelte für Zustellungen (2x)
11,24€
Deike
KV716 Auslagenpauschale
9,36 €
Gerichtsvollzieher
Summe
67,40 €
beim Amtsgericht Kreuzberg
Kostenschuldner gem. §13 GVKostG ist Liquandum Capital GmbH
Rechtsbehelfsbelehrung: Gegen diese Kostenrechnung kann Erinnerung bei dem Amtsgericht Kreuzberg Möckernstrasse 130, 10963 Berlin schriftlich oder zu
Protokoll der Geschäftsstelle eingelegt werden. Der Rechtsbehelf kann auch als elektronisches Dokument eingereicht werden. Das elektronische Dokument muss für
die Bearbeitung durch das Gericht gemäß §§ 2 und 5 der Elektronischer-Rechtsverkehr-Verordnung ERVV) geeignet sein. Eine einfache E-Mail genügt den
gesetzlichen Anforderungen nicht. Rechtsbehelfe, die durch einen Rechtsanwalt, durch eine Behörde oder durch eine juristische Person des öffentlichen Rechts
einschließlich der von ihr zur Erfüllung ihrer öffentlichen Aufgaben gebildeten Zusammenschlüsse eingereicht werden, sind als elektronisches Dokument einzureichen.
Das elektronische Dokument muss
1. mit einer qualifizierten elektronischen Signatur der verantwortenden Person versehen sein und gemäß § 4 ERVV übermittelt werden, wobei mehrere elektronische
Dokumente nicht mit einer gemeinsamen qualifizierten elektronischen Signatur übermittelt werden dürfen, oder
2. von der verantwortenden Person signiert und auf einem der sicheren Übermittlungswege, die in § 130a Absatz 4 ZPO abschließend aufgeführt sind eingereicht
werden.
Informationen hierzu können über das Internetportal https://justiz.de/laender-bund-europa/elektronische_kommunikation/index.php aufgerufen werden.
DR II 2159/25, Seite 1
 DR II 2159/25, Seite 2",drittauskunft,False,False,f9e9c3ec-afa7-5b17-a7ea-c950316713e2,546a42f3-85f4-5645-8765-63a4674024c9,990b7b5bbe92cfad9a1cb3cc98e829a195d2c010184156dfafc728e7518a2534,s3://pair-data-engineering-new/ocr_prepared_output/990b7b5bbe92cfad9a1cb3cc98e829a195d2c010184156dfafc728e7518a2534.json
data/aftercourt/drittauskunf_with_invoice/63_dr_1102_25_aus_schreibmaschine20251211-308-gl9s2l.pdf,"<page_1>
Christian Linner
Schragenhofstraße 27
Gerichtsvollzieher beim Amtsgericht München
80992 München 1. OG Zimmer Nr. 3
Sprechzeiten
Telefon
Dienstag: 13:00 15:00 Uhr
089 / 189 472 01
Donnerstag: 10:00 12:00 Uhr
0152/548 734 64
eMail
linner@gvpost.de
Safe-ID ERV
DE.Justiz.c250be92-37aa-49a9-90cc-
Abs.: GV C.Linner, Schragenhofstraße 27, 80992 München
dac090ef79d9.1702
Firma
Dienstkonto
PAIR Finance GmbH
IBAN: DE15 6609 0800 0004 4666 24
Knesebeckstraße 62-63
BIC: GENODE61BBB
10719 Berlin
Mein Zeichen
Ihr Zeichen
63 DR 1102/25
174640018431
München, 03.12.2025
Bitte immer angeben!
Zwangsvollstreckungssache
Firma Liquandum Capital II GmbH, Knesebeckstraße 62-63, 10719 Berlin
vertr. d.
Firma PAIR Finance GmbH, Knesebeckstraße 62-63, 10719 Berlin
gegen
Herrn Bennie Kapemba Nanga, Königsdorfer Straße 6, 81371 München
Sehr geehrte Damen und Herren,
in oben genannter Sache teile ich Ihnen mit, dass d. Schuldner/in im Termin zur Abgabe der Vermögensauskunft
trotz ordnungsgemäßer Ladung nicht erschienen ist.
Sie haben keinen Haftbefehl beantragt.
D. Schuldner/in wird zwei Wochen nach Zustellung der Eintragung in die Schuldnerkartei beim Zentralen
Vollstreckungsgericht in Hof eintragen.
Nach Zweckerreichung sind erlangte Schuldnerdaten zu löschen.
Die entstandenen Kosten überweisen Sie bitte binnen 2 Wochen auf mein Dienstkonto.
Kostenrechnung GvKostG (KV=Kostenverzeichnis) in EUR V. 03.12.25
Mit freundlichen Grüßen
Nr. Bezeichnung
Betrag Anz. Gesamt
1
KV 102 Sonstige Zustellung
3,60 1
3,60
2
KV 604 Nicht erled. Amtshandl.
18,00 1
18,00
zu KV 260
(Christian Linner)
3
KV 440 Auskunft BZSt
15,60 1
15,60
Gerichtsvollzieher
4
KV 208 Versuch gütliche Erled.
9,60 1
9,60
beim Amtsgericht München
5
KV 701 Entgelt Zustellung
5,62 2
11,24
6
KV 716 Pauschale
9,36
7
Rechnungs- und Zahlungsbetrag
67,40
D. Kostenschuldn. ist Firma Liquandum Capital Il GmbH.
Rechtsbehelfsbelehrung: Gegen diese Kostenrechnung kann Erinnerung
(zweckmäßig begründet) beim Amtsgericht München, Infanteriestraße 5,
80797 München schriftlich oder zu Protokoll der Geschäftsstelle eingelegt
werden. Die Erinnerung kann als ein für die Bearbeitung durch das Gericht
gem. §§ 2 und 5 ERVV geeignetes elektronisches Dokument eingereicht
werden. Die verantwortende Person muss jedes Dokument mit einer
qualifizierten elektronischen Signatur (QES) versehen und gem. § 4 ERVV
oder signiert auf sicherem Übermittlungsweg gem. § 130a Abs. 4 ZPO
einreichen. Weitere Informationen unter www.justiz.de.
Datenschutzhinweis: Personenbezogene Daten werden verarbeitet.
Info unter htps://www.justiz.bayern.de/gerichte-und-behoerden/amtsgerichte/muenchen/datenschutz.ph)
Ergänzend wird darauf hingewiesen, dass auch gegenüber den Bürokräften d. Gerichtsvollziehers personenbezogene Daten offengelegt werden.
<page_2>
Christian Linner
Schragenhofstraße 27
Gerichtsvollzieher beim Amtsgericht München
80992 München 1. OG Zimmer Nr. 3
Sprechzeiten
Telefon
Dienstag: 13:00 15:00 Uhr
089 / 189 472 01
Donnerstag: 10:00 12:00 Uhr
0152/548 734 64
eMail
linner@gvpost.de
Safe-ID ERV
DE.Justiz.c250be92-37aa-49a9-90cc
Abs.: GV C.Linner, Schragenhofstraße 27, 80992 München
dac090ef79d9.1702
Firma
Dienstkonto
PAIR Finance GmbH
IBAN: DE15 6609 0800 0004 4666 24 DE15 6609 0800 0004 4666 24 DE15 6609 0800 0004 4666 24
Knesebeckstraße 62-63
BIC: GENODE61BBB
10719 Berlin
Mein Zeichen
Ihr Zeichen
63 DR 1102/25
174640018431
München, 03.12.2025
Bitte immer angeben!
Zwangsvollstreckungssache
Firma Liquandum Capital Il GmbH, Knesebeckstraße 62-63, 10719 Berlin
vertr. d.
Firma PAIR Finance GmbH, Knesebeckstraße 62-63, 10719 Berlin
gegen
Herrn Bennie Kapemba Nanga, Königsdorfer Straße 6, 81371 München
Sehr geehrte Damen und Herren,
in O. g. Sache haben Sie mich beauftragt, eine Drittauskunft nach § 8021 ZPO beim Bundeszentralamt für Steuern
einzuholen.
Das Ergebnis teile ich Ihnen unter Übersendung einer Kopie der entsprechenden Stellen mit.
Ich weise Sie ausdrücklich darauf hin, dass die erlangten Daten nur zu Vollstreckungszwecken genutzt werden dürfen
und nach Zweckerreichung in dieser Sache zu löschen sind (§§ 802 Abs. 3, 802 d Abs. 1 ZPO). Die Weiterleitung
dieser Daten an Dritte ist unzulässig.
Nach Zweckerreichung sind erlangte Schuldnerdaten zu löschen.
Mit freundlichen Grüßen
(Christian Linner)
Gerichtsvollzieher
beim Amtsgericht München
Datenschutzhinweis: Personenbezogene Daten werden verarbeitet.
Info unter https://www.justiz.bayern.de/gerichte-und-behoerden/amtsgerichte/muenchen/datenschutz.php
Ergänzend wird darauf hingewiesen, dass auch gegenüber den Bürokräften d. Gerichtsvollziehers personenbezogene Daten offengelegt werden.
<page_3>
Bundeszentralamt
für Steuern
POSTANSCHRIFT
Bundeszentralamt für Steuern, 11055 Berlin
HAUSANSCHRIFT
DGZ-Ring 12, 13086 Berlin
BEARBEITET VON
Gerichtsvollzieher
Christian Linner
Steuerabteilung National
Kontenabrufverfahren
Schragenhofstraße 27
TEL
+49 (0) 2 28 40 6-3600
80992 München
FAX
+49 (0) 2 28 40 6-4408
E-MAIL
kontenabruf@bzst.bund.de
INTERNET
www.bzst.bund.de
BETREFF
Kontenabrufersuchen nach §§ 93, 93b Abgabenordnung (AO)
BEZUG
Ihr Kontenabrufersuchen vom 03.12.2025 AZ: DR 1102/25
ANLAGEN
1
GZ
St II 4 S 0229a KEVIZZ 2826261/25
(bei Antwort bitte angeben)
DATUM
09.12.2025
Ihr oben genanntes Kontenabrufersuchen ist im Rahmen des automatisierten Abrufs von
Kontoinformationen bearbeitet worden. Die Ergebnisse dieses Abrufs entnehmen Sie bitte der
nachfolgenden Anlage.
Bitte beachten Sie
dass die Verantwortung für die Zulässigkeit des Datenabrufs und die Datenübermittlung die
ersuchende Behörde trägt (§ 93b Abs. 3 AO),
die Informations- und Dokumentationspflichten gemäß § 93 Abs. 9 und 10 AO sowie den
Anwendungserlass zur Abgabenordnung (AEAO),
dass die Kontenstammdaten in der Datei nach § 24c Kreditwesengesetz (KWG) durch die
beteiligten Kreditinstitute vorgehalten werden. Ich kann deshalb keine Haftung dafür
übernehmen, dass die im Rahmen des Kontenabrufs mitgeteilten Daten vollständig und
inhaltlich korrekt sind.
Zum Inhalt des Ergebnisses bemerke ich folgendes:
Aufgrund der gesetzlichen Vorgabe der Unterscheidungsmerkmale in den von den Kreditinstituten
zu führenden Dateien kann die Identität der gemeldeten Personen immer nur im Hinblick auf die
Merkmale Name und Geburtsdatum für die Kontoinhaber und Verfügungsberechtigten bzw. Name
und Anschrift für die abweichend wirtschaftlich Berechtigten festgestellt werden. Insofern muss das
übermittelte Abrufergebnis trotz Übereinstimmung des Namens und des Geburtsdatums nicht
zwingend mit der von Ihnen abgefragten Person identisch sein. Das gilt auch für
Firmenbezeichnungen. Die auf dem Kontenabrufersuchen gleichwohl anzugebende Anschrift des
Kontoinhabers oder des Verfügungsberechtigten wird nicht in die Abfrage einbezogen.
<page_4>
Bundeszentralamt
für Steuern
Bei Rückfragen bitte ich Sie, zunächst die FAQ (häufige Fragen) zu beachten, die Sie auf der
Homepage des BZSt unter http://www.bzst.bund.de oder, sofern Sie für die Verwaltung der
Grundsicherung für Arbeitsuchende nach dem Zweiten Buch Sozialgesetzbuch zuständig sind, im
Intranet der Bundesagentur für Arbeit finden. Sie können sich aber auch an die oben angegebene
Telefonnummer wenden.
Dieses Anschreiben wurde automatisch erstellt und ist ohne Unterschrift gültig.
<page_5>
Anlage zu GZ: St Il 4 - S 0229a KEVIZZ 2826261/25 (Bitte stets angeben)
Ergebnisse
zu der Anfrage von dem/der:
Gerichtsvollzieher
Christian Linner
vom:
03.12.2025
Ihr AZ:
DR 1102/25
mit folgenden Anhaltsdaten:
Name:
Nachname:
Nanga
Vorname:
Bennie Kapemba
Geburtsdatum:
30.08.2002
Kontonummer:
Der Abruf hat zu keinem Ergebnis geführt.
Anfrage von Gerichtsvollzieher
Seite
1 von
1
Christian Linner (G09784) zu AZ DR 1102/25",True," Christian Linner
Schragenhofstraße 27
Gerichtsvollzieher beim Amtsgericht München
80992 München 1. OG Zimmer Nr. 3
Sprechzeiten
Telefon
Dienstag: 13:00 15:00 Uhr
089 / 189 472 01
Donnerstag: 10:00 12:00 Uhr
0152/548 734 64
eMail
linner@gvpost.de
Safe-ID ERV
DE.Justiz.c250be92-37aa-49a9-90cc-
Abs.: GV C.Linner, Schragenhofstraße 27, 80992 München
dac090ef79d9.1702
Firma
Dienstkonto
PAIR Finance GmbH
IBAN: DE15 6609 0800 0004 4666 24
Knesebeckstraße 62-63
BIC: GENODE61BBB
10719 Berlin
Mein Zeichen
Ihr Zeichen
63 DR 1102/25
174640018431
München, 03.12.2025
Bitte immer angeben!
Zwangsvollstreckungssache
Firma Liquandum Capital II GmbH, Knesebeckstraße 62-63, 10719 Berlin
vertr. d.
Firma PAIR Finance GmbH, Knesebeckstraße 62-63, 10719 Berlin
gegen
Herrn Bennie Kapemba Nanga, Königsdorfer Straße 6, 81371 München
Sehr geehrte Damen und Herren,
in oben genannter Sache teile ich Ihnen mit, dass d. Schuldner/in im Termin zur Abgabe der Vermögensauskunft
trotz ordnungsgemäßer Ladung nicht erschienen ist.
Sie haben keinen Haftbefehl beantragt.
D. Schuldner/in wird zwei Wochen nach Zustellung der Eintragung in die Schuldnerkartei beim Zentralen
Vollstreckungsgericht in Hof eintragen.
Nach Zweckerreichung sind erlangte Schuldnerdaten zu löschen.
Die entstandenen Kosten überweisen Sie bitte binnen 2 Wochen auf mein Dienstkonto.
Kostenrechnung GvKostG (KV=Kostenverzeichnis) in EUR V. 03.12.25
Mit freundlichen Grüßen
Nr. Bezeichnung
Betrag Anz. Gesamt
1
KV 102 Sonstige Zustellung
3,60 1
3,60
2
KV 604 Nicht erled. Amtshandl.
18,00 1
18,00
zu KV 260
(Christian Linner)
3
KV 440 Auskunft BZSt
15,60 1
15,60
Gerichtsvollzieher
4
KV 208 Versuch gütliche Erled.
9,60 1
9,60
beim Amtsgericht München
5
KV 701 Entgelt Zustellung
5,62 2
11,24
6
KV 716 Pauschale
9,36
7
Rechnungs- und Zahlungsbetrag
67,40
D. Kostenschuldn. ist Firma Liquandum Capital Il GmbH.
Rechtsbehelfsbelehrung: Gegen diese Kostenrechnung kann Erinnerung
(zweckmäßig begründet) beim Amtsgericht München, Infanteriestraße 5,
80797 München schriftlich oder zu Protokoll der Geschäftsstelle eingelegt
werden. Die Erinnerung kann als ein für die Bearbeitung durch das Gericht
gem. §§ 2 und 5 ERVV geeignetes elektronisches Dokument eingereicht
werden. Die verantwortende Person muss jedes Dokument mit einer
qualifizierten elektronischen Signatur (QES) versehen und gem. § 4 ERVV
oder signiert auf sicherem Übermittlungsweg gem. § 130a Abs. 4 ZPO
einreichen. Weitere Informationen unter www.justiz.de.
Datenschutzhinweis: Personenbezogene Daten werden verarbeitet.
Info unter htps://www.justiz.bayern.de/gerichte-und-behoerden/amtsgerichte/muenchen/datenschutz.ph)
Ergänzend wird darauf hingewiesen, dass auch gegenüber den Bürokräften d. Gerichtsvollziehers personenbezogene Daten offengelegt werden.
 Christian Linner
Schragenhofstraße 27
Gerichtsvollzieher beim Amtsgericht München
80992 München 1. OG Zimmer Nr. 3
Sprechzeiten
Telefon
Dienstag: 13:00 15:00 Uhr
089 / 189 472 01
Donnerstag: 10:00 12:00 Uhr
0152/548 734 64
eMail
linner@gvpost.de
Safe-ID ERV
DE.Justiz.c250be92-37aa-49a9-90cc
Abs.: GV C.Linner, Schragenhofstraße 27, 80992 München
dac090ef79d9.1702
Firma
Dienstkonto
PAIR Finance GmbH
IBAN: DE15 6609 0800 0004 4666 24 DE15 6609 0800 0004 4666 24 DE15 6609 0800 0004 4666 24
Knesebeckstraße 62-63
BIC: GENODE61BBB
10719 Berlin
Mein Zeichen
Ihr Zeichen
63 DR 1102/25
174640018431
München, 03.12.2025
Bitte immer angeben!
Zwangsvollstreckungssache
Firma Liquandum Capital Il GmbH, Knesebeckstraße 62-63, 10719 Berlin
vertr. d.
Firma PAIR Finance GmbH, Knesebeckstraße 62-63, 10719 Berlin
gegen
Herrn Bennie Kapemba Nanga, Königsdorfer Straße 6, 81371 München
Sehr geehrte Damen und Herren,
in O. g. Sache haben Sie mich beauftragt, eine Drittauskunft nach § 8021 ZPO beim Bundeszentralamt für Steuern
einzuholen.
Das Ergebnis teile ich Ihnen unter Übersendung einer Kopie der entsprechenden Stellen mit.
Ich weise Sie ausdrücklich darauf hin, dass die erlangten Daten nur zu Vollstreckungszwecken genutzt werden dürfen
und nach Zweckerreichung in dieser Sache zu löschen sind (§§ 802 Abs. 3, 802 d Abs. 1 ZPO). Die Weiterleitung
dieser Daten an Dritte ist unzulässig.
Nach Zweckerreichung sind erlangte Schuldnerdaten zu löschen.
Mit freundlichen Grüßen
(Christian Linner)
Gerichtsvollzieher
beim Amtsgericht München
Datenschutzhinweis: Personenbezogene Daten werden verarbeitet.
Info unter https://www.justiz.bayern.de/gerichte-und-behoerden/amtsgerichte/muenchen/datenschutz.php
Ergänzend wird darauf hingewiesen, dass auch gegenüber den Bürokräften d. Gerichtsvollziehers personenbezogene Daten offengelegt werden.
 Bundeszentralamt
für Steuern
POSTANSCHRIFT
Bundeszentralamt für Steuern, 11055 Berlin
HAUSANSCHRIFT
DGZ-Ring 12, 13086 Berlin
BEARBEITET VON
Gerichtsvollzieher
Christian Linner
Steuerabteilung National
Kontenabrufverfahren
Schragenhofstraße 27
TEL
+49 (0) 2 28 40 6-3600
80992 München
FAX
+49 (0) 2 28 40 6-4408
E-MAIL
kontenabruf@bzst.bund.de
INTERNET
www.bzst.bund.de
BETREFF
Kontenabrufersuchen nach §§ 93, 93b Abgabenordnung (AO)
BEZUG
Ihr Kontenabrufersuchen vom 03.12.2025 AZ: DR 1102/25
ANLAGEN
1
GZ
St II 4 S 0229a KEVIZZ 2826261/25
(bei Antwort bitte angeben)
DATUM
09.12.2025
Ihr oben genanntes Kontenabrufersuchen ist im Rahmen des automatisierten Abrufs von
Kontoinformationen bearbeitet worden. Die Ergebnisse dieses Abrufs entnehmen Sie bitte der
nachfolgenden Anlage.
Bitte beachten Sie
dass die Verantwortung für die Zulässigkeit des Datenabrufs und die Datenübermittlung die
ersuchende Behörde trägt (§ 93b Abs. 3 AO),
die Informations- und Dokumentationspflichten gemäß § 93 Abs. 9 und 10 AO sowie den
Anwendungserlass zur Abgabenordnung (AEAO),
dass die Kontenstammdaten in der Datei nach § 24c Kreditwesengesetz (KWG) durch die
beteiligten Kreditinstitute vorgehalten werden. Ich kann deshalb keine Haftung dafür
übernehmen, dass die im Rahmen des Kontenabrufs mitgeteilten Daten vollständig und
inhaltlich korrekt sind.
Zum Inhalt des Ergebnisses bemerke ich folgendes:
Aufgrund der gesetzlichen Vorgabe der Unterscheidungsmerkmale in den von den Kreditinstituten
zu führenden Dateien kann die Identität der gemeldeten Personen immer nur im Hinblick auf die
Merkmale Name und Geburtsdatum für die Kontoinhaber und Verfügungsberechtigten bzw. Name
und Anschrift für die abweichend wirtschaftlich Berechtigten festgestellt werden. Insofern muss das
übermittelte Abrufergebnis trotz Übereinstimmung des Namens und des Geburtsdatums nicht
zwingend mit der von Ihnen abgefragten Person identisch sein. Das gilt auch für
Firmenbezeichnungen. Die auf dem Kontenabrufersuchen gleichwohl anzugebende Anschrift des
Kontoinhabers oder des Verfügungsberechtigten wird nicht in die Abfrage einbezogen.
 Bundeszentralamt
für Steuern
Bei Rückfragen bitte ich Sie, zunächst die FAQ (häufige Fragen) zu beachten, die Sie auf der
Homepage des BZSt unter http://www.bzst.bund.de oder, sofern Sie für die Verwaltung der
Grundsicherung für Arbeitsuchende nach dem Zweiten Buch Sozialgesetzbuch zuständig sind, im
Intranet der Bundesagentur für Arbeit finden. Sie können sich aber auch an die oben angegebene
Telefonnummer wenden.
Dieses Anschreiben wurde automatisch erstellt und ist ohne Unterschrift gültig.
 Anlage zu GZ: St Il 4 - S 0229a KEVIZZ 2826261/25 (Bitte stets angeben)
Ergebnisse
zu der Anfrage von dem/der:
Gerichtsvollzieher
Christian Linner
vom:
03.12.2025
Ihr AZ:
DR 1102/25
mit folgenden Anhaltsdaten:
Name:
Nachname:
Nanga
Vorname:
Bennie Kapemba
Geburtsdatum:
30.08.2002
Kontonummer:
Der Abruf hat zu keinem Ergebnis geführt.
Anfrage von Gerichtsvollzieher
Seite
1 von
1
Christian Linner (G09784) zu AZ DR 1102/25",drittauskunft,False,False,74c3a533-a8f0-5810-9ef1-e9e8458e9acc,f4d60c17-b34e-591d-b40f-a6beb4af8f0e,42967236e1da6c2ab8adb01acae2b024bb2430321f98e9b86dbc3fd811cfcb41,s3://pair-data-engineering-new/ocr_prepared_output/42967236e1da6c2ab8adb01acae2b024bb2430321f98e9b86dbc3fd811cfcb41.json
data/aftercourt/drittauskunf_with_invoice/1_dr_ii_1369_25_z2_bermittlung_drittausknfte_mit_kr20260226-287-ik0wbh (1).pdf,"<page_1>
Gerichtsvollzieherin
Waldhofer Straße 17
Katrin Bizer
69123 Heidelberg
Bürozeiten
Amtsgericht
DI. 09:30 10:30 Uhr
Heidelberg
DO. 09:30 - 10:30 Uhr
Telefon
0157 35729179
Dienstkonto
IBAN DE84 6609 0800 0008 3708 93
GVin Bizer, Waldhofer Str. 17, 69123 Heidelberg
BIC GENODE61BBB
PAIR Finance GmbH
E-Mail
vert. d. d. GF
Katrin.Bizer@agheidelberg.justiz.bwl.de
Knesebeckstraße 62-63
10719 Berlin
Mein Zeichen
Ihr Zeichen
1 DR II 1369/25
181389945740
Heidelberg, 25.02.2026
Bitte immer angeben!
Das Büro ist vom 09.03.2026 bis einschließlich 20.03.2026 geschlossen!
Zwangsvollstreckungssache
Grover Group GmbH, Potsdamer Straße 125, 10783 Berlin
vertr. d.
PAIR Finance GmbH, Knesebeckstraße 62-63, 10719 Berlin
gegen
Herrn Daniel Polski, Gerberstraße 1, 68535 Edingen-Neckarhausen
Sehr geehrte Damen und Herren,
in oben genannter Sache ist d. Schuld. dem Termin zur Abgabe der Vermögensauskunft, trotz ordnungsgemäßer
Ladung, unentschuldigt ferngeblieben.
D. Sch. wurde gemäß § 882c ZPO in das zentrale Schuldnerverzeichnis eingetragen.
Antragsgemäß wurden die Drittauskünfte gem. § 8021 ZPO eingeholt. Das Ergebnis erhalten Sie anliegend übersandt.
Ich weise Sie ausdrücklich darauf hin, dass die erlangten Daten nur zu Vollstreckungszwecken genutzt werden dürfen
und nach Zweckerreichung in dieser Sache zu löschen sind (§§ 802 Abs. 3, 802 d Abs. 1 ZPO). Die Weiterleitung
dieser Daten an Dritte ist unzulässig.
Nach Zweckerreichung sind erlangte Schuldnerdaten zu löschen.
Informationen zum Schutz personenbezogener Daten bei deren Verarbeitung durch die Justiz nach Artikel 13 und Artikel 14 der Europäischen
Datenschutz-Grundverordnung finden sich auf der Internetseite des Gerichts.
Die entstandenen Kosten bitte ich auf mein Dienstkonto zu überweisen. GiroCode 67,40 €.
Kostenrechnung GvKostG (KV=Kostenverzeichnis) in EUR V. 25.02.26
Mit freundlichen Grüßen
Nr. Bezeichnung
Betrag Anz. Gesamt
1
KV 102 Sonstige Zustellung
3,60 1
3,60
2
KV 604 Nicht erled. Amtshandl.
18,00 1
18,00
zu KV 260
(Katrin Bizer)
3
KV 208 Versuch gütliche Erled.
9,60 1
9,60
Gerichtsvollzieherin
4
KV 440 Auskunft BZSt
15,60 1
15,60
beim Amtsgericht Heidelberg
5
KV 701 Entgelt Zustellung
5,62 2
11,24
6
KV 716 Pauschale
9,36
7 Rechnungs- und Zahlungsbetrag
67,40
D. Kostenschuldn. ist Grover Group GmbH.
Rechtsbehelfsbelehrung: Gegen diese Kostenrechnung kann Erinnerung
(zweckmäßig begründet) beim Amtsgericht Heidelberg, Kurfürsten-Anlage
15, 69115 Heidelberg,schriftlich oder zu Protokoll der Geschäftsstelle
eingelegt werden. Die Erinnerung kann als ein für die Bearbeitung durch
das Gericht gem. §§ 2 und 5 ERVV geeignetes elektronisches Dokument
eingereicht werden. Die verantwortende Person muss jedes Dokument mit
einer qualifizierten elektronischen Signatur (QES) versehen und gem. § 4
ERVV oder signiert auf sicherem Übermittlungsweg gem. § 130a Abs. 4
Seite 1
<page_2>
ZPO einreichen. Weitere Informationen unter www.justiz.de.
Ceita
o
<page_3>
Anlage zu GZ: St II 4 - S 0229a KEVIZZ 360992/26 (Bitte stets angeben)
Ergebnisse
zu der Anfrage von dem/der:
Gerichtsvollzieherin
Katrin Bizer
vom:
10.02.2026
Ihr AZ:
DR II 1369/25
mit folgenden Anhaltsdaten:
Name:
Nachname:
Polski
Vorname:
Daniel
Geburtsdatum:
24.03.1989
Kontonummer:
Sparkasse Rhein Neckar Nord
BAK-Nr.: 100516
D 1, 1 - 3, 68159 Mannheim
Trefferanzahl: 2
Kontonummer: DE20670505050040370072
Errichtungsdatum: 04.01.2024
Kontoinfo:
Auflösungsdatum:
Kontoinhaber
Geburtsdatum
Seit
Bis
Daniel Polski
24.03.1989
04.01.2024
Gerberstr. 1, 68535 Edingen-Neckarhausen
Kontonummer: DE32670505050040369953
Errichtungsdatum: 04.01.2024
Kontoinfo:
Auflösungsdatum:
Kontoinhaber
Geburtsdatum
Seit
Bis
Daniel Polski
24.03.1989
04.01.2024
Gerberstr. 1, 68535 Edingen-Neckarhausen
VR Bank Rhein-Neckar eG
BAK-Nr.: 102105
Augustaanlage 61, 68165 Mannheim
Trefferanzahl: 2
Kontonummer: DE29670900000094602602
Errichtungsdatum: 22.01.2019
Kontoinfo:
Auflösungsdatum:
Kontoinhaber
Geburtsdatum Seit
Bis
Dorota Polska
03.04.1995
11.11.2021
13.11.2023
Gerberstr. 4 68535 Edingen-Neckarhausen
Dorota Polska
03.04.1995
13.11.2023
Gerberstr. 1 68535 Edingen-Neckarhausen
Anfrage von Gerichtsvollzieherin
Seite
1 von
3
Katrin Bizer (G08858) zu AZ DR II 1369/25
<page_4>
Anlage zu GZ: St II 4 - S 0229a KEVIZZ 360992/26 (Bitte stets angeben)
Verfügungsberechtigte
Geburtsdatum Seit
Bis
Daniel Polski
24.03.1989
02.12.2021
Gerberstr. 1 68535 Edingen-Neckarhausen
Kontonummer: DE97670900000300355838
Errichtungsdatum: 19.02.2019
Kontoinfo:
Auflösungsdatum:
Kontoinhaber
Geburtsdatum Seit
Bis
Dorota Polska
03.04.1995
11.11.2021
13.11.2023
Gerberstr. 4 68535 Edingen-Neckarhausen
Dorota Polska
03.04.1995
13.11.2023
Gerberstr. 1 68535 Edingen-Neckarhausen
Verfügungsberechtigte
Geburtsdatum
Seit
Bis
Daniel Polski
24.03.1989
02.12.2021
Gerberstr. 1 68535 Edingen-Neckarhausen
BMW Bank GmbH
BAK-Nr.: 104101
Lilienthalallee 26, 80939 München
Trefferanzahl: 2
Kontonummer: DE23702203003129092164
Errichtungsdatum: 01.01.2022
Kontoinfo:
Auflösungsdatum:
Kontoinhaber
Geburtsdatum Seit
Bis
Daniel Polski Bauservice
01.01.2022
Gerberstr. 1 68535 Edingen-Neckarhausen
Wirtschaftlich Berechtigte
Seit
Bis
Daniel Polski
01.01.2022
Gerberstr. 1 68535 Edingen-Neckarhausen
Kontonummer: DE05702203003129303366
Errichtungsdatum: 01.04.2022
Kontoinfo:
Auflösungsdatum:
Kontoinhaber
Geburtsdatum Seit
Bis
Daniel Polski Bauservice
01.04.2022
Gerberstr. 1 68535 Edingen-Neckarhausen
Wirtschaftlich Berechtigte
Seit
Bis
Daniel Polski
01.04.2022
Gerberstr. 1 68535 Edingen-Neckarhausen
Anfrage von Gerichtsvollzieherin
Seite
2 von
3
Katrin Bizer (G08858) zu AZ DR II 1369/25
<page_5>
Anlage zu GZ: St II 4 - S 0229a KEVIZZ 360992/26 (Bitte stets angeben)
Bank Deutsches Kraftfahrzeuggewerbe GmbH
BAK-Nr.: 117588
Fuhlsbüttler Straße 437, 22309 Hamburg
Trefferanzahl: 1
Kontonummer: D021114531
Errichtungsdatum: 26.01.2023
Kontoinfo:
Auflösungsdatum:
Kontoinhaber
Geburtsdatum Seit
Bis
Daniel Polski
24.03.1989
26.01.2023
Gerberstr. 1 DE 68535 Edingen
(haftungsbeschränk) Elektro Zasko UG
26.01.2023
Alpirsbacher Weg 3a DE 68239 Mannheim
Wirtschaftlich Berechtigte
Seit
Bis
26.01.2023
26.01.2023
Stellantis Bank S.A. Niederlassung Deutschland
BAK-Nr.: 156411
Siemensstraße 10, 63263 Neu-Isenburg
Trefferanzahl: 1
Kontonummer: 09472008162
Errichtungsdatum: 29.08.2022
Kontoinfo:
Auflösungsdatum:
Kontoinhaber
Geburtsdatum Seit
Bis
DANIEL POLSKI
15.09.2022
19.09.2024
Gerberstr. 1, 68535-Edingen-Neckarhausen-DE
DANIEL POLSKI
19.09.2024
Gerberstr. 1, 68535-Edingen-Neckarhausen-DE
Wirtschaftlich Berechtigte
Seit
Bis
Daniel Polski
15.09.2022
Gerberstr. 1, 68535-Edingen-Neckarhausen-DE
Anfrage von Gerichtsvollzieherin
Seite
3 von
3
Katrin Bizer (G08858) zu AZ DR II 1369/25",True," Gerichtsvollzieherin
Waldhofer Straße 17
Katrin Bizer
69123 Heidelberg
Bürozeiten
Amtsgericht
DI. 09:30 10:30 Uhr
Heidelberg
DO. 09:30 - 10:30 Uhr
Telefon
0157 35729179
Dienstkonto
IBAN DE84 6609 0800 0008 3708 93
GVin Bizer, Waldhofer Str. 17, 69123 Heidelberg
BIC GENODE61BBB
PAIR Finance GmbH
E-Mail
vert. d. d. GF
Katrin.Bizer@agheidelberg.justiz.bwl.de
Knesebeckstraße 62-63
10719 Berlin
Mein Zeichen
Ihr Zeichen
1 DR II 1369/25
181389945740
Heidelberg, 25.02.2026
Bitte immer angeben!
Das Büro ist vom 09.03.2026 bis einschließlich 20.03.2026 geschlossen!
Zwangsvollstreckungssache
Grover Group GmbH, Potsdamer Straße 125, 10783 Berlin
vertr. d.
PAIR Finance GmbH, Knesebeckstraße 62-63, 10719 Berlin
gegen
Herrn Daniel Polski, Gerberstraße 1, 68535 Edingen-Neckarhausen
Sehr geehrte Damen und Herren,
in oben genannter Sache ist d. Schuld. dem Termin zur Abgabe der Vermögensauskunft, trotz ordnungsgemäßer
Ladung, unentschuldigt ferngeblieben.
D. Sch. wurde gemäß § 882c ZPO in das zentrale Schuldnerverzeichnis eingetragen.
Antragsgemäß wurden die Drittauskünfte gem. § 8021 ZPO eingeholt. Das Ergebnis erhalten Sie anliegend übersandt.
Ich weise Sie ausdrücklich darauf hin, dass die erlangten Daten nur zu Vollstreckungszwecken genutzt werden dürfen
und nach Zweckerreichung in dieser Sache zu löschen sind (§§ 802 Abs. 3, 802 d Abs. 1 ZPO). Die Weiterleitung
dieser Daten an Dritte ist unzulässig.
Nach Zweckerreichung sind erlangte Schuldnerdaten zu löschen.
Informationen zum Schutz personenbezogener Daten bei deren Verarbeitung durch die Justiz nach Artikel 13 und Artikel 14 der Europäischen
Datenschutz-Grundverordnung finden sich auf der Internetseite des Gerichts.
Die entstandenen Kosten bitte ich auf mein Dienstkonto zu überweisen. GiroCode 67,40 €.
Kostenrechnung GvKostG (KV=Kostenverzeichnis) in EUR V. 25.02.26
Mit freundlichen Grüßen
Nr. Bezeichnung
Betrag Anz. Gesamt
1
KV 102 Sonstige Zustellung
3,60 1
3,60
2
KV 604 Nicht erled. Amtshandl.
18,00 1
18,00
zu KV 260
(Katrin Bizer)
3
KV 208 Versuch gütliche Erled.
9,60 1
9,60
Gerichtsvollzieherin
4
KV 440 Auskunft BZSt
15,60 1
15,60
beim Amtsgericht Heidelberg
5
KV 701 Entgelt Zustellung
5,62 2
11,24
6
KV 716 Pauschale
9,36
7 Rechnungs- und Zahlungsbetrag
67,40
D. Kostenschuldn. ist Grover Group GmbH.
Rechtsbehelfsbelehrung: Gegen diese Kostenrechnung kann Erinnerung
(zweckmäßig begründet) beim Amtsgericht Heidelberg, Kurfürsten-Anlage
15, 69115 Heidelberg,schriftlich oder zu Protokoll der Geschäftsstelle
eingelegt werden. Die Erinnerung kann als ein für die Bearbeitung durch
das Gericht gem. §§ 2 und 5 ERVV geeignetes elektronisches Dokument
eingereicht werden. Die verantwortende Person muss jedes Dokument mit
einer qualifizierten elektronischen Signatur (QES) versehen und gem. § 4
ERVV oder signiert auf sicherem Übermittlungsweg gem. § 130a Abs. 4
Seite 1
 ZPO einreichen. Weitere Informationen unter www.justiz.de.
Ceita
o
 Anlage zu GZ: St II 4 - S 0229a KEVIZZ 360992/26 (Bitte stets angeben)
Ergebnisse
zu der Anfrage von dem/der:
Gerichtsvollzieherin
Katrin Bizer
vom:
10.02.2026
Ihr AZ:
DR II 1369/25
mit folgenden Anhaltsdaten:
Name:
Nachname:
Polski
Vorname:
Daniel
Geburtsdatum:
24.03.1989
Kontonummer:
Sparkasse Rhein Neckar Nord
BAK-Nr.: 100516
D 1, 1 - 3, 68159 Mannheim
Trefferanzahl: 2
Kontonummer: DE20670505050040370072
Errichtungsdatum: 04.01.2024
Kontoinfo:
Auflösungsdatum:
Kontoinhaber
Geburtsdatum
Seit
Bis
Daniel Polski
24.03.1989
04.01.2024
Gerberstr. 1, 68535 Edingen-Neckarhausen
Kontonummer: DE32670505050040369953
Errichtungsdatum: 04.01.2024
Kontoinfo:
Auflösungsdatum:
Kontoinhaber
Geburtsdatum
Seit
Bis
Daniel Polski
24.03.1989
04.01.2024
Gerberstr. 1, 68535 Edingen-Neckarhausen
VR Bank Rhein-Neckar eG
BAK-Nr.: 102105
Augustaanlage 61, 68165 Mannheim
Trefferanzahl: 2
Kontonummer: DE29670900000094602602
Errichtungsdatum: 22.01.2019
Kontoinfo:
Auflösungsdatum:
Kontoinhaber
Geburtsdatum Seit
Bis
Dorota Polska
03.04.1995
11.11.2021
13.11.2023
Gerberstr. 4 68535 Edingen-Neckarhausen
Dorota Polska
03.04.1995
13.11.2023
Gerberstr. 1 68535 Edingen-Neckarhausen
Anfrage von Gerichtsvollzieherin
Seite
1 von
3
Katrin Bizer (G08858) zu AZ DR II 1369/25
 Anlage zu GZ: St II 4 - S 0229a KEVIZZ 360992/26 (Bitte stets angeben)
Verfügungsberechtigte
Geburtsdatum Seit
Bis
Daniel Polski
24.03.1989
02.12.2021
Gerberstr. 1 68535 Edingen-Neckarhausen
Kontonummer: DE97670900000300355838
Errichtungsdatum: 19.02.2019
Kontoinfo:
Auflösungsdatum:
Kontoinhaber
Geburtsdatum Seit
Bis
Dorota Polska
03.04.1995
11.11.2021
13.11.2023
Gerberstr. 4 68535 Edingen-Neckarhausen
Dorota Polska
03.04.1995
13.11.2023
Gerberstr. 1 68535 Edingen-Neckarhausen
Verfügungsberechtigte
Geburtsdatum
Seit
Bis
Daniel Polski
24.03.1989
02.12.2021
Gerberstr. 1 68535 Edingen-Neckarhausen
BMW Bank GmbH
BAK-Nr.: 104101
Lilienthalallee 26, 80939 München
Trefferanzahl: 2
Kontonummer: DE23702203003129092164
Errichtungsdatum: 01.01.2022
Kontoinfo:
Auflösungsdatum:
Kontoinhaber
Geburtsdatum Seit
Bis
Daniel Polski Bauservice
01.01.2022
Gerberstr. 1 68535 Edingen-Neckarhausen
Wirtschaftlich Berechtigte
Seit
Bis
Daniel Polski
01.01.2022
Gerberstr. 1 68535 Edingen-Neckarhausen
Kontonummer: DE05702203003129303366
Errichtungsdatum: 01.04.2022
Kontoinfo:
Auflösungsdatum:
Kontoinhaber
Geburtsdatum Seit
Bis
Daniel Polski Bauservice
01.04.2022
Gerberstr. 1 68535 Edingen-Neckarhausen
Wirtschaftlich Berechtigte
Seit
Bis
Daniel Polski
01.04.2022
Gerberstr. 1 68535 Edingen-Neckarhausen
Anfrage von Gerichtsvollzieherin
Seite
2 von
3
Katrin Bizer (G08858) zu AZ DR II 1369/25
 Anlage zu GZ: St II 4 - S 0229a KEVIZZ 360992/26 (Bitte stets angeben)
Bank Deutsches Kraftfahrzeuggewerbe GmbH
BAK-Nr.: 117588
Fuhlsbüttler Straße 437, 22309 Hamburg
Trefferanzahl: 1
Kontonummer: D021114531
Errichtungsdatum: 26.01.2023
Kontoinfo:
Auflösungsdatum:
Kontoinhaber
Geburtsdatum Seit
Bis
Daniel Polski
24.03.1989
26.01.2023
Gerberstr. 1 DE 68535 Edingen
(haftungsbeschränk) Elektro Zasko UG
26.01.2023
Alpirsbacher Weg 3a DE 68239 Mannheim
Wirtschaftlich Berechtigte
Seit
Bis
26.01.2023
26.01.2023
Stellantis Bank S.A. Niederlassung Deutschland
BAK-Nr.: 156411
Siemensstraße 10, 63263 Neu-Isenburg
Trefferanzahl: 1
Kontonummer: 09472008162
Errichtungsdatum: 29.08.2022
Kontoinfo:
Auflösungsdatum:
Kontoinhaber
Geburtsdatum Seit
Bis
DANIEL POLSKI
15.09.2022
19.09.2024
Gerberstr. 1, 68535-Edingen-Neckarhausen-DE
DANIEL POLSKI
19.09.2024
Gerberstr. 1, 68535-Edingen-Neckarhausen-DE
Wirtschaftlich Berechtigte
Seit
Bis
Daniel Polski
15.09.2022
Gerberstr. 1, 68535-Edingen-Neckarhausen-DE
Anfrage von Gerichtsvollzieherin
Seite
3 von
3
Katrin Bizer (G08858) zu AZ DR II 1369/25",drittauskunft,False,False,9f1f97e4-6fda-59ce-ae11-d5cf8d33fc7d,1b809711-e91d-5c49-a833-617bc4c7157f,2cc33385616966742d97d6d4d902e726c43a51f68039c00dc7239b48f98d830b,s3://pair-data-engineering-new/ocr_prepared_output/2cc33385616966742d97d6d4d902e726c43a51f68039c00dc7239b48f98d830b.json
data/aftercourt/drittauskunf_with_invoice/1_dr_ii_1336_25_z2_bermittlung_drittausknfte_mit_kr20260226-294-78eol8 (1).pdf,"<page_1>
Gerichtsvollzieherin
Waldhofer Straße 17
Katrin Bizer
69123 Heidelberg
Bürozeiten
Amtsgericht
DI. 09:30 10:30 Uhr
Heidelberg
DO. 09:30 10:30 Uhr
Telefon
0157 35729179
Dienstkonto
AN84 6609 0800 0008 3708 9:
GVin Bizer, Waldhofer Str. 17, 69123 Heidelberg
BIC GENODE61BBB
E-Mail
Katrin.Bizer@agheidelberg.justiz.bwl.de
PAIR Finance
Knesebeckstraße 62-63
10719 Berlin
Mein Zeichen
Ihr Zeichen
1 DR II 1336/25
Heidelberg, 25.02.2026
Bitte immer angeben!
Das Büro ist vom 09.03.2026 bis einschließlich 20.03.2026 geschlossen!
Zwangsvollstreckungssache
PAIR Finance GmbH, Knesebeckstraße 62-63, 10719 Berlin
gegen
Frau Zümrüt Kandogmus, Grenzhöfer Straße 57, 68535 Edingen-Neckarhausen
Sehr geehrte Damen und Herren,
in oben genannter Sache ist d. Schuld. dem Termin zur Abgabe der Vermögensauskunft, trotz ordnungsgemäßer
Ladung, unentschuldigt ferngeblieben.
D. Sch. wurde gemäß § 882c ZPO in das zentrale Schuldnerverzeichnis eingetragen.
Antragsgemäß wurden die Drittauskünfte gem. § 8021 ZPO eingeholt. Das Ergebnis erhalten Sie anliegend übersandt.
Ich weise Sie ausdrücklich darauf hin, dass die erlangten Daten nur zu Vollstreckungszwecken genutzt werden dürfen
und nach Zweckerreichung in dieser Sache zu löschen sind (§§ 802 Abs. 3, 802 d Abs. 1 ZPO). Die Weiterleitung
dieser Daten an Dritte ist unzulässig.
Nach Zweckerreichung sind erlangte Schuldnerdaten zu löschen.
Informationen zum Schutz personenbezogener Daten bei deren Verarbeitung durch die Justiz nach Artikel 13 und Artikel 14 der Europäischen
Datenschutz-Grundverordnung finden sich auf der Internetseite des Gerichts.
Die entstandenen Kosten bitte ich auf mein Dienstkonto zu überweisen. GiroCode 67,40 €.
Kostenrechnung GvKostG (KV=Kostenverzeichnis) in EUR v. 25.02.26
Mit freundlichen Grüßen
Nr. Bezeichnung
Betrag Anz. Gesamt
1
KV 102 Sonstige Zustellung
3,60 1
3,60
2
KV 604 Nicht erled. Amtshandl.
18,00 1
18,00
zu KV 260
(Katrin Bizer)
3
KV 208 Versuch gütliche Erled.
9,60 1
9,60
Gerichtsvollzieherin
4 KV 440 Auskunft BZSt
15,60 1
15,60
beim Amtsgericht Heidelberg
5
KV 701 Entgelt Zustellung
5,62 2
11,24
6
KV 716 Pauschale
9,36
7
Rechnungs- und Zahlungsbetrag
67,40
Rechtsbehelfsbelehrung: Gegen diese Kostenrechnung kann Erinnerung
(zweckmäßig begründet) beim Amtsgericht Heidelberg, Kurfürsten-Anlage
15, 69115 Heidelberg,schriftlich oder zu Protokoll der Geschäftsstelle
eingelegt werden. Die Erinnerung kann als ein für die Bearbeitung durch
das Gericht gem. §§ 2 und 5 ERVV geeignetes elektronisches Dokument
eingereicht werden. Die verantwortende Person muss jedes Dokument mit
einer qualifizierten elektronischen Signatur (QES) versehen und gem. § 4
ERVV oder signiert auf sicherem Übermittlungsweg gem. § 130a Abs. 4
ZPO einreichen. Weitere Informationen unter www.justiz.de.
Seite 1
<page_2>
Anlage zu GZ: St II 4 - S 0229a KEVIZZ 361203/26 (Bitte stets angeben)
Ergebnisse
zu der Anfrage von dem/der:
Gerichtsvollzieherin
Katrin Bizer
vom:
10.02.2026
Ihr AZ:
DR II 1336/25
mit folgenden Anhaltsdaten:
Name:
Nachname:
Kandogmus
Vorname:
Zümrüt
Geburtsdatum:
15.12.2001
Kontonummer:
Sparkasse Rhein Neckar Nord
BAK-Nr.: 100516
D 1, 1 3, 68159 Mannheim
Trefferanzahl: 2
Kontonummer: DE74670505050038713116
Errichtungsdatum: 07.09.2007
Kontoinfo:
Auflösungsdatum:
Kontoinhaber
Geburtsdatum
Seit
Bis
Zümrüt Kandogmus
15.12.2001
03.02.2014
Grenzhöfer Str. 57, 68535 Edingen-Neckarhausen
Verfügungsberechtigte
Geburtsdatum Seit
Bis
04.02.2020
04.02.2020
Kontonummer: DE40670505051200652866
Errichtungsdatum: 19.04.2024
Kontoinfo:
Auflösungsdatum:
Kontoinhaber
Geburtsdatum
Seit
Bis
Zümrüt Kandogmus
15.12.2001
19.04.2024
Grenzhöfer Str. 57, 68535 Edingen-Neckarhausen
Anfrage von Gerichtsvollzieherin
Seite
1 von
2
Katrin Bizer (G08858) zu AZ DR II 1336/25
<page_3>
Anlage zu GZ: St II 4 - S 0229a KEVIZZ 361203/26 (Bitte stets angeben)
Hanseatic Bank GmbH & Co KG
BAK-Nr.: 104114
Fuhlsbüttler Straße 437, 22309 Hamburg
Trefferanzahl: 1
Kontonummer: DE13201207007000946707
Errichtungsdatum: 20.12.2021
Kontoinfo:
Auflösungsdatum:
Kontoinhaber
Geburtsdatum
Seit
Bis
Hasan Kandogmus
01.12.1971
24.07.2023
Grenzhöferstr. 57, 68535 Edingen-Neckarhausen
Deutschland
Zümrüt Kandogmus
15.12.2001
24.07.2023
Grenzhöferstr. 57, 68535 Edingen-Neckarhausen
Deutschland
Trade Republic Bank GmbH
BAK-Nr.: 150368
Brunnenstraße 19 21, 10119 Berlin
Trefferanzahl: 3
Kontonummer: 0616976301
Errichtungsdatum: 05.02.2024
Kontoinfo:
Auflösungsdatum:
Kontoinhaber
Geburtsdatum Seit
Bis
Zümrüt Kandogmus
15.12.2001
05.02.2024
Grenzhöfer Straße 57, 68535 Edingen-Neckarhausen
DE
Kontonummer: DE36120700700122467073
Errichtungsdatum: 30.05.2024
Kontoinfo:
Auflösungsdatum:
Kontoinhaber
Geburtsdatum
Seit
Bis
Zümrüt Kandogmus
15.12.2001
30.05.2024
Grenzhöfer Straße 57, 68535 Edingen-Neckarhausen
DE
Kontonummer: DE74100123450616976301
Errichtungsdatum: 26.06.2025
Kontoinfo:
Auflösungsdatum:
Kontoinhaber
Geburtsdatum
Seit
Bis
Zümrüt Kandogmus
15.12.2001
26.06.2025
Grenzhöfer Straße 57, 68535 Edingen-Neckarhausen
DE
Anfrage von Gerichtsvollzieherin
Seite
2 von
2
Katrin Bizer (G08858) zu AZ DR II 1336/25",True," Gerichtsvollzieherin
Waldhofer Straße 17
Katrin Bizer
69123 Heidelberg
Bürozeiten
Amtsgericht
DI. 09:30 10:30 Uhr
Heidelberg
DO. 09:30 10:30 Uhr
Telefon
0157 35729179
Dienstkonto
AN84 6609 0800 0008 3708 9:
GVin Bizer, Waldhofer Str. 17, 69123 Heidelberg
BIC GENODE61BBB
E-Mail
Katrin.Bizer@agheidelberg.justiz.bwl.de
PAIR Finance
Knesebeckstraße 62-63
10719 Berlin
Mein Zeichen
Ihr Zeichen
1 DR II 1336/25
Heidelberg, 25.02.2026
Bitte immer angeben!
Das Büro ist vom 09.03.2026 bis einschließlich 20.03.2026 geschlossen!
Zwangsvollstreckungssache
PAIR Finance GmbH, Knesebeckstraße 62-63, 10719 Berlin
gegen
Frau Zümrüt Kandogmus, Grenzhöfer Straße 57, 68535 Edingen-Neckarhausen
Sehr geehrte Damen und Herren,
in oben genannter Sache ist d. Schuld. dem Termin zur Abgabe der Vermögensauskunft, trotz ordnungsgemäßer
Ladung, unentschuldigt ferngeblieben.
D. Sch. wurde gemäß § 882c ZPO in das zentrale Schuldnerverzeichnis eingetragen.
Antragsgemäß wurden die Drittauskünfte gem. § 8021 ZPO eingeholt. Das Ergebnis erhalten Sie anliegend übersandt.
Ich weise Sie ausdrücklich darauf hin, dass die erlangten Daten nur zu Vollstreckungszwecken genutzt werden dürfen
und nach Zweckerreichung in dieser Sache zu löschen sind (§§ 802 Abs. 3, 802 d Abs. 1 ZPO). Die Weiterleitung
dieser Daten an Dritte ist unzulässig.
Nach Zweckerreichung sind erlangte Schuldnerdaten zu löschen.
Informationen zum Schutz personenbezogener Daten bei deren Verarbeitung durch die Justiz nach Artikel 13 und Artikel 14 der Europäischen
Datenschutz-Grundverordnung finden sich auf der Internetseite des Gerichts.
Die entstandenen Kosten bitte ich auf mein Dienstkonto zu überweisen. GiroCode 67,40 €.
Kostenrechnung GvKostG (KV=Kostenverzeichnis) in EUR v. 25.02.26
Mit freundlichen Grüßen
Nr. Bezeichnung
Betrag Anz. Gesamt
1
KV 102 Sonstige Zustellung
3,60 1
3,60
2
KV 604 Nicht erled. Amtshandl.
18,00 1
18,00
zu KV 260
(Katrin Bizer)
3
KV 208 Versuch gütliche Erled.
9,60 1
9,60
Gerichtsvollzieherin
4 KV 440 Auskunft BZSt
15,60 1
15,60
beim Amtsgericht Heidelberg
5
KV 701 Entgelt Zustellung
5,62 2
11,24
6
KV 716 Pauschale
9,36
7
Rechnungs- und Zahlungsbetrag
67,40
Rechtsbehelfsbelehrung: Gegen diese Kostenrechnung kann Erinnerung
(zweckmäßig begründet) beim Amtsgericht Heidelberg, Kurfürsten-Anlage
15, 69115 Heidelberg,schriftlich oder zu Protokoll der Geschäftsstelle
eingelegt werden. Die Erinnerung kann als ein für die Bearbeitung durch
das Gericht gem. §§ 2 und 5 ERVV geeignetes elektronisches Dokument
eingereicht werden. Die verantwortende Person muss jedes Dokument mit
einer qualifizierten elektronischen Signatur (QES) versehen und gem. § 4
ERVV oder signiert auf sicherem Übermittlungsweg gem. § 130a Abs. 4
ZPO einreichen. Weitere Informationen unter www.justiz.de.
Seite 1
 Anlage zu GZ: St II 4 - S 0229a KEVIZZ 361203/26 (Bitte stets angeben)
Ergebnisse
zu der Anfrage von dem/der:
Gerichtsvollzieherin
Katrin Bizer
vom:
10.02.2026
Ihr AZ:
DR II 1336/25
mit folgenden Anhaltsdaten:
Name:
Nachname:
Kandogmus
Vorname:
Zümrüt
Geburtsdatum:
15.12.2001
Kontonummer:
Sparkasse Rhein Neckar Nord
BAK-Nr.: 100516
D 1, 1 3, 68159 Mannheim
Trefferanzahl: 2
Kontonummer: DE74670505050038713116
Errichtungsdatum: 07.09.2007
Kontoinfo:
Auflösungsdatum:
Kontoinhaber
Geburtsdatum
Seit
Bis
Zümrüt Kandogmus
15.12.2001
03.02.2014
Grenzhöfer Str. 57, 68535 Edingen-Neckarhausen
Verfügungsberechtigte
Geburtsdatum Seit
Bis
04.02.2020
04.02.2020
Kontonummer: DE40670505051200652866
Errichtungsdatum: 19.04.2024
Kontoinfo:
Auflösungsdatum:
Kontoinhaber
Geburtsdatum
Seit
Bis
Zümrüt Kandogmus
15.12.2001
19.04.2024
Grenzhöfer Str. 57, 68535 Edingen-Neckarhausen
Anfrage von Gerichtsvollzieherin
Seite
1 von
2
Katrin Bizer (G08858) zu AZ DR II 1336/25
 Anlage zu GZ: St II 4 - S 0229a KEVIZZ 361203/26 (Bitte stets angeben)
Hanseatic Bank GmbH & Co KG
BAK-Nr.: 104114
Fuhlsbüttler Straße 437, 22309 Hamburg
Trefferanzahl: 1
Kontonummer: DE13201207007000946707
Errichtungsdatum: 20.12.2021
Kontoinfo:
Auflösungsdatum:
Kontoinhaber
Geburtsdatum
Seit
Bis
Hasan Kandogmus
01.12.1971
24.07.2023
Grenzhöferstr. 57, 68535 Edingen-Neckarhausen
Deutschland
Zümrüt Kandogmus
15.12.2001
24.07.2023
Grenzhöferstr. 57, 68535 Edingen-Neckarhausen
Deutschland
Trade Republic Bank GmbH
BAK-Nr.: 150368
Brunnenstraße 19 21, 10119 Berlin
Trefferanzahl: 3
Kontonummer: 0616976301
Errichtungsdatum: 05.02.2024
Kontoinfo:
Auflösungsdatum:
Kontoinhaber
Geburtsdatum Seit
Bis
Zümrüt Kandogmus
15.12.2001
05.02.2024
Grenzhöfer Straße 57, 68535 Edingen-Neckarhausen
DE
Kontonummer: DE36120700700122467073
Errichtungsdatum: 30.05.2024
Kontoinfo:
Auflösungsdatum:
Kontoinhaber
Geburtsdatum
Seit
Bis
Zümrüt Kandogmus
15.12.2001
30.05.2024
Grenzhöfer Straße 57, 68535 Edingen-Neckarhausen
DE
Kontonummer: DE74100123450616976301
Errichtungsdatum: 26.06.2025
Kontoinfo:
Auflösungsdatum:
Kontoinhaber
Geburtsdatum
Seit
Bis
Zümrüt Kandogmus
15.12.2001
26.06.2025
Grenzhöfer Straße 57, 68535 Edingen-Neckarhausen
DE
Anfrage von Gerichtsvollzieherin
Seite
2 von
2
Katrin Bizer (G08858) zu AZ DR II 1336/25",drittauskunft,False,False,ba9b1fcd-81a8-51d4-a593-7f9b043236a2,acd659dc-1c2e-59fb-b29e-56cd3e95f4eb,bd08800d05ff7cf06ea333a5853b3ee7fd193fa516eb1fc9006997c0d9d344a6,s3://pair-data-engineering-new/ocr_prepared_output/bd08800d05ff7cf06ea333a5853b3ee7fd193fa516eb1fc9006997c0d9d344a6.json
data/aftercourt/drittauskunf_with_invoice/Dokumente_165825_15122025_132759-signed20251217-311-19b49nh.pdf,"<page_1>
Daniel Arlt
Ulrich-Kaegerl-Straße 5
Obergerichtsvollzieher
94405 Landau a. d. Isar
E-Mail: GV-Arlt@t-online.de
Sprechstunden:
Montag: 09:00- 10:00 Uhr
Mittwoch: 09:00- 10:00 Uhr
Abs. OGV Arlt, Ulrich-Kaegerl-Straße 5, 94405 Landau a. d. Isar
Telefon 09951/6929230
Pair Finance GmbH
Telefax 09951/6929280
Knesebeckstraße 62-63
10719 Berlin
Dienstkonto:
IBAN: DE18 6609 0800 0000 8466 27
BIC: GENODE61BBB
BBBank Karlsruhe
1 DR II 1658/25
Bitte bei allen Schreiben
und Zahlungen angeben!
178617953884
Landau a. d. Isar, 15.12.2025
Zwangsvollstreckungssache
Liquandum Capital II GmbH, vertr. d. d. Geschäftsführer, Knesebeckstrasse 62-63, 10719 Berlin
vertreten durch: Pair Finance GmbH, Knesebeckstraße 62-63, 10719 Berlin, Az.178617953884
gegen
Frau Nadine Kerscher, Zehentstadel 9, 94431 Pilsting
Sehr geehrte Damen und Herren,
in obiger Sache ist die Schuldnerin zum Termin (Montag, 15. Dezember 2025, um 12:00 Uhr) zwecks Abgabe der
Vermögensauskunft nicht erschienen.
Anliegend erhalten Sie wie von Ihnen beantragt:
Auskunft vom Bundeszentralamt für Steuern
Die erlangten Angaben dürfen nur zu Vollstreckungszwecken verwendet werden. Nach Zweckerreichung
(insbesondere bei vollständiger Zahlung) sind die Daten zu löschen.
Die Übersendung der Auskunft erfolgt nach § 8021 Abs. 4 ZPO
Die nachstehenden Kosten überweisen Sie bitte binnen zwei Wochen auf mein obiges Dienstkonto.
Mit freundlichen Grüßen
Kostenrechnung gem. GVKostG (KV=Kostenverzeichnis)
KV102 Sonstige Zustellung
3,60 €
Arlt
KV208 Versuch e. gütl. Erledigung
9,60 €
Obergerichtsvollzieher
KV442 Einholung einer Auskunft
6,00 €
KV604(260) Nicht erl. Vermögensaus..
18,00 €
beim Amtsgericht Landau a. d. Isar
KV701 Entgelte für Zustellungen (2x)
11,24€
KV716 Auslagenpauschale
9,24 €
Summe
57,68€
Kostenschuldner gem. §13 GVKostG ist Liquandum Capital II GmbH
Rechtsbehelfsbelehrung: Gegen diese Kostenrechnung kann Erinnerung bei dem Amtsgericht Landau a. d. Isar Vollstreckungsgericht Hochstraße 17, 94405 Landau
a. d. Isar, schriftlich oder zu Protokoll der Geschäftsstelle eingelegt werden. Der Rechtsbehelf kann auch als elektronisches Dokument eingereicht werden. Das
elektronische Dokument muss für die Bearbeitung durch das Gericht gemäß §§ 2 und 5 der Elektronischer-Rechtsverkehr-Verordnung ERVV) geeignet sein. Eine
einfache E-Mail genügt den gesetzlichen Anforderungen nicht. Rechtsbehelfe, die durch einen Rechtsanwalt, durch eine Behörde oder durch eine juristische Person
des öffentlichen Rechts einschließlich der von ihr zur Erfüllung ihrer öffentlichen Aufgaben gebildeten Zusammenschlüsse eingereicht werden, sind als elektronisches
Dokument einzureichen. Das elektronische Dokument muss
1. mit einer qualifizierten elektronischen Signatur der verantwortenden Person versehen sein und gemäß § 4 ERVV übermittelt werden, wobei mehrere elektronische
Dokumente nicht mit einer gemeinsamen qualifizierten elektronischen Signatur übermittelt werden dürfen, oder
DR II 1658/25, Seite 1
<page_2>
2. von der verantwortenden Person signiert und auf einem der sicheren Übermittlungswege, die in § 130a Absatz 4 ZPO abschließend aufgeführt sind eingereicht
werden.
Informationen hierzu können über das Internetportal https://justiz.de/laender-bund-europa/elektronische_kommunikation/index.php a aufgerufen werden.
Ihre personenbezogenen Daten werden verarbeitet. Weitere Informationen finden Sie unter der Homepage des Amtsgericht Landau a. d. Isar:
www.justiz.bayern.de/gerichte-und-behoerden/amtsgerichte/landau/datenschutz.php oder über obenstehende Kontaktdaten.
Ergänzend wird darauf hingewiesen, dass auch gegenüber den Bürokräften der Gerichtsvollzieher*innen personenbezogene Daten offengelegt werden.
DR II 1658/25, Seite 2
<page_3>
Bundeszentralamt
für Steuern
POSTANSCHRIFT
Bundeszentralamt für Steuern, 11055 Berlin
HAUSANSCHRIFT
DGZ-Ring 12, 13086 Berlin
BEARBEITET VON
Obergerichtsvollzieher
D. Arlt
Steuerabteilung National
Kontenabrufverfahren
Ulrich-Kaegerl-Straße 5
TEL
+49 (0) 2 28 40 6-3600
94405 Landau an der Isar
FAX
+49 (0) 2 28 40 6-4408
E-MAIL
kontenabruf@bzst.bund.de
INTERNET
www.bzst.bund.de
BETREFF
Kontenabrufersuchen nach §§ 93, 93b Abgabenordnung (AO)
BEZUG
Ihr Kontenabrufersuchen vom 18.11.2025 AZ: DR Il 1624/25
ANLAGEN
1
GZ
St II 4 S 0229a KEVIZZ 2710270/25
(bei Antwort bitte angeben)
DATUM
20.11.2025
Ihr oben genanntes Kontenabrufersuchen ist im Rahmen des automatisierten Abrufs von
Kontoinformationen bearbeitet worden. Die Ergebnisse dieses Abrufs entnehmen Sie bitte der
nachfolgenden Anlage.
Bitte beachten Sie
dass die Verantwortung für die Zulässigkeit des Datenabrufs und die Datenübermittlung die
ersuchende Behörde trägt (§ 93b Abs. 3 AO),
die Informations- und Dokumentationspflichten gemäß § 93 Abs. 9 und 10 AO sowie den
Anwendungserlass zur Abgabenordnung (AEAO),
dass die Kontenstammdaten in der Datei nach § 24c Kreditwesengesetz (KWG) durch die
beteiligten Kreditinstitute vorgehalten werden. Ich kann deshalb keine Haftung dafür
übernehmen, dass die im Rahmen des Kontenabrufs mitgeteilten Daten vollständig und
inhaltlich korrekt sind.
Zum Inhalt des Ergebnisses bemerke ich folgendes:
Aufgrund der gesetzlichen Vorgabe der Unterscheidungsmerkmale in den von den Kreditinstituten
zu führenden Dateien kann die Identität der gemeldeten Personen immer nur im Hinblick auf die
Merkmale Name und Geburtsdatum für die Kontoinhaber und Verfügungsberechtigten bzw. Name
und Anschrift für die abweichend wirtschaftlich Berechtigten festgestellt werden. Insofern muss das
übermittelte Abrufergebnis trotz Übereinstimmung des Namens und des Geburtsdatums nicht
zwingend mit der von Ihnen abgefragten Person identisch sein. Das gilt auch für
Firmenbezeichnungen. Die auf dem Kontenabrufersuchen gleichwohl anzugebende Anschrift des
Kontoinhabers oder des Verfügungsberechtigten wird nicht in die Abfrage einbezogen.
<page_4>
Bundeszentralamt
für Steuern
Bei Rückfragen bitte ich Sie, zunächst die FAQ (häufige Fragen) zu beachten, die Sie auf der
Homepage des BZSt unter http://www.bzst.bund.de oder, sofern Sie für die Verwaltung der
Grundsicherung für Arbeitsuchende nach dem Zweiten Buch Sozialgesetzbuch zuständig sind, im
Intranet der Bundesagentur für Arbeit finden. Sie können sich aber auch an die oben angegebene
Telefonnummer wenden.
Dieses Anschreiben wurde automatisch erstellt und ist ohne Unterschrift gültig.
<page_5>
Anlage zu GZ: St II 4 - S 0229a KEVIZZ 2710270/25 (Bitte stets angeben)
Ergebnisse
zu der Anfrage von dem/der:
Obergerichtsvollzieher
D. Arlt
vom:
18.11.2025
Ihr AZ:
DR II 1624/25
mit folgenden Anhaltsdaten:
Name:
Nachname:
Kerscher
Vorname:
Nadine Katharina
Geburtsdatum:
08.07.1989
Kontonummer:
Deutsche Kreditbank Aktiengesellschaft
BAK-Nr.: 100215
Taubenstraße 7-9, 10117 Berlin
Trefferanzahl: 1
Kontonummer: DE42120300001039150386
Errichtungsdatum: 20.06.2016
Kontoinfo:
Auflösungsdatum:
Kontoinhaber
Geburtsdatum
Seit
Bis
Nadine Katharina Kerscher
08.07.1989
20.06.2016
Zehentstadel 09, 94431 Pilsting
VR-Bank Landau-Mengkofen eG
BAK-Nr.: 102319
Marienplatz 1, 94405 Landau a.d.lsar
Trefferanzahl: 1
Kontonummer: DE92741910000007356749
Errichtungsdatum: 03.01.2025
Kontoinfo:
Auflösungsdatum:
Kontoinhaber
Geburtsdatum Seit
Bis
Nadine Katharina Kerscher
08.07.1989
03.01.2025
Zehentstadel 9 94431 Pilsting
Die Übersendung der Auskunft erfolgt nach § 8021 Abs. 4
ZPO.
gez.
Arlt, Obergerichtsvollzieher
Anfrage von Obergerichtsvollzieher
Seite
1 von
1
D. Arlt (G09750) zu AZ DR II 1624/25
<page_6>
Bundeszentralamt
für Steuern
POSTANSCHRIFT
Bundeszentralamt für Steuern, 11055 Berlin
HAUSANSCHRIFT
DGZ-Ring 12, 13086 Berlin
BEARBEITET VON
Obergerichtsvollzieher
D. Arlt
Steuerabteilung National
Kontenabrufverfahren
Ulrich-Kaegerl-Straße 5
TEL
+49 (0) 2 28 40 6-3600
94405 Landau an der Isar
FAX
+49 (0) 2 28 40 6-4408
E-MAIL
kontenabruf@bzst.bund.de
INTERNET
www.bzst.bund.de
BETREFF
Kontenabrufersuchen nach §§ 93, 93b Abgabenordnung (AO)
BEZUG
Ihr Kontenabrufersuchen vom 18.11.2025 AZ: DR Il 1624/25
ANLAGEN
1
GZ
St II 4 S 0229a KEVIZZ 2716525/25
(bei Antwort bitte angeben)
DATUM
21.11.2025
Ihr oben genanntes Kontenabrufersuchen ist im Rahmen des automatisierten Abrufs von
Kontoinformationen bearbeitet worden. Die Ergebnisse dieses Abrufs entnehmen Sie bitte der
nachfolgenden Anlage.
Bitte beachten Sie
dass die Verantwortung für die Zulässigkeit des Datenabrufs und die Datenübermittlung die
ersuchende Behörde trägt (§ 93b Abs. 3 AO),
die Informations- und Dokumentationspflichten gemäß § 93 Abs. 9 und 10 AO sowie den
Anwendungserlass zur Abgabenordnung (AEAO),
dass die Kontenstammdaten in der Datei nach § 24c Kreditwesengesetz (KWG) durch die
beteiligten Kreditinstitute vorgehalten werden. Ich kann deshalb keine Haftung dafür
übernehmen, dass die im Rahmen des Kontenabrufs mitgeteilten Daten vollständig und
inhaltlich korrekt sind.
Zum Inhalt des Ergebnisses bemerke ich folgendes:
Aufgrund der gesetzlichen Vorgabe der Unterscheidungsmerkmale in den von den Kreditinstituten
zu führenden Dateien kann die Identität der gemeldeten Personen immer nur im Hinblick auf die
Merkmale Name und Geburtsdatum für die Kontoinhaber und Verfügungsberechtigten bzw. Name
und Anschrift für die abweichend wirtschaftlich Berechtigten festgestellt werden. Insofern muss das
übermittelte Abrufergebnis trotz Übereinstimmung des Namens und des Geburtsdatums nicht
zwingend mit der von Ihnen abgefragten Person identisch sein. Das gilt auch für
Firmenbezeichnungen. Die auf dem Kontenabrufersuchen gleichwohl anzugebende Anschrift des
Kontoinhabers oder des Verfügungsberechtigten wird nicht in die Abfrage einbezogen.
<page_7>
Bundeszentralamt
für Steuern
Bei Rückfragen bitte ich Sie, zunächst die FAQ (häufige Fragen) zu beachten, die Sie auf der
Homepage des BZSt unter http://www.bzst.bund.de oder, sofern Sie für die Verwaltung der
Grundsicherung für Arbeitsuchende nach dem Zweiten Buch Sozialgesetzbuch zuständig sind, im
Intranet der Bundesagentur für Arbeit finden. Sie können sich aber auch an die oben angegebene
Telefonnummer wenden.
Dieses Anschreiben wurde automatisch erstellt und ist ohne Unterschrift gültig.
<page_8>
Anlage zu GZ: St Il 4 - S 0229a KEVIZZ 2716525/25 (Bitte stets angeben)
Ergebnisse
zu der Anfrage von dem/der:
Obergerichtsvollzieher
D. Arlt
vom:
18.11.2025
Ihr AZ:
DR II 1624/25
mit folgenden Anhaltsdaten:
Name:
Nachname:
Kerscher
Vorname:
Nadine
Geburtsdatum:
08.07.1989
Kontonummer:
Der Abruf hat zu keinem Ergebnis geführt.
Die Übersendung der Auskunft erfolgt nach § 8021 Abs. 4 ZPO.
gez.
Arlt, Obergerichtsvollzieher
Anfrage von Obergerichtsvollzieher
Seite
1 von
1
D. Arlt (G09750) zu AZ DR Il 1624/25",True," Daniel Arlt
Ulrich-Kaegerl-Straße 5
Obergerichtsvollzieher
94405 Landau a. d. Isar
E-Mail: GV-Arlt@t-online.de
Sprechstunden:
Montag: 09:00- 10:00 Uhr
Mittwoch: 09:00- 10:00 Uhr
Abs. OGV Arlt, Ulrich-Kaegerl-Straße 5, 94405 Landau a. d. Isar
Telefon 09951/6929230
Pair Finance GmbH
Telefax 09951/6929280
Knesebeckstraße 62-63
10719 Berlin
Dienstkonto:
IBAN: DE18 6609 0800 0000 8466 27
BIC: GENODE61BBB
BBBank Karlsruhe
1 DR II 1658/25
Bitte bei allen Schreiben
und Zahlungen angeben!
178617953884
Landau a. d. Isar, 15.12.2025
Zwangsvollstreckungssache
Liquandum Capital II GmbH, vertr. d. d. Geschäftsführer, Knesebeckstrasse 62-63, 10719 Berlin
vertreten durch: Pair Finance GmbH, Knesebeckstraße 62-63, 10719 Berlin, Az.178617953884
gegen
Frau Nadine Kerscher, Zehentstadel 9, 94431 Pilsting
Sehr geehrte Damen und Herren,
in obiger Sache ist die Schuldnerin zum Termin (Montag, 15. Dezember 2025, um 12:00 Uhr) zwecks Abgabe der
Vermögensauskunft nicht erschienen.
Anliegend erhalten Sie wie von Ihnen beantragt:
Auskunft vom Bundeszentralamt für Steuern
Die erlangten Angaben dürfen nur zu Vollstreckungszwecken verwendet werden. Nach Zweckerreichung
(insbesondere bei vollständiger Zahlung) sind die Daten zu löschen.
Die Übersendung der Auskunft erfolgt nach § 8021 Abs. 4 ZPO
Die nachstehenden Kosten überweisen Sie bitte binnen zwei Wochen auf mein obiges Dienstkonto.
Mit freundlichen Grüßen
Kostenrechnung gem. GVKostG (KV=Kostenverzeichnis)
KV102 Sonstige Zustellung
3,60 €
Arlt
KV208 Versuch e. gütl. Erledigung
9,60 €
Obergerichtsvollzieher
KV442 Einholung einer Auskunft
6,00 €
KV604(260) Nicht erl. Vermögensaus..
18,00 €
beim Amtsgericht Landau a. d. Isar
KV701 Entgelte für Zustellungen (2x)
11,24€
KV716 Auslagenpauschale
9,24 €
Summe
57,68€
Kostenschuldner gem. §13 GVKostG ist Liquandum Capital II GmbH
Rechtsbehelfsbelehrung: Gegen diese Kostenrechnung kann Erinnerung bei dem Amtsgericht Landau a. d. Isar Vollstreckungsgericht Hochstraße 17, 94405 Landau
a. d. Isar, schriftlich oder zu Protokoll der Geschäftsstelle eingelegt werden. Der Rechtsbehelf kann auch als elektronisches Dokument eingereicht werden. Das
elektronische Dokument muss für die Bearbeitung durch das Gericht gemäß §§ 2 und 5 der Elektronischer-Rechtsverkehr-Verordnung ERVV) geeignet sein. Eine
einfache E-Mail genügt den gesetzlichen Anforderungen nicht. Rechtsbehelfe, die durch einen Rechtsanwalt, durch eine Behörde oder durch eine juristische Person
des öffentlichen Rechts einschließlich der von ihr zur Erfüllung ihrer öffentlichen Aufgaben gebildeten Zusammenschlüsse eingereicht werden, sind als elektronisches
Dokument einzureichen. Das elektronische Dokument muss
1. mit einer qualifizierten elektronischen Signatur der verantwortenden Person versehen sein und gemäß § 4 ERVV übermittelt werden, wobei mehrere elektronische
Dokumente nicht mit einer gemeinsamen qualifizierten elektronischen Signatur übermittelt werden dürfen, oder
DR II 1658/25, Seite 1
 2. von der verantwortenden Person signiert und auf einem der sicheren Übermittlungswege, die in § 130a Absatz 4 ZPO abschließend aufgeführt sind eingereicht
werden.
Informationen hierzu können über das Internetportal https://justiz.de/laender-bund-europa/elektronische_kommunikation/index.php a aufgerufen werden.
Ihre personenbezogenen Daten werden verarbeitet. Weitere Informationen finden Sie unter der Homepage des Amtsgericht Landau a. d. Isar:
www.justiz.bayern.de/gerichte-und-behoerden/amtsgerichte/landau/datenschutz.php oder über obenstehende Kontaktdaten.
Ergänzend wird darauf hingewiesen, dass auch gegenüber den Bürokräften der Gerichtsvollzieher*innen personenbezogene Daten offengelegt werden.
DR II 1658/25, Seite 2
 Bundeszentralamt
für Steuern
POSTANSCHRIFT
Bundeszentralamt für Steuern, 11055 Berlin
HAUSANSCHRIFT
DGZ-Ring 12, 13086 Berlin
BEARBEITET VON
Obergerichtsvollzieher
D. Arlt
Steuerabteilung National
Kontenabrufverfahren
Ulrich-Kaegerl-Straße 5
TEL
+49 (0) 2 28 40 6-3600
94405 Landau an der Isar
FAX
+49 (0) 2 28 40 6-4408
E-MAIL
kontenabruf@bzst.bund.de
INTERNET
www.bzst.bund.de
BETREFF
Kontenabrufersuchen nach §§ 93, 93b Abgabenordnung (AO)
BEZUG
Ihr Kontenabrufersuchen vom 18.11.2025 AZ: DR Il 1624/25
ANLAGEN
1
GZ
St II 4 S 0229a KEVIZZ 2710270/25
(bei Antwort bitte angeben)
DATUM
20.11.2025
Ihr oben genanntes Kontenabrufersuchen ist im Rahmen des automatisierten Abrufs von
Kontoinformationen bearbeitet worden. Die Ergebnisse dieses Abrufs entnehmen Sie bitte der
nachfolgenden Anlage.
Bitte beachten Sie
dass die Verantwortung für die Zulässigkeit des Datenabrufs und die Datenübermittlung die
ersuchende Behörde trägt (§ 93b Abs. 3 AO),
die Informations- und Dokumentationspflichten gemäß § 93 Abs. 9 und 10 AO sowie den
Anwendungserlass zur Abgabenordnung (AEAO),
dass die Kontenstammdaten in der Datei nach § 24c Kreditwesengesetz (KWG) durch die
beteiligten Kreditinstitute vorgehalten werden. Ich kann deshalb keine Haftung dafür
übernehmen, dass die im Rahmen des Kontenabrufs mitgeteilten Daten vollständig und
inhaltlich korrekt sind.
Zum Inhalt des Ergebnisses bemerke ich folgendes:
Aufgrund der gesetzlichen Vorgabe der Unterscheidungsmerkmale in den von den Kreditinstituten
zu führenden Dateien kann die Identität der gemeldeten Personen immer nur im Hinblick auf die
Merkmale Name und Geburtsdatum für die Kontoinhaber und Verfügungsberechtigten bzw. Name
und Anschrift für die abweichend wirtschaftlich Berechtigten festgestellt werden. Insofern muss das
übermittelte Abrufergebnis trotz Übereinstimmung des Namens und des Geburtsdatums nicht
zwingend mit der von Ihnen abgefragten Person identisch sein. Das gilt auch für
Firmenbezeichnungen. Die auf dem Kontenabrufersuchen gleichwohl anzugebende Anschrift des
Kontoinhabers oder des Verfügungsberechtigten wird nicht in die Abfrage einbezogen.
 Bundeszentralamt
für Steuern
Bei Rückfragen bitte ich Sie, zunächst die FAQ (häufige Fragen) zu beachten, die Sie auf der
Homepage des BZSt unter http://www.bzst.bund.de oder, sofern Sie für die Verwaltung der
Grundsicherung für Arbeitsuchende nach dem Zweiten Buch Sozialgesetzbuch zuständig sind, im
Intranet der Bundesagentur für Arbeit finden. Sie können sich aber auch an die oben angegebene
Telefonnummer wenden.
Dieses Anschreiben wurde automatisch erstellt und ist ohne Unterschrift gültig.
 Anlage zu GZ: St II 4 - S 0229a KEVIZZ 2710270/25 (Bitte stets angeben)
Ergebnisse
zu der Anfrage von dem/der:
Obergerichtsvollzieher
D. Arlt
vom:
18.11.2025
Ihr AZ:
DR II 1624/25
mit folgenden Anhaltsdaten:
Name:
Nachname:
Kerscher
Vorname:
Nadine Katharina
Geburtsdatum:
08.07.1989
Kontonummer:
Deutsche Kreditbank Aktiengesellschaft
BAK-Nr.: 100215
Taubenstraße 7-9, 10117 Berlin
Trefferanzahl: 1
Kontonummer: DE42120300001039150386
Errichtungsdatum: 20.06.2016
Kontoinfo:
Auflösungsdatum:
Kontoinhaber
Geburtsdatum
Seit
Bis
Nadine Katharina Kerscher
08.07.1989
20.06.2016
Zehentstadel 09, 94431 Pilsting
VR-Bank Landau-Mengkofen eG
BAK-Nr.: 102319
Marienplatz 1, 94405 Landau a.d.lsar
Trefferanzahl: 1
Kontonummer: DE92741910000007356749
Errichtungsdatum: 03.01.2025
Kontoinfo:
Auflösungsdatum:
Kontoinhaber
Geburtsdatum Seit
Bis
Nadine Katharina Kerscher
08.07.1989
03.01.2025
Zehentstadel 9 94431 Pilsting
Die Übersendung der Auskunft erfolgt nach § 8021 Abs. 4
ZPO.
gez.
Arlt, Obergerichtsvollzieher
Anfrage von Obergerichtsvollzieher
Seite
1 von
1
D. Arlt (G09750) zu AZ DR II 1624/25
 Bundeszentralamt
für Steuern
POSTANSCHRIFT
Bundeszentralamt für Steuern, 11055 Berlin
HAUSANSCHRIFT
DGZ-Ring 12, 13086 Berlin
BEARBEITET VON
Obergerichtsvollzieher
D. Arlt
Steuerabteilung National
Kontenabrufverfahren
Ulrich-Kaegerl-Straße 5
TEL
+49 (0) 2 28 40 6-3600
94405 Landau an der Isar
FAX
+49 (0) 2 28 40 6-4408
E-MAIL
kontenabruf@bzst.bund.de
INTERNET
www.bzst.bund.de
BETREFF
Kontenabrufersuchen nach §§ 93, 93b Abgabenordnung (AO)
BEZUG
Ihr Kontenabrufersuchen vom 18.11.2025 AZ: DR Il 1624/25
ANLAGEN
1
GZ
St II 4 S 0229a KEVIZZ 2716525/25
(bei Antwort bitte angeben)
DATUM
21.11.2025
Ihr oben genanntes Kontenabrufersuchen ist im Rahmen des automatisierten Abrufs von
Kontoinformationen bearbeitet worden. Die Ergebnisse dieses Abrufs entnehmen Sie bitte der
nachfolgenden Anlage.
Bitte beachten Sie
dass die Verantwortung für die Zulässigkeit des Datenabrufs und die Datenübermittlung die
ersuchende Behörde trägt (§ 93b Abs. 3 AO),
die Informations- und Dokumentationspflichten gemäß § 93 Abs. 9 und 10 AO sowie den
Anwendungserlass zur Abgabenordnung (AEAO),
dass die Kontenstammdaten in der Datei nach § 24c Kreditwesengesetz (KWG) durch die
beteiligten Kreditinstitute vorgehalten werden. Ich kann deshalb keine Haftung dafür
übernehmen, dass die im Rahmen des Kontenabrufs mitgeteilten Daten vollständig und
inhaltlich korrekt sind.
Zum Inhalt des Ergebnisses bemerke ich folgendes:
Aufgrund der gesetzlichen Vorgabe der Unterscheidungsmerkmale in den von den Kreditinstituten
zu führenden Dateien kann die Identität der gemeldeten Personen immer nur im Hinblick auf die
Merkmale Name und Geburtsdatum für die Kontoinhaber und Verfügungsberechtigten bzw. Name
und Anschrift für die abweichend wirtschaftlich Berechtigten festgestellt werden. Insofern muss das
übermittelte Abrufergebnis trotz Übereinstimmung des Namens und des Geburtsdatums nicht
zwingend mit der von Ihnen abgefragten Person identisch sein. Das gilt auch für
Firmenbezeichnungen. Die auf dem Kontenabrufersuchen gleichwohl anzugebende Anschrift des
Kontoinhabers oder des Verfügungsberechtigten wird nicht in die Abfrage einbezogen.
 Bundeszentralamt
für Steuern
Bei Rückfragen bitte ich Sie, zunächst die FAQ (häufige Fragen) zu beachten, die Sie auf der
Homepage des BZSt unter http://www.bzst.bund.de oder, sofern Sie für die Verwaltung der
Grundsicherung für Arbeitsuchende nach dem Zweiten Buch Sozialgesetzbuch zuständig sind, im
Intranet der Bundesagentur für Arbeit finden. Sie können sich aber auch an die oben angegebene
Telefonnummer wenden.
Dieses Anschreiben wurde automatisch erstellt und ist ohne Unterschrift gültig.
 Anlage zu GZ: St Il 4 - S 0229a KEVIZZ 2716525/25 (Bitte stets angeben)
Ergebnisse
zu der Anfrage von dem/der:
Obergerichtsvollzieher
D. Arlt
vom:
18.11.2025
Ihr AZ:
DR II 1624/25
mit folgenden Anhaltsdaten:
Name:
Nachname:
Kerscher
Vorname:
Nadine
Geburtsdatum:
08.07.1989
Kontonummer:
Der Abruf hat zu keinem Ergebnis geführt.
Die Übersendung der Auskunft erfolgt nach § 8021 Abs. 4 ZPO.
gez.
Arlt, Obergerichtsvollzieher
Anfrage von Obergerichtsvollzieher
Seite
1 von
1
D. Arlt (G09750) zu AZ DR Il 1624/25",drittauskunft,False,False,d9769e49-a43e-596f-996e-c8e49e83eaa9,a0366e06-b52c-5688-abcf-73903007cff4,b616e8dfca3e65160d12b4d1c3275a96cc08c88b28aa28e644f917bd80b46313,s3://pair-data-engineering-new/ocr_prepared_output/b616e8dfca3e65160d12b4d1c3275a96cc08c88b28aa28e644f917bd80b46313.json
data/aftercourt/drittauskunf_with_invoice/combined_pdf_Dr_ii_522_25_aus_schreibmaschine_25-522BZST_DRII522_25_09122025EIGENEVfgVAK-TerminNICHTerschienVAK20251217-311-kpk801.pdf,"<page_1>
Obergerichtsvollzieherin
Amtsgericht Wolfsburg
V. Collert
Rothenfelder Str. 43
38440 Wolfsburg
EGVP: DE.Justiz.38eac32d-9443-4ae4-a502-73a9322e37b6.4ca1
Sprechzeiten im Zimmer 48a
Montag 11 12 Uhr
Mittwoch 11 12 Uhr
05361-846-195
Telefon
0156-79710153 außerhalb der Sprechzeiten
OGVìn Collert * Rothenfelder Str. 43 38440 Wolfsburg
E-Mail
collert@gvzpost.de
Pair Finance GmbH
Knesebeckstraße 62-63
Dienstkonto
10719 Berlin
IBAN DE16250500000200912608
BIC NOLADE2HXXX
Mein Zeichen
Ihr Zeichen
DR II 522/25
167001936324
Wolfsburg, 09.12.2025
Bitte immer angeben!
Zwangsvollstreckungssache
Telekom Deutschland GmbH, Landgrabenweg 151, 53227 Bonn
vertr. d.
Pair Finance GmbH, Knesebeckstraße 62-63, 10719 Berlin
gegen
Frau Marie-Sophie Diepold, Marignanestraße 7, 38444 Wolfsburg
Sehr geehrte Damen und Herren,
in oben genannter Sache teile ich Ihnen mit, dass der Sch. im Termin zur Abgabe der Vermögensauskunft
trotz ordnungsgemäßer Ladung nicht erschienen ist.
Sie haben keinen Erlaß des Haftbefehls beantragt und erhalten die Vollstreckungsunterlagen zurückgesandt
Die Drittsch.Ausk. liegt/liegen an.
Nach Zweckerreichung sind erlangte Schuldnerdaten zu löschen.
Hinweis zum Datenschutz und zu Ihren Rechten finden sie in unserer Datenschutzerklärung unter: www.amtsgericht-wolfsburg.niedersachsen.de
Die Kosten bitte ich auf mein Dienstkonto zu überweisen. GiroCode 67,40 €
Kostenrechnung GvKostG (KV=Kostenverzeichnis) in EUR V. 09.12.25
Mit freundlichen Grüßen
Nr. Bezeichnung
Betrag Anz. Gesamt
1
KV 102 Sonstige Zustellung
3,60 1
3,60
2
KV 604 Nicht erled. Amtshandl.
18,00 1
18,00
zu 260
(Collert)
3
KV 208 Versuch gütliche Erled.
9,60 1
9,60
Obergerichtsvollzieherin
4
KV 440 §§ 755.2, 8021.1 ZPO
15,60 1
15,60
beim Amtsgericht Wolfsburg
5
KV 701 Entgelt Zustellung
5,62 2
11,24
6
KV 716 Pauschale
9,36
7
Rechnungs- und Zahlungsbetrag
67,40
Rechtsbehelfsbelehrung: Gegen diese Kostenrechnung kann Erinnerung
(zweckmäßig begründet) beim Amtsgericht Wolfsburg, Rothenfelder Str. 43,
38440 Wolfsburg, schriftlich oder zu Protokoll der Geschäftsstelle eingelegt
werden. Die Erinnerung kann als ein für die Bearbeitung durch das Gericht
gem. §§ 2 und 5 ERVV geeignetes elektronisches Dokument eingereicht
werden. Die verantwortende Person muss jedes Dokument mit einer
qualifizierten elektronischen Signatur (QES) versehen und gem. § 4 ERVV
oder signiert auf sicherem Übermittlungsweg gem. § 130a Abs. 4 ZPO
einreichen. Weitere Informationen unter www.justiz.de.
<page_2>
Bundeszentralamt
für Steuern
POSTANSCHRIFT
Bundeszentralamt für Steuern, 11055 Berlin
HAUSANSCHRIFT
DGZ-Ring 12, 13086 Berlin
BEARBEITET VON
Gerichtsvollzieherin
Victoria Collert
Steuerabteilung National
Kontenabrufverfahren
Rothenfelder Straße 43
TEL
+49 (0) 2 28 40 6-3600
38440 Wolfsburg
FAX
+49 (0) 2 28 40 6-4408
E-MAIL
kontenabruf@bzst.bund.de
INTERNET
www.bzst.bund.de
BETREFF
Kontenabrufersuchen nach §§ 93, 93b Abgabenordnung (AO)
BEZUG
Ihr Kontenabrufersuchen vom 09.12.2025 AZ: DR II 522/25
ANLAGEN
1
GZ
St II 4 S 0229a KEVIZZ 2872239/25
(bei Antwort bitte angeben)
DATUM
11.12.2025
Ihr oben genanntes Kontenabrufersuchen ist im Rahmen des automatisierten Abrufs von
Kontoinformationen bearbeitet worden. Die Ergebnisse dieses Abrufs entnehmen Sie bitte der
nachfolgenden Anlage.
Bitte beachten Sie
dass die Verantwortung für die Zulässigkeit des Datenabrufs und die Datenübermittlung die
ersuchende Behörde trägt (§ 93b Abs. 3 AO),
die Informations- und Dokumentationspflichten gemäß § 93 Abs. 9 und 10 AO sowie den
Anwendungserlass zur Abgabenordnung (AEAO),
dass die Kontenstammdaten in der Datei nach § 24c Kreditwesengesetz (KWG) durch die
beteiligten Kreditinstitute vorgehalten werden. Ich kann deshalb keine Haftung dafür
übernehmen, dass die im Rahmen des Kontenabrufs mitgeteilten Daten vollständig und
inhaltlich korrekt sind.
Zum Inhalt des Ergebnisses bemerke ich folgendes:
Aufgrund der gesetzlichen Vorgabe der Unterscheidungsmerkmale in den von den Kreditinstituten
zu führenden Dateien kann die Identität der gemeldeten Personen immer nur im Hinblick auf die
Merkmale Name und Geburtsdatum für die Kontoinhaber und Verfügungsberechtigten bzw. Name
und Anschrift für die abweichend wirtschaftlich Berechtigten festgestellt werden. Insofern muss das
übermittelte Abrufergebnis trotz Übereinstimmung des Namens und des Geburtsdatums nicht
zwingend mit der von Ihnen abgefragten Person identisch sein. Das gilt auch für
Firmenbezeichnungen. Die auf dem Kontenabrufersuchen gleichwohl anzugebende Anschrift des
Kontoinhabers oder des Verfügungsberechtigten wird nicht in die Abfrage einbezogen.
<page_3>
Bundeszentralamt
für Steuern
Bei Rückfragen bitte ich Sie, zunächst die FAQ (häufige Fragen) zu beachten, die Sie auf der
Homepage des BZSt unter http://www.bzst.bund.de oder, sofern Sie für die Verwaltung der
Grundsicherung für Arbeitsuchende nach dem Zweiten Buch Sozialgesetzbuch zuständig sind, im
Intranet der Bundesagentur für Arbeit finden. Sie können sich aber auch an die oben angegebene
Telefonnummer wenden.
Dieses Anschreiben wurde automatisch erstellt und ist ohne Unterschrift gültig.
<page_4>
Anlage zu GZ: St II 4 - S 0229a KEVIZZ 2872239/25 (Bitte stets angeben)
Ergebnisse
zu der Anfrage von dem/der:
Gerichtsvollzieherin
Victoria Collert
vom:
09.12.2025
Ihr AZ:
DR Il 522/25
mit folgenden Anhaltsdaten:
Name:
Nachname:
Mehmeti
Vorname:
Marie-Sophie
Geburtsdatum:
05.03.2001
Kontonummer:
Sparkasse Celle-Gifhorn-Wolfsburg
BAK-Nr.: 100732
Nordhoffstraße 1, 38518 Gifhorn
Trefferanzahl: 1
Kontonummer: DE46269513110163131337
Errichtungsdatum: 08.10.2024
Kontoinfo:
Auflösungsdatum:
Kontoinhaber
Geburtsdatum
Seit
Bis
Marie-Sophie Diepold
05.03.2001
08.10.2024
14.07.2025
Bromer Str. 9, 38448 Wolfsburg
Marie-Sophie Mehmeti
05.03.2001
14.07.2025
31.07.2025
Bromer Str. 9, 38448 Wolfsburg
Marie-Sophie Mehmeti
05.03.2001
31.07.2025
Marignanestr. 7, 38444 Wolfsburg
Anfrage von Gerichtsvollzieherin
Seite
1 von
1
Victoria Collert (G03432) zu AZ DR II 522/25
<page_5>
DR II 522/25
Frau Marie-Sophie Diepold Marignanestraße 7 38444 Wolfsburg
Protokoll
Für den heute anberaumten Termin zur Abgabe der Vermögensauskunft habe ich mich in das Zimmer 48a * Amtsgericht WOB
Rothenfelder Str. 43 begeben und festgestellt:
Der Schuldner ist zu diesem Termin ordnungsgemäß geladen worden.
Die Schuldnerin erschien nicht.
D. Gläubig. hat für diesen Fall die Ausstellung eines Haftbefehls nicht beantragt.
D. Schuld. ist mit der Terminsladung über die Möglichkeit der gütlichen Erledigung gem. § 802b ZPO schriftlich in Kenntnis
gesetzt worden. Eine Rückmeldung seitens d. Sch. auf meine schriftl. Aufford. ist nicht erfolgt.
Die gütliche Erledigung ist gescheitert.
Wolfsburg, 09.12.2025
(Collert Obergerichtsvollzieherin)
Verfügung:
1. Mitteilung an Gl./Vertr. ab.
2. Kosten erhoben per Zahlungsaufforderung.
3. Kein Haftbefehl beantragt.
4. Geb.-Datum und Ort sind amtsbekannt:
5. Mitteilung über Eintragungsanordnung mit RMB per Post-ZU heute an Schuldn. ab.
6. Nach Ablauf der Widerspruchsfrist von 2 Wochen nach ZU Veranlassung der Eintragungsanordung.
7. Nach Eingang der EMA Einholung der beantragten Auskünfte bei
-Bundeszentralamt für Steuern
Kostenrechnung GvKostG (KV=Kostenverzeichnis) in EUR V. 09.12.25
Nr. Bezeichnung
Betrag Anz. Gesamt
1
KV 102 Sonstige Zustellung
3,60 1
3,60
2
KV 604 Nicht erled. Amtshandl.
18,00 1
18,00
zu 260
3
KV 208 Versuch gütliche Erled.
9,60 1
9,60
4
KV 440 §§ 755.2, 8021.1 ZPO
15,60 1
15,60
5
KV 701 Entgelt Zustellung
5,62 2
11,24
6
KV 716 Pauschale
9,36
7
Rechnungs- und Zahlungsbetrag
67,40
Rechtsbehelfsbelehrung: Gegen diese Kostenrechnung kann Erinnerung
(zweckmäßig begründet) beim Amtsgericht Wolfsburg, Rothenfelder Str. 43,
38440 Wolfsburg, schriftlich oder zu Protokoll der Geschäftsstelle eingelegt
werden. Die Erinnerung kann als ein für die Bearbeitung durch das Gericht
gem. §§ 2 und 5 ERVV geeignetes elektronisches Dokument eingereicht
werden. Die verantwortende Person muss jedes Dokument mit einer
qualifizierten elektronischen Signatur (QES) versehen und gem. § 4 ERVV
oder signiert auf sicherem Übermittlungsweg gem. § 130a Abs. 4 ZPO
einreichen. Weitere Informationen unter www.justiz.de.
KB II
Wolfsburg, 09.12.2025
(Collert Obergerichtsvollzieherin)",True," Obergerichtsvollzieherin
Amtsgericht Wolfsburg
V. Collert
Rothenfelder Str. 43
38440 Wolfsburg
EGVP: DE.Justiz.38eac32d-9443-4ae4-a502-73a9322e37b6.4ca1
Sprechzeiten im Zimmer 48a
Montag 11 12 Uhr
Mittwoch 11 12 Uhr
05361-846-195
Telefon
0156-79710153 außerhalb der Sprechzeiten
OGVìn Collert * Rothenfelder Str. 43 38440 Wolfsburg
E-Mail
collert@gvzpost.de
Pair Finance GmbH
Knesebeckstraße 62-63
Dienstkonto
10719 Berlin
IBAN DE16250500000200912608
BIC NOLADE2HXXX
Mein Zeichen
Ihr Zeichen
DR II 522/25
167001936324
Wolfsburg, 09.12.2025
Bitte immer angeben!
Zwangsvollstreckungssache
Telekom Deutschland GmbH, Landgrabenweg 151, 53227 Bonn
vertr. d.
Pair Finance GmbH, Knesebeckstraße 62-63, 10719 Berlin
gegen
Frau Marie-Sophie Diepold, Marignanestraße 7, 38444 Wolfsburg
Sehr geehrte Damen und Herren,
in oben genannter Sache teile ich Ihnen mit, dass der Sch. im Termin zur Abgabe der Vermögensauskunft
trotz ordnungsgemäßer Ladung nicht erschienen ist.
Sie haben keinen Erlaß des Haftbefehls beantragt und erhalten die Vollstreckungsunterlagen zurückgesandt
Die Drittsch.Ausk. liegt/liegen an.
Nach Zweckerreichung sind erlangte Schuldnerdaten zu löschen.
Hinweis zum Datenschutz und zu Ihren Rechten finden sie in unserer Datenschutzerklärung unter: www.amtsgericht-wolfsburg.niedersachsen.de
Die Kosten bitte ich auf mein Dienstkonto zu überweisen. GiroCode 67,40 €
Kostenrechnung GvKostG (KV=Kostenverzeichnis) in EUR V. 09.12.25
Mit freundlichen Grüßen
Nr. Bezeichnung
Betrag Anz. Gesamt
1
KV 102 Sonstige Zustellung
3,60 1
3,60
2
KV 604 Nicht erled. Amtshandl.
18,00 1
18,00
zu 260
(Collert)
3
KV 208 Versuch gütliche Erled.
9,60 1
9,60
Obergerichtsvollzieherin
4
KV 440 §§ 755.2, 8021.1 ZPO
15,60 1
15,60
beim Amtsgericht Wolfsburg
5
KV 701 Entgelt Zustellung
5,62 2
11,24
6
KV 716 Pauschale
9,36
7
Rechnungs- und Zahlungsbetrag
67,40
Rechtsbehelfsbelehrung: Gegen diese Kostenrechnung kann Erinnerung
(zweckmäßig begründet) beim Amtsgericht Wolfsburg, Rothenfelder Str. 43,
38440 Wolfsburg, schriftlich oder zu Protokoll der Geschäftsstelle eingelegt
werden. Die Erinnerung kann als ein für die Bearbeitung durch das Gericht
gem. §§ 2 und 5 ERVV geeignetes elektronisches Dokument eingereicht
werden. Die verantwortende Person muss jedes Dokument mit einer
qualifizierten elektronischen Signatur (QES) versehen und gem. § 4 ERVV
oder signiert auf sicherem Übermittlungsweg gem. § 130a Abs. 4 ZPO
einreichen. Weitere Informationen unter www.justiz.de.
 Bundeszentralamt
für Steuern
POSTANSCHRIFT
Bundeszentralamt für Steuern, 11055 Berlin
HAUSANSCHRIFT
DGZ-Ring 12, 13086 Berlin
BEARBEITET VON
Gerichtsvollzieherin
Victoria Collert
Steuerabteilung National
Kontenabrufverfahren
Rothenfelder Straße 43
TEL
+49 (0) 2 28 40 6-3600
38440 Wolfsburg
FAX
+49 (0) 2 28 40 6-4408
E-MAIL
kontenabruf@bzst.bund.de
INTERNET
www.bzst.bund.de
BETREFF
Kontenabrufersuchen nach §§ 93, 93b Abgabenordnung (AO)
BEZUG
Ihr Kontenabrufersuchen vom 09.12.2025 AZ: DR II 522/25
ANLAGEN
1
GZ
St II 4 S 0229a KEVIZZ 2872239/25
(bei Antwort bitte angeben)
DATUM
11.12.2025
Ihr oben genanntes Kontenabrufersuchen ist im Rahmen des automatisierten Abrufs von
Kontoinformationen bearbeitet worden. Die Ergebnisse dieses Abrufs entnehmen Sie bitte der
nachfolgenden Anlage.
Bitte beachten Sie
dass die Verantwortung für die Zulässigkeit des Datenabrufs und die Datenübermittlung die
ersuchende Behörde trägt (§ 93b Abs. 3 AO),
die Informations- und Dokumentationspflichten gemäß § 93 Abs. 9 und 10 AO sowie den
Anwendungserlass zur Abgabenordnung (AEAO),
dass die Kontenstammdaten in der Datei nach § 24c Kreditwesengesetz (KWG) durch die
beteiligten Kreditinstitute vorgehalten werden. Ich kann deshalb keine Haftung dafür
übernehmen, dass die im Rahmen des Kontenabrufs mitgeteilten Daten vollständig und
inhaltlich korrekt sind.
Zum Inhalt des Ergebnisses bemerke ich folgendes:
Aufgrund der gesetzlichen Vorgabe der Unterscheidungsmerkmale in den von den Kreditinstituten
zu führenden Dateien kann die Identität der gemeldeten Personen immer nur im Hinblick auf die
Merkmale Name und Geburtsdatum für die Kontoinhaber und Verfügungsberechtigten bzw. Name
und Anschrift für die abweichend wirtschaftlich Berechtigten festgestellt werden. Insofern muss das
übermittelte Abrufergebnis trotz Übereinstimmung des Namens und des Geburtsdatums nicht
zwingend mit der von Ihnen abgefragten Person identisch sein. Das gilt auch für
Firmenbezeichnungen. Die auf dem Kontenabrufersuchen gleichwohl anzugebende Anschrift des
Kontoinhabers oder des Verfügungsberechtigten wird nicht in die Abfrage einbezogen.
 Bundeszentralamt
für Steuern
Bei Rückfragen bitte ich Sie, zunächst die FAQ (häufige Fragen) zu beachten, die Sie auf der
Homepage des BZSt unter http://www.bzst.bund.de oder, sofern Sie für die Verwaltung der
Grundsicherung für Arbeitsuchende nach dem Zweiten Buch Sozialgesetzbuch zuständig sind, im
Intranet der Bundesagentur für Arbeit finden. Sie können sich aber auch an die oben angegebene
Telefonnummer wenden.
Dieses Anschreiben wurde automatisch erstellt und ist ohne Unterschrift gültig.
 Anlage zu GZ: St II 4 - S 0229a KEVIZZ 2872239/25 (Bitte stets angeben)
Ergebnisse
zu der Anfrage von dem/der:
Gerichtsvollzieherin
Victoria Collert
vom:
09.12.2025
Ihr AZ:
DR Il 522/25
mit folgenden Anhaltsdaten:
Name:
Nachname:
Mehmeti
Vorname:
Marie-Sophie
Geburtsdatum:
05.03.2001
Kontonummer:
Sparkasse Celle-Gifhorn-Wolfsburg
BAK-Nr.: 100732
Nordhoffstraße 1, 38518 Gifhorn
Trefferanzahl: 1
Kontonummer: DE46269513110163131337
Errichtungsdatum: 08.10.2024
Kontoinfo:
Auflösungsdatum:
Kontoinhaber
Geburtsdatum
Seit
Bis
Marie-Sophie Diepold
05.03.2001
08.10.2024
14.07.2025
Bromer Str. 9, 38448 Wolfsburg
Marie-Sophie Mehmeti
05.03.2001
14.07.2025
31.07.2025
Bromer Str. 9, 38448 Wolfsburg
Marie-Sophie Mehmeti
05.03.2001
31.07.2025
Marignanestr. 7, 38444 Wolfsburg
Anfrage von Gerichtsvollzieherin
Seite
1 von
1
Victoria Collert (G03432) zu AZ DR II 522/25
 DR II 522/25
Frau Marie-Sophie Diepold Marignanestraße 7 38444 Wolfsburg
Protokoll
Für den heute anberaumten Termin zur Abgabe der Vermögensauskunft habe ich mich in das Zimmer 48a * Amtsgericht WOB
Rothenfelder Str. 43 begeben und festgestellt:
Der Schuldner ist zu diesem Termin ordnungsgemäß geladen worden.
Die Schuldnerin erschien nicht.
D. Gläubig. hat für diesen Fall die Ausstellung eines Haftbefehls nicht beantragt.
D. Schuld. ist mit der Terminsladung über die Möglichkeit der gütlichen Erledigung gem. § 802b ZPO schriftlich in Kenntnis
gesetzt worden. Eine Rückmeldung seitens d. Sch. auf meine schriftl. Aufford. ist nicht erfolgt.
Die gütliche Erledigung ist gescheitert.
Wolfsburg, 09.12.2025
(Collert Obergerichtsvollzieherin)
Verfügung:
1. Mitteilung an Gl./Vertr. ab.
2. Kosten erhoben per Zahlungsaufforderung.
3. Kein Haftbefehl beantragt.
4. Geb.-Datum und Ort sind amtsbekannt:
5. Mitteilung über Eintragungsanordnung mit RMB per Post-ZU heute an Schuldn. ab.
6. Nach Ablauf der Widerspruchsfrist von 2 Wochen nach ZU Veranlassung der Eintragungsanordung.
7. Nach Eingang der EMA Einholung der beantragten Auskünfte bei
-Bundeszentralamt für Steuern
Kostenrechnung GvKostG (KV=Kostenverzeichnis) in EUR V. 09.12.25
Nr. Bezeichnung
Betrag Anz. Gesamt
1
KV 102 Sonstige Zustellung
3,60 1
3,60
2
KV 604 Nicht erled. Amtshandl.
18,00 1
18,00
zu 260
3
KV 208 Versuch gütliche Erled.
9,60 1
9,60
4
KV 440 §§ 755.2, 8021.1 ZPO
15,60 1
15,60
5
KV 701 Entgelt Zustellung
5,62 2
11,24
6
KV 716 Pauschale
9,36
7
Rechnungs- und Zahlungsbetrag
67,40
Rechtsbehelfsbelehrung: Gegen diese Kostenrechnung kann Erinnerung
(zweckmäßig begründet) beim Amtsgericht Wolfsburg, Rothenfelder Str. 43,
38440 Wolfsburg, schriftlich oder zu Protokoll der Geschäftsstelle eingelegt
werden. Die Erinnerung kann als ein für die Bearbeitung durch das Gericht
gem. §§ 2 und 5 ERVV geeignetes elektronisches Dokument eingereicht
werden. Die verantwortende Person muss jedes Dokument mit einer
qualifizierten elektronischen Signatur (QES) versehen und gem. § 4 ERVV
oder signiert auf sicherem Übermittlungsweg gem. § 130a Abs. 4 ZPO
einreichen. Weitere Informationen unter www.justiz.de.
KB II
Wolfsburg, 09.12.2025
(Collert Obergerichtsvollzieherin)",drittauskunft,False,False,6bd2cc0f-a888-526b-aa60-b2d5a1d94fc3,d8a8266a-5c3c-5730-adbd-9c54c847114e,76eca03570ad86e15010fed9b2b2c6bd6b85261dcb5cb43172e902397405d806,s3://pair-data-engineering-new/ocr_prepared_output/76eca03570ad86e15010fed9b2b2c6bd6b85261dcb5cb43172e902397405d806.json
data/aftercourt/drittauskunf_with_invoice/B_DR_II_174_26_An_Gl_Nachricht_HBAntrag20260324-304-kxyzzq.pdf,"<page_1>
Obergerichtsvollzieherin Evelyn Häp
beim Amtsgericht Bitburg Postanschrift 54542 Daun Postfach 1143
Dienstkonto DE07586512400000463117 BIC MALADE51DAU
!(bei Überweisungen lediglich den Vor-und Zunamen verwenden ohne Dienstbezeichnung)!
Handy: 0178/1304755 Festnetz: 02656/4070100; E-Mail: Evelyn.Haep@mailbox.org
Telefonische Sprechzeiten: Montag Freitag 09:00 12:00 (oder n.Vereinbarung)
eRV/safe-id: DE.Justiz.d3fb126e-80c4-4ee5-b748-1623ed8cc6f4.f0a3
Termine/Sprechstunde beim Amtsgericht Bitburg: Dienstag 10:00 12:00 Uhr
E.Häp Postfach 1143 54542 Daun
Pair Finance GmbH
Knesebeckstraße 62-63
10719 Berlin
Mein Zeichen
Ihr Zeichen
B DR II 174/26
189144005395
Nachtsheim, 23.03.2026
Bitte immer angeben!
Zwangsvollstreckungssache
Liquandum Capital II GmbH, Knesebeckstraße 62-63, 10719 Berlin
vertr. d.
Pair Finance GmbH, Knesebeckstraße 62-63, 10719 Berlin
gegen
Frau Jennifer Maximini, Römerstraße 8, 54636 Oberweis
Sehr geehrte Damen und Herren,
in oben genannter Sache teile ich Ihnen mit, dass im Termin zur Abgabe der Vermögensauskunft die Schuldnerin trotz
ordnungsgemäßer Ladung nicht erschienen ist.
Die beantragte (n) Drittstellenauskunft (künfte nach § 8021 ZPO wurde(n) gem. Ihres Auftrags eingeholt. Ich weise Sie
ausdrücklich darauf hin, dass die erlangten Daten nur zu Vollstreckungszwecken genutzt werden dürfen und nach
Zweckerreichung in dieser Sache zu löschen sind (§§ 802 Abs. 3, 802 d Abs. 1 ZPO). Die Weiterleitung dieser Daten
an Dritte ist unzulässig.
Der Versuch der gütlichen Erledigung wurde versucht, scheiterte jedoch daran, dasss sich der Schuldner / die
Schuldnerin
zwecks Tilgung der Forderung nicht mit mir in Verbindung setzte.
Die Datenschutzerklärung zur Informationspflicht nach Artikel 13 und 14 der Datenschutz-Grundverordnung ( DSGVO) sowie § 55
Bundesdatenschutzgesetz und § 43 Landesdatenschutzgesetz finden Sie auf der Startseite des Internetauftritts des Amtsgerichts Bitburg
Die entstandenen Kosten bitte ich binnen einer Woche auf mein Dienstkonto zu überweisen. GiroCode 67,40 €.
Kostenrechnung GvKostG (KV=Kostenverzeichnis) in EUR V. 17.03.26
Mit freundlichen Grüßen
Nr. Bezeichnung
Betrag Anz. Gesamt
1
KV 102 Sonstige Zustellung
3,60 1
3,60
2
KV 604 Nicht erled. Amtshandl.
18,00 1
18,00
3
KV 440 §§ 755.2, 8021.1 ZPO
15,60 1
15,60
(E.Häp)
4
KV 208 Versuch gütl. Erled.
9,60 1
9,60
Obergerichtsvollzieherin
5
KV 701 Entgelt Zustellung
5,62 2
11,24
beim Amtsgericht Bitburg
6 KV 716 Pauschale
9,36
7
Rechnungs- und Zahlungsbetrag
67,40
D. Kostenschuldn. ist Liquandum Capital Il GmbH.
Rechtsbehelfsbelehrung: Gegen diese Kostenrechnung kann Erinnerung
(zweckmäßig begründet) beim zuständigen Amtsgericht Bitburg, schriftlich
oder zu Protokoll der Geschäftsstelle eingelegt werden. Die Erinnerung
kann als ein für die Bearbeitung durch das Gericht gem. §§ 2 und 5 ERVV
geeignetes elektronisches Dokument eingereicht werden. Die
verantwortende Person muss jedes Dokument mit einer qualifizierten
elektronischen Signatur (QES) versehen und gem. § 4 ERVV oder signiert
Seite 1
<page_2>
auf sicherem Übermittlungsweg gem. § 130a Abs. 4 ZPO einreichen.
Weitere Informationen unter www.justiz.de.
Seite 2
<page_3>
Anlage zu GZ: St II 4 - S 0229a KEVIZZ 681458/26 (Bitte stets angeben)
Ergebnisse
zu der Anfrage von dem/der:
Obergerichtsvollzieherin
Evelyn Häp
vom:
18.03.2026
Ihr AZ:
DR Il 174/26
mit folgenden Anhaltsdaten:
Name:
Nachname:
Maximini
Vorname:
Jennifer
Geburtsdatum:
03.03.1990
Kontonummer:
Deutsche Kreditbank Aktiengesellschaft
BAK-Nr.: 100215
Taubenstraße 7-9, 10117 Berlin
Trefferanzahl: 1
Kontonummer: DE23120300001306287564
Errichtungsdatum: 31.05.2024
Kontoinfo:
Auflösungsdatum:
Kontoinhaber
Geburtsdatum
Seit
Bis
Jennifer Maximini
03.03.1990
31.05.2024
26.01.2026
Bitburger Str. 38, 54675 Utscheid
Jennifer Maximini
03.03.1990
26.01.2026
Römerstr. 8, 54636 Oberweis
Kreissparkasse Bitburg-Prüm
BAK-Nr.: 100999
Trierer Straße 46, 54634 Bitburg
Trefferanzahl: 2
Kontonummer: DE33586500303010209421
Errichtungsdatum: 27.01.2017
Kontoinfo:
Auflösungsdatum:
Kontoinhaber
Geburtsdatum Seit
Bis
Jennifer Maximini
03.03.1990
27.01.2017
Bademer Str. 13, 54655 Kyllburg
Kontonummer: DE82586500303010216202
Errichtungsdatum: 27.09.2017
Kontoinfo:
Auflösungsdatum:
Kontoinhaber
Geburtsdatum Seit
Bis
Jennifer Maximini
03.03.1990
27.09.2017
Bademer Str. 13, 54655 Kyllburg
Anfrage von Obergerichtsvollzieherin
Seite
1 von
3
Evelyn Häp (G07088) zu AZ DR Il 174/26
<page_4>
Anlage zu GZ: St II 4 - S 0229a KEVIZZ 681458/26 (Bitte stets angeben)
Volksbank Trier Eifel eG
BAK-Nr.: 103547
Herzogenbuscher Straße 16 18, 54292 Trier
Trefferanzahl: 5
Kontonummer:
Errichtungsdatum: 26.09.1981
Kontoinfo:
Auflösungsdatum:
Kontoinhaber
Geburtsdatum Seit
Bis
Verfügungsberechtigte
Geburtsdatum
Seit
Bis
Jennifer Maximini
03.03.1990
07.10.2022
03.04.2024
Bitburger Str. 38 54675 Utscheid
Kontonummer: DE62586601010003123305
Errichtungsdatum: 15.03.2002
Kontoinfo:
Auflösungsdatum:
Kontoinhaber
Geburtsdatum Seit
Bis
Jennifer Maximini
03.03.1990
07.10.2022
02.03.2026
Bitburger Str. 38 54675 Utscheid
Jennifer Maximini
03.03.1990
02.03.2026
Römerstr. 8 54636 Oberweis
Kontonummer: DE32586601010023123305
Errichtungsdatum: 17.01.1992
Kontoinfo:
Auflösungsdatum:
Kontoinhaber
Geburtsdatum
Seit
Bis
Jennifer Maximini
03.03.1990
07.10.2022
02.03.2026
Bitburger Str. 38 54675 Utscheid
Jennifer Maximini
03.03.1990
02.03.2026
Römerstr. 8 54636 Oberweis
Kontonummer:
Errichtungsdatum: 03.05.2004
Kontoinfo:
Auflösungsdatum:
Kontoinhaber
Geburtsdatum Seit
Bis
Verfügungsberechtigte
Geburtsdatum
Seit
Bis
Jennifer Maximini
03.03.1990
07.10.2022
03.04.2024
Bitburger Str. 38 54675 Utscheid
Anfrage von Obergerichtsvollzieherin
Seite
2 von
3
Evelyn Häp (G07088) zu AZ DR Il 174/26
<page_5>
Anlage zu GZ: St II 4 - S 0229a KEVIZZ 681458/26 (Bitte stets angeben)
Kontonummer: DE84586601010053123305
Errichtungsdatum: 02.01.2023
Kontoinfo:
Auflösungsdatum:
Kontoinhaber
Geburtsdatum
Seit
Bis
Jennifer Maximini
03.03.1990
02.01.2023
02.03.2026
Bitburger Str. 38 54675 Utscheid
Jennifer Maximini
03.03.1990
02.03.2026
Römerstr. 8 54636 Oberweis
Banco Bilbao Vizcaya Argentaria, S.A., Niederlassung Deutschland
BAK-Nr.: 120560
Neue Mainzer Straße 28, 60311 Frankfurt am Main
Trefferanzahl: 1
Kontonummer: DE77500319000017296167
Errichtungsdatum: 20.02.2026
Kontoinfo:
Auflösungsdatum:
Kontoinhaber
Geburtsdatum Seit
Bis
JENNIFER MAXIMINI
03.03.1990
21.02.2026
23.02.2026
RÖMERSTRABE
8 54636 OBERWEIS
JENNIFER MAXIMINI
03.03.1990
23.02.2026
RÖMERSTRABE
8 54636 OBERWEIS
Anfrage von Obergerichtsvollzieherin
Seite
3 von
3
Evelyn Häp (G07088) zu AZ DR Il 174/26",True," Obergerichtsvollzieherin Evelyn Häp
beim Amtsgericht Bitburg Postanschrift 54542 Daun Postfach 1143
Dienstkonto DE07586512400000463117 BIC MALADE51DAU
!(bei Überweisungen lediglich den Vor-und Zunamen verwenden ohne Dienstbezeichnung)!
Handy: 0178/1304755 Festnetz: 02656/4070100; E-Mail: Evelyn.Haep@mailbox.org
Telefonische Sprechzeiten: Montag Freitag 09:00 12:00 (oder n.Vereinbarung)
eRV/safe-id: DE.Justiz.d3fb126e-80c4-4ee5-b748-1623ed8cc6f4.f0a3
Termine/Sprechstunde beim Amtsgericht Bitburg: Dienstag 10:00 12:00 Uhr
E.Häp Postfach 1143 54542 Daun
Pair Finance GmbH
Knesebeckstraße 62-63
10719 Berlin
Mein Zeichen
Ihr Zeichen
B DR II 174/26
189144005395
Nachtsheim, 23.03.2026
Bitte immer angeben!
Zwangsvollstreckungssache
Liquandum Capital II GmbH, Knesebeckstraße 62-63, 10719 Berlin
vertr. d.
Pair Finance GmbH, Knesebeckstraße 62-63, 10719 Berlin
gegen
Frau Jennifer Maximini, Römerstraße 8, 54636 Oberweis
Sehr geehrte Damen und Herren,
in oben genannter Sache teile ich Ihnen mit, dass im Termin zur Abgabe der Vermögensauskunft die Schuldnerin trotz
ordnungsgemäßer Ladung nicht erschienen ist.
Die beantragte (n) Drittstellenauskunft (künfte nach § 8021 ZPO wurde(n) gem. Ihres Auftrags eingeholt. Ich weise Sie
ausdrücklich darauf hin, dass die erlangten Daten nur zu Vollstreckungszwecken genutzt werden dürfen und nach
Zweckerreichung in dieser Sache zu löschen sind (§§ 802 Abs. 3, 802 d Abs. 1 ZPO). Die Weiterleitung dieser Daten
an Dritte ist unzulässig.
Der Versuch der gütlichen Erledigung wurde versucht, scheiterte jedoch daran, dasss sich der Schuldner / die
Schuldnerin
zwecks Tilgung der Forderung nicht mit mir in Verbindung setzte.
Die Datenschutzerklärung zur Informationspflicht nach Artikel 13 und 14 der Datenschutz-Grundverordnung ( DSGVO) sowie § 55
Bundesdatenschutzgesetz und § 43 Landesdatenschutzgesetz finden Sie auf der Startseite des Internetauftritts des Amtsgerichts Bitburg
Die entstandenen Kosten bitte ich binnen einer Woche auf mein Dienstkonto zu überweisen. GiroCode 67,40 €.
Kostenrechnung GvKostG (KV=Kostenverzeichnis) in EUR V. 17.03.26
Mit freundlichen Grüßen
Nr. Bezeichnung
Betrag Anz. Gesamt
1
KV 102 Sonstige Zustellung
3,60 1
3,60
2
KV 604 Nicht erled. Amtshandl.
18,00 1
18,00
3
KV 440 §§ 755.2, 8021.1 ZPO
15,60 1
15,60
(E.Häp)
4
KV 208 Versuch gütl. Erled.
9,60 1
9,60
Obergerichtsvollzieherin
5
KV 701 Entgelt Zustellung
5,62 2
11,24
beim Amtsgericht Bitburg
6 KV 716 Pauschale
9,36
7
Rechnungs- und Zahlungsbetrag
67,40
D. Kostenschuldn. ist Liquandum Capital Il GmbH.
Rechtsbehelfsbelehrung: Gegen diese Kostenrechnung kann Erinnerung
(zweckmäßig begründet) beim zuständigen Amtsgericht Bitburg, schriftlich
oder zu Protokoll der Geschäftsstelle eingelegt werden. Die Erinnerung
kann als ein für die Bearbeitung durch das Gericht gem. §§ 2 und 5 ERVV
geeignetes elektronisches Dokument eingereicht werden. Die
verantwortende Person muss jedes Dokument mit einer qualifizierten
elektronischen Signatur (QES) versehen und gem. § 4 ERVV oder signiert
Seite 1
 auf sicherem Übermittlungsweg gem. § 130a Abs. 4 ZPO einreichen.
Weitere Informationen unter www.justiz.de.
Seite 2
 Anlage zu GZ: St II 4 - S 0229a KEVIZZ 681458/26 (Bitte stets angeben)
Ergebnisse
zu der Anfrage von dem/der:
Obergerichtsvollzieherin
Evelyn Häp
vom:
18.03.2026
Ihr AZ:
DR Il 174/26
mit folgenden Anhaltsdaten:
Name:
Nachname:
Maximini
Vorname:
Jennifer
Geburtsdatum:
03.03.1990
Kontonummer:
Deutsche Kreditbank Aktiengesellschaft
BAK-Nr.: 100215
Taubenstraße 7-9, 10117 Berlin
Trefferanzahl: 1
Kontonummer: DE23120300001306287564
Errichtungsdatum: 31.05.2024
Kontoinfo:
Auflösungsdatum:
Kontoinhaber
Geburtsdatum
Seit
Bis
Jennifer Maximini
03.03.1990
31.05.2024
26.01.2026
Bitburger Str. 38, 54675 Utscheid
Jennifer Maximini
03.03.1990
26.01.2026
Römerstr. 8, 54636 Oberweis
Kreissparkasse Bitburg-Prüm
BAK-Nr.: 100999
Trierer Straße 46, 54634 Bitburg
Trefferanzahl: 2
Kontonummer: DE33586500303010209421
Errichtungsdatum: 27.01.2017
Kontoinfo:
Auflösungsdatum:
Kontoinhaber
Geburtsdatum Seit
Bis
Jennifer Maximini
03.03.1990
27.01.2017
Bademer Str. 13, 54655 Kyllburg
Kontonummer: DE82586500303010216202
Errichtungsdatum: 27.09.2017
Kontoinfo:
Auflösungsdatum:
Kontoinhaber
Geburtsdatum Seit
Bis
Jennifer Maximini
03.03.1990
27.09.2017
Bademer Str. 13, 54655 Kyllburg
Anfrage von Obergerichtsvollzieherin
Seite
1 von
3
Evelyn Häp (G07088) zu AZ DR Il 174/26
 Anlage zu GZ: St II 4 - S 0229a KEVIZZ 681458/26 (Bitte stets angeben)
Volksbank Trier Eifel eG
BAK-Nr.: 103547
Herzogenbuscher Straße 16 18, 54292 Trier
Trefferanzahl: 5
Kontonummer:
Errichtungsdatum: 26.09.1981
Kontoinfo:
Auflösungsdatum:
Kontoinhaber
Geburtsdatum Seit
Bis
Verfügungsberechtigte
Geburtsdatum
Seit
Bis
Jennifer Maximini
03.03.1990
07.10.2022
03.04.2024
Bitburger Str. 38 54675 Utscheid
Kontonummer: DE62586601010003123305
Errichtungsdatum: 15.03.2002
Kontoinfo:
Auflösungsdatum:
Kontoinhaber
Geburtsdatum Seit
Bis
Jennifer Maximini
03.03.1990
07.10.2022
02.03.2026
Bitburger Str. 38 54675 Utscheid
Jennifer Maximini
03.03.1990
02.03.2026
Römerstr. 8 54636 Oberweis
Kontonummer: DE32586601010023123305
Errichtungsdatum: 17.01.1992
Kontoinfo:
Auflösungsdatum:
Kontoinhaber
Geburtsdatum
Seit
Bis
Jennifer Maximini
03.03.1990
07.10.2022
02.03.2026
Bitburger Str. 38 54675 Utscheid
Jennifer Maximini
03.03.1990
02.03.2026
Römerstr. 8 54636 Oberweis
Kontonummer:
Errichtungsdatum: 03.05.2004
Kontoinfo:
Auflösungsdatum:
Kontoinhaber
Geburtsdatum Seit
Bis
Verfügungsberechtigte
Geburtsdatum
Seit
Bis
Jennifer Maximini
03.03.1990
07.10.2022
03.04.2024
Bitburger Str. 38 54675 Utscheid
Anfrage von Obergerichtsvollzieherin
Seite
2 von
3
Evelyn Häp (G07088) zu AZ DR Il 174/26
 Anlage zu GZ: St II 4 - S 0229a KEVIZZ 681458/26 (Bitte stets angeben)
Kontonummer: DE84586601010053123305
Errichtungsdatum: 02.01.2023
Kontoinfo:
Auflösungsdatum:
Kontoinhaber
Geburtsdatum
Seit
Bis
Jennifer Maximini
03.03.1990
02.01.2023
02.03.2026
Bitburger Str. 38 54675 Utscheid
Jennifer Maximini
03.03.1990
02.03.2026
Römerstr. 8 54636 Oberweis
Banco Bilbao Vizcaya Argentaria, S.A., Niederlassung Deutschland
BAK-Nr.: 120560
Neue Mainzer Straße 28, 60311 Frankfurt am Main
Trefferanzahl: 1
Kontonummer: DE77500319000017296167
Errichtungsdatum: 20.02.2026
Kontoinfo:
Auflösungsdatum:
Kontoinhaber
Geburtsdatum Seit
Bis
JENNIFER MAXIMINI
03.03.1990
21.02.2026
23.02.2026
RÖMERSTRABE
8 54636 OBERWEIS
JENNIFER MAXIMINI
03.03.1990
23.02.2026
RÖMERSTRABE
8 54636 OBERWEIS
Anfrage von Obergerichtsvollzieherin
Seite
3 von
3
Evelyn Häp (G07088) zu AZ DR Il 174/26",drittauskunft,False,False,7a03718a-ec4b-5b8a-82e7-b5552c2bd503,67af9e85-cb23-5c5f-83ca-5ef343cf7614,6fc5a49ff23022f380aedbc73c3195cc9a7badfe5367ffc3b9c82eadde022eac,s3://pair-data-engineering-new/ocr_prepared_output/6fc5a49ff23022f380aedbc73c3195cc9a7badfe5367ffc3b9c82eadde022eac.json
data/aftercourt/drittauskunf_with_invoice/combined_pdf_DRII-097125_BZSt_Ergebnis_1_17_12_2025_DR-II_097125_Nachr_Mitt_Gl_kein_Hb_17_12_2025_2_20251218-312-r04edh.pdf,"<page_1>
Bundeszentralamt
für Steuern
POSTANSCHRIFT
Bundeszentralamt für Steuern, 11055 Berlin
HAUSANSCHRIFT
DGZ-Ring 12, 13086 Berlin
BEARBEITET VON
Obergerichtsvollzieher
Henning Kirbs
Steuerabteilung National
Kontenabrufverfahren
Heinrich-Heine-Straße 3
TEL
+49 (0) 2 28 40 6-3600
06449 Aschersleben
FAX
+49 (0) 2 28 40 6-4408
E-MAIL
kontenabruf@bzst.bund.de
INTERNET
www.bzst.bund.de
BETREFF
Kontenabrufersuchen nach §§ 93, 93b Abgabenordnung (AO)
BEZUG
Ihr Kontenabrufersuchen vom 15.12.2025 AZ: DR-II 0971_25_1
ANLAGEN
1
GZ
St II 4 S 0229a KEVIZZ 2923049/25
(bei Antwort bitte angeben)
DATUM
16.12.2025
Ihr oben genanntes Kontenabrufersuchen ist im Rahmen des automatisierten Abrufs von
Kontoinformationen bearbeitet worden. Die Ergebnisse dieses Abrufs entnehmen Sie bitte der
nachfolgenden Anlage.
Bitte beachten Sie
dass die Verantwortung für die Zulässigkeit des Datenabrufs und die Datenübermittlung die
ersuchende Behörde trägt (§ 93b Abs. 3 AO),
die Informations- und Dokumentationspflichten gemäß § 93 Abs. 9 und 10 AO sowie den
Anwendungserlass zur Abgabenordnung (AEAO),
dass die Kontenstammdaten in der Datei nach § 24c Kreditwesengesetz (KWG) durch die
beteiligten Kreditinstitute vorgehalten werden. Ich kann deshalb keine Haftung dafür
übernehmen, dass die im Rahmen des Kontenabrufs mitgeteilten Daten vollständig und
inhaltlich korrekt sind.
Zum Inhalt des Ergebnisses bemerke ich folgendes:
Aufgrund der gesetzlichen Vorgabe der Unterscheidungsmerkmale in den von den Kreditinstituten
zu führenden Dateien kann die Identität der gemeldeten Personen immer nur im Hinblick auf die
Merkmale Name und Geburtsdatum für die Kontoinhaber und Verfügungsberechtigten bzw. Name
und Anschrift für die abweichend wirtschaftlich Berechtigten festgestellt werden. Insofern muss das
übermittelte Abrufergebnis trotz Übereinstimmung des Namens und des Geburtsdatums nicht
zwingend mit der von Ihnen abgefragten Person identisch sein. Das gilt auch für
Firmenbezeichnungen. Die auf dem Kontenabrufersuchen gleichwohl anzugebende Anschrift des
Kontoinhabers oder des Verfügungsberechtigten wird nicht in die Abfrage einbezogen.
<page_2>
Bundeszentralamt
für Steuern
Bei Rückfragen bitte ich Sie, zunächst die FAQ (häufige Fragen) zu beachten, die Sie auf der
Homepage des BZSt unter http://www.bzst.bund.de oder, sofern Sie für die Verwaltung der
Grundsicherung für Arbeitsuchende nach dem Zweiten Buch Sozialgesetzbuch zuständig sind, im
Intranet der Bundesagentur für Arbeit finden. Sie können sich aber auch an die oben angegebene
Telefonnummer wenden.
Dieses Anschreiben wurde automatisch erstellt und ist ohne Unterschrift gültig.
<page_3>
Anlage zu GZ: St Il 4 - S 0229a KEVIZZ 2923049/25 (Bitte stets angeben)
Ergebnisse
zu der Anfrage von dem/der:
Obergerichtsvollzieher
Henning Kirbs
vom:
15.12.2025
Ihr AZ:
DR-II 0971_25_1
mit folgenden Anhaltsdaten:
Name:
Nachname:
Staat
Vorname:
Marie
Geburtsdatum:
11.06.2001
Kontonummer:
Der Abruf hat zu keinem Ergebnis geführt.
Anfrage von Obergerichtsvollzieher
Seite
1 von
1
Henning Kirbs (G15087) zu AZ DR-II 0971_25_1
<page_4>
Heinrich-Heine-Str. 3
HENNING KIRBS
06449 Aschersleben
Obergerichtsvollzieher
Tel. 03473/2171335 & 2171334
Fax 03473/2174826
Mobil 0172/7505076
gv.henning.kirbs.aschersleben@gmx.de
SPRECHSTUNDEN
Dienstag 15-16 Uhr
OGV KIRBS, Heinrich-Heine-Str. 3, 06449 Aschersleben
Donnerstag 10-11 Uhr
Informationen nach Art. 13 & 14 der Datenschutz-
Pair Finance GmbH
Grundverordnung finden Sie unter:
https://ag-asl.sachsen-anhalt.de/amtsgericht/
Knesebeckstraße 62-63
10719 Berlin
DR-II 0971/25
BITTE BEI ALLEN SCHREIBEN
UND ZAHLUNGEN ANGEBEN
Ihr Zeichen: 153675271511
Datum: 16.12.2025
Sehr geehrte Damen und Herren!
In der Zwangsvollstreckungssache Payolution GmbH, Columbusplatz 7-8, 1100 Wien
gegen Staat, Marie, Calbesche Straße 32, 39443 Staßfurt oT Förderstedt
wurde von mir Termin zur Abgabe der Vermögensauskunft am 01.12.2025 in meinem Büro, Heinrich-Heine-
Straße 3 in Aschersleben, anberaumt.
Der zum Termin ordnungsgemäß geladene Schuldner ist nicht erschienen. Ein Entschuldigungsgrund ist nicht
erkennbar.
Der Erlass eines Haftbefehls ist von Ihnen bisher nicht beantragt worden. Nach Eingang eines diesbezüglichen
Antrags würde ich den Vorgang dem Vollstreckungsgericht zum Erlass eines Haftbefehls vorlegen.
Die Eintragung in das Schuldnerverzeichnis wurde gemäß § 882c Abs. 1 ZPO angeordnet.
Der Versuch einer gütlichen Erledigung der Sache war leider erfolglos.
Das Ergebnis der beantragten Drittauskunft erhalten Sie anliegend übersandt.
Nachstehend berechnete Kosten erlaube ich mir zu erheben.
Kostenrechnung nach § 13 GVKostG an Auftraggeber:
Payolution GmbH
KV 102 sonstige Zustellung
3,60 €
KV 208 Versuch gütl.Erledigung (erm.)
9,60 €
KV 440 Einholung(en) Drittauskunft
15,60€
KV 604 Nicht erledigte Amtshandl.(VAK)
18,00€
KV 701 Zustellungsporto
11,24€
KV 716 Auslagenpauschale(n)
9,36 €
Summe:
67,40 €
Bitte ich innerhalb von 2 Wochen zu überweisen
Mit freundlichen Grüßen
Gegen diese Kostenrechnung kann schriftlich oder zu Protokoll der
Geschäftsstelle Erinnerung bei dem Amtsgericht Aschersleben, Theodor-
Römer-Weg 3, 06449 Aschersleben oder dem Gerichtsvollzieher eingelegt
werden.
KIRBS
3.3.1597
-
Obergerichtsvollzieher
beim AG Aschersleben
Dienstkonto:
BBBANK MAGDEBURG Konto-Nr. 6643299 BLZ: 66090800
IBAN: DE53660908000006643299 BIC: GENODE61BBB",True," Bundeszentralamt
für Steuern
POSTANSCHRIFT
Bundeszentralamt für Steuern, 11055 Berlin
HAUSANSCHRIFT
DGZ-Ring 12, 13086 Berlin
BEARBEITET VON
Obergerichtsvollzieher
Henning Kirbs
Steuerabteilung National
Kontenabrufverfahren
Heinrich-Heine-Straße 3
TEL
+49 (0) 2 28 40 6-3600
06449 Aschersleben
FAX
+49 (0) 2 28 40 6-4408
E-MAIL
kontenabruf@bzst.bund.de
INTERNET
www.bzst.bund.de
BETREFF
Kontenabrufersuchen nach §§ 93, 93b Abgabenordnung (AO)
BEZUG
Ihr Kontenabrufersuchen vom 15.12.2025 AZ: DR-II 0971_25_1
ANLAGEN
1
GZ
St II 4 S 0229a KEVIZZ 2923049/25
(bei Antwort bitte angeben)
DATUM
16.12.2025
Ihr oben genanntes Kontenabrufersuchen ist im Rahmen des automatisierten Abrufs von
Kontoinformationen bearbeitet worden. Die Ergebnisse dieses Abrufs entnehmen Sie bitte der
nachfolgenden Anlage.
Bitte beachten Sie
dass die Verantwortung für die Zulässigkeit des Datenabrufs und die Datenübermittlung die
ersuchende Behörde trägt (§ 93b Abs. 3 AO),
die Informations- und Dokumentationspflichten gemäß § 93 Abs. 9 und 10 AO sowie den
Anwendungserlass zur Abgabenordnung (AEAO),
dass die Kontenstammdaten in der Datei nach § 24c Kreditwesengesetz (KWG) durch die
beteiligten Kreditinstitute vorgehalten werden. Ich kann deshalb keine Haftung dafür
übernehmen, dass die im Rahmen des Kontenabrufs mitgeteilten Daten vollständig und
inhaltlich korrekt sind.
Zum Inhalt des Ergebnisses bemerke ich folgendes:
Aufgrund der gesetzlichen Vorgabe der Unterscheidungsmerkmale in den von den Kreditinstituten
zu führenden Dateien kann die Identität der gemeldeten Personen immer nur im Hinblick auf die
Merkmale Name und Geburtsdatum für die Kontoinhaber und Verfügungsberechtigten bzw. Name
und Anschrift für die abweichend wirtschaftlich Berechtigten festgestellt werden. Insofern muss das
übermittelte Abrufergebnis trotz Übereinstimmung des Namens und des Geburtsdatums nicht
zwingend mit der von Ihnen abgefragten Person identisch sein. Das gilt auch für
Firmenbezeichnungen. Die auf dem Kontenabrufersuchen gleichwohl anzugebende Anschrift des
Kontoinhabers oder des Verfügungsberechtigten wird nicht in die Abfrage einbezogen.
 Bundeszentralamt
für Steuern
Bei Rückfragen bitte ich Sie, zunächst die FAQ (häufige Fragen) zu beachten, die Sie auf der
Homepage des BZSt unter http://www.bzst.bund.de oder, sofern Sie für die Verwaltung der
Grundsicherung für Arbeitsuchende nach dem Zweiten Buch Sozialgesetzbuch zuständig sind, im
Intranet der Bundesagentur für Arbeit finden. Sie können sich aber auch an die oben angegebene
Telefonnummer wenden.
Dieses Anschreiben wurde automatisch erstellt und ist ohne Unterschrift gültig.
 Anlage zu GZ: St Il 4 - S 0229a KEVIZZ 2923049/25 (Bitte stets angeben)
Ergebnisse
zu der Anfrage von dem/der:
Obergerichtsvollzieher
Henning Kirbs
vom:
15.12.2025
Ihr AZ:
DR-II 0971_25_1
mit folgenden Anhaltsdaten:
Name:
Nachname:
Staat
Vorname:
Marie
Geburtsdatum:
11.06.2001
Kontonummer:
Der Abruf hat zu keinem Ergebnis geführt.
Anfrage von Obergerichtsvollzieher
Seite
1 von
1
Henning Kirbs (G15087) zu AZ DR-II 0971_25_1
 Heinrich-Heine-Str. 3
HENNING KIRBS
06449 Aschersleben
Obergerichtsvollzieher
Tel. 03473/2171335 & 2171334
Fax 03473/2174826
Mobil 0172/7505076
gv.henning.kirbs.aschersleben@gmx.de
SPRECHSTUNDEN
Dienstag 15-16 Uhr
OGV KIRBS, Heinrich-Heine-Str. 3, 06449 Aschersleben
Donnerstag 10-11 Uhr
Informationen nach Art. 13 & 14 der Datenschutz-
Pair Finance GmbH
Grundverordnung finden Sie unter:
https://ag-asl.sachsen-anhalt.de/amtsgericht/
Knesebeckstraße 62-63
10719 Berlin
DR-II 0971/25
BITTE BEI ALLEN SCHREIBEN
UND ZAHLUNGEN ANGEBEN
Ihr Zeichen: 153675271511
Datum: 16.12.2025
Sehr geehrte Damen und Herren!
In der Zwangsvollstreckungssache Payolution GmbH, Columbusplatz 7-8, 1100 Wien
gegen Staat, Marie, Calbesche Straße 32, 39443 Staßfurt oT Förderstedt
wurde von mir Termin zur Abgabe der Vermögensauskunft am 01.12.2025 in meinem Büro, Heinrich-Heine-
Straße 3 in Aschersleben, anberaumt.
Der zum Termin ordnungsgemäß geladene Schuldner ist nicht erschienen. Ein Entschuldigungsgrund ist nicht
erkennbar.
Der Erlass eines Haftbefehls ist von Ihnen bisher nicht beantragt worden. Nach Eingang eines diesbezüglichen
Antrags würde ich den Vorgang dem Vollstreckungsgericht zum Erlass eines Haftbefehls vorlegen.
Die Eintragung in das Schuldnerverzeichnis wurde gemäß § 882c Abs. 1 ZPO angeordnet.
Der Versuch einer gütlichen Erledigung der Sache war leider erfolglos.
Das Ergebnis der beantragten Drittauskunft erhalten Sie anliegend übersandt.
Nachstehend berechnete Kosten erlaube ich mir zu erheben.
Kostenrechnung nach § 13 GVKostG an Auftraggeber:
Payolution GmbH
KV 102 sonstige Zustellung
3,60 €
KV 208 Versuch gütl.Erledigung (erm.)
9,60 €
KV 440 Einholung(en) Drittauskunft
15,60€
KV 604 Nicht erledigte Amtshandl.(VAK)
18,00€
KV 701 Zustellungsporto
11,24€
KV 716 Auslagenpauschale(n)
9,36 €
Summe:
67,40 €
Bitte ich innerhalb von 2 Wochen zu überweisen
Mit freundlichen Grüßen
Gegen diese Kostenrechnung kann schriftlich oder zu Protokoll der
Geschäftsstelle Erinnerung bei dem Amtsgericht Aschersleben, Theodor-
Römer-Weg 3, 06449 Aschersleben oder dem Gerichtsvollzieher eingelegt
werden.
KIRBS
3.3.1597
-
Obergerichtsvollzieher
beim AG Aschersleben
Dienstkonto:
BBBANK MAGDEBURG Konto-Nr. 6643299 BLZ: 66090800
IBAN: DE53660908000006643299 BIC: GENODE61BBB",drittauskunft,False,False,ee911740-6c51-555d-a15f-79f118cd2e6d,90c0e66d-dbd2-5280-bb2b-82bc78232cac,82b95f3d2aae8ee732c8317475b65e2750a87f7fcea6afaa44ff2a8594e99615,s3://pair-data-engineering-new/ocr_prepared_output/82b95f3d2aae8ee732c8317475b65e2750a87f7fcea6afaa44ff2a8594e99615.json
data/aftercourt/drittauskunf_with_invoice/RB_002-19122025-081133.pdf,"<page_1>
Kriegsstr. 65
CLAUDIUS BETZLER
76133 Karlsruhe
Gerichtsvollzieher
Tel. 0721/3841668 nur Sprechstd.
Fax
ogv-betzler@gerichtsvollzieher.de
SPRECHSTUNDEN
Dienstag 10.00-11.00 Uhr
OGV BETZLER, Kriegsstr. 65, 76133 Karlsruhe
Donnerstag 10.00-11.00 Uhr
Kriegsstr. 65 STRABA: Karlstor
PAIR Finance GmbH
76133 Karlsruhe
Hardenbergstr. 32
PAIR Finance GmbH
Tel.: 0721/3841668
10623 Berlin
18. Dez. 2025
AZ
CANDIS
14 DR-II 0907/25
BITTE BEI ALLEN SCHREIBEN
RECHNUNG
UND ZAHLUNGEN ANGEBEN
ihr Zeichen: 127528382188
Datum: 16.12.2025
Sehr geehrte Damen und Herren
In der Zwangsvollstreckungssache Liqandum Capital GmbH, 10623 Berlin
gegen Butunoiu, Liliana, Rheinstr. 27, 76287 Rheinstetten
war Termin zur Abgabe der Vermögensauskunft gem. § 802 f ZPO anberaumt. D. zum
Termin ordnungsgemäß geladene Schuldner/in ist nicht erschienen, ein Entschul-
digungsgrund ist nicht erkennbar. D. Sch. wurde schriftlich über die Möglichkeit einer
Ratenzahlung gem. § 802b ZPO informiert, hat jedoch bis heute keine Zahlung geleistet
bzw. nicht reagiert. Der Versuch einer gütlichen Erledigung der Sache ist damit gescheitert.
Ich habe den Vorgang entsprechend Ihrem Antrag weiterbearbeitet. Da kein Antrag auf
Erlass eines Haftbefehls gestellt wurde, wird das Verfahren hier eingestellt.
In der Anlage erhalten Sie die nun hier vorliegenden Informationen bezügl. Ihrem Antrag
auf Einholung von Drittauskünften. Sie werden darauf hingewiesen, dass gemäß § 802
Abs. 1 und 2 ZPO die Daten nur insoweit verwendet werden dürfen, als sie zur
Zwangsvollstreckung in vorliegendem Rechtsverhältnis erforderlich sind. Auf die geltenden
Datenschutzbestimmungen wird ausdrücklich hingewiesen.
Hinweis zu Auskünften des Bundeszentralamtes für Steuern: Das übermittelte
Abrufergebnis muß -trotz Übereinstimmung des Namens und des Geburtsdatums- nicht
zwingend mit der abgefragten Person identisch sein.
Die anzugebende Anschrift des Schuldners wird vom Bundeszentralamt nicht in die Abfrage
einbezogen.
Es sind die unten bzw. auf der Rückseite aufgeführten Kosten entstanden, bitte überweisen
Sie diese umgehend.
3.3.1612
Dienstkonto:
RAIBA DURMERSHEIM IBAN: DE98 6656 2053 0002 5820 07 BIC: GENODE61DUR
Gemäß Artikel 13 der Verordnung (EU) 2016/679 des Europäischen Parlaments und des Rates vom 27.04.2016 (Datenschutz-Grundverordnung) wird darauf
hingewiesen, dass personenbezogene Daten zum Zwecke der Durchführung des Verfahrens vor dem Gerichtsvollzieher erhoben und verarbeitet werden. Es
besteht sowohl ein Recht auf Auskunft seitens des Gerichtsvollziehers über diese personenbezogenen Daten, sowie auch auf Berichtigung oder ggfls. Löschung.
<page_2>
Seite 2 des Schreibens zu 14 DR-II 0907/25 vom 16.12.2025 an PAIR Finance GmbH, Hardenbergstr. 32, 10623 Berlin
Kostenrechnung nach § 13 GVKostG an Auftraggeber:
Liqandum Capital GmbH
KV 100 Persönliche Zustellung
12,00€
KV 208 Versuch gütl.Erledigung (erm.)
9,60 €
KV 440 Einholung einer Auskunft
15,60€
KV 604 N. erl. Amtshandlung
18,00 €
KV 711 Wegegeld (Zone 1)
3,25 €
KV 716 Auslagenpauschale
7,92 €
KV 716 Auslagenpauschale zu §8021 ZPO
3,12 €
Summe:
69,49 €
Bitte überweisen Sie sofort
Gegen diese Kostenrechnung kann schriftlich oder zu Protokoll der
Geschäftsstelle Erinnerung bei dem Amtsgericht Karlsruhe, Schlossplatz 23,
76131 Karlsruhe oder dem Gerichtsvollzieher eingelegt werden.
Mit freundlichen Grüßen
BEI
DEM
BETZLER
AMTSGERICHT
Obergerichts ollzieher
beim AG Karlsruhe
HE
3.3.1612
<page_3>
Anlage zu GZ: St II 4 - S 0229a KEVIZZ - 2890535/25 (Bitte stets angeben)
Ergebnisse
zu der Anfrage von dem/der:
Obergerichtsvollzieher Betzler
vom:
10.12.2025
Ihr AZ:
DR-II 0907_25_1
mit folgenden Anhaltsdaten:
Name:
Nachname:
Butunoiu
Vorname:
Liliana
Geburtsdatum:
09.02.1989
Kontonummer:
Der Abruf hat zu keinem Ergebnis geführt.
Anfrage von Obergerichtsvollzieher Betzler (G08526) zu AZ DR-II 0907_25_1
Seite
1 von
1",True," Kriegsstr. 65
CLAUDIUS BETZLER
76133 Karlsruhe
Gerichtsvollzieher
Tel. 0721/3841668 nur Sprechstd.
Fax
ogv-betzler@gerichtsvollzieher.de
SPRECHSTUNDEN
Dienstag 10.00-11.00 Uhr
OGV BETZLER, Kriegsstr. 65, 76133 Karlsruhe
Donnerstag 10.00-11.00 Uhr
Kriegsstr. 65 STRABA: Karlstor
PAIR Finance GmbH
76133 Karlsruhe
Hardenbergstr. 32
PAIR Finance GmbH
Tel.: 0721/3841668
10623 Berlin
18. Dez. 2025
AZ
CANDIS
14 DR-II 0907/25
BITTE BEI ALLEN SCHREIBEN
RECHNUNG
UND ZAHLUNGEN ANGEBEN
ihr Zeichen: 127528382188
Datum: 16.12.2025
Sehr geehrte Damen und Herren
In der Zwangsvollstreckungssache Liqandum Capital GmbH, 10623 Berlin
gegen Butunoiu, Liliana, Rheinstr. 27, 76287 Rheinstetten
war Termin zur Abgabe der Vermögensauskunft gem. § 802 f ZPO anberaumt. D. zum
Termin ordnungsgemäß geladene Schuldner/in ist nicht erschienen, ein Entschul-
digungsgrund ist nicht erkennbar. D. Sch. wurde schriftlich über die Möglichkeit einer
Ratenzahlung gem. § 802b ZPO informiert, hat jedoch bis heute keine Zahlung geleistet
bzw. nicht reagiert. Der Versuch einer gütlichen Erledigung der Sache ist damit gescheitert.
Ich habe den Vorgang entsprechend Ihrem Antrag weiterbearbeitet. Da kein Antrag auf
Erlass eines Haftbefehls gestellt wurde, wird das Verfahren hier eingestellt.
In der Anlage erhalten Sie die nun hier vorliegenden Informationen bezügl. Ihrem Antrag
auf Einholung von Drittauskünften. Sie werden darauf hingewiesen, dass gemäß § 802
Abs. 1 und 2 ZPO die Daten nur insoweit verwendet werden dürfen, als sie zur
Zwangsvollstreckung in vorliegendem Rechtsverhältnis erforderlich sind. Auf die geltenden
Datenschutzbestimmungen wird ausdrücklich hingewiesen.
Hinweis zu Auskünften des Bundeszentralamtes für Steuern: Das übermittelte
Abrufergebnis muß -trotz Übereinstimmung des Namens und des Geburtsdatums- nicht
zwingend mit der abgefragten Person identisch sein.
Die anzugebende Anschrift des Schuldners wird vom Bundeszentralamt nicht in die Abfrage
einbezogen.
Es sind die unten bzw. auf der Rückseite aufgeführten Kosten entstanden, bitte überweisen
Sie diese umgehend.
3.3.1612
Dienstkonto:
RAIBA DURMERSHEIM IBAN: DE98 6656 2053 0002 5820 07 BIC: GENODE61DUR
Gemäß Artikel 13 der Verordnung (EU) 2016/679 des Europäischen Parlaments und des Rates vom 27.04.2016 (Datenschutz-Grundverordnung) wird darauf
hingewiesen, dass personenbezogene Daten zum Zwecke der Durchführung des Verfahrens vor dem Gerichtsvollzieher erhoben und verarbeitet werden. Es
besteht sowohl ein Recht auf Auskunft seitens des Gerichtsvollziehers über diese personenbezogenen Daten, sowie auch auf Berichtigung oder ggfls. Löschung.
 Seite 2 des Schreibens zu 14 DR-II 0907/25 vom 16.12.2025 an PAIR Finance GmbH, Hardenbergstr. 32, 10623 Berlin
Kostenrechnung nach § 13 GVKostG an Auftraggeber:
Liqandum Capital GmbH
KV 100 Persönliche Zustellung
12,00€
KV 208 Versuch gütl.Erledigung (erm.)
9,60 €
KV 440 Einholung einer Auskunft
15,60€
KV 604 N. erl. Amtshandlung
18,00 €
KV 711 Wegegeld (Zone 1)
3,25 €
KV 716 Auslagenpauschale
7,92 €
KV 716 Auslagenpauschale zu §8021 ZPO
3,12 €
Summe:
69,49 €
Bitte überweisen Sie sofort
Gegen diese Kostenrechnung kann schriftlich oder zu Protokoll der
Geschäftsstelle Erinnerung bei dem Amtsgericht Karlsruhe, Schlossplatz 23,
76131 Karlsruhe oder dem Gerichtsvollzieher eingelegt werden.
Mit freundlichen Grüßen
BEI
DEM
BETZLER
AMTSGERICHT
Obergerichts ollzieher
beim AG Karlsruhe
HE
3.3.1612
 Anlage zu GZ: St II 4 - S 0229a KEVIZZ - 2890535/25 (Bitte stets angeben)
Ergebnisse
zu der Anfrage von dem/der:
Obergerichtsvollzieher Betzler
vom:
10.12.2025
Ihr AZ:
DR-II 0907_25_1
mit folgenden Anhaltsdaten:
Name:
Nachname:
Butunoiu
Vorname:
Liliana
Geburtsdatum:
09.02.1989
Kontonummer:
Der Abruf hat zu keinem Ergebnis geführt.
Anfrage von Obergerichtsvollzieher Betzler (G08526) zu AZ DR-II 0907_25_1
Seite
1 von
1",drittauskunft,False,False,d088fb8f-1da9-5f39-b888-37e7e49546f2,fefbb6bc-f262-500b-bddb-c849f70b6617,8662e0774a9bf64508058ebb4e3b646c74cd1e7f55a7989a9e3908def617e3e3,s3://pair-data-engineering-new/ocr_prepared_output/8662e0774a9bf64508058ebb4e3b646c74cd1e7f55a7989a9e3908def617e3e3.json
data/aftercourt/drittauskunf_with_invoice/3_dr_ii_1591_25_a_an_gl_nachricht_hb__802_l20251211-303-1xor7g4.pdf,"<page_1>
Obergerichtsvollzieher Frank Pergande
Büroanschrift:
Kaiserstrasse 49, 33330 Gütersloh
Sprechstunden: (Tel: 05241/28638)
Montag 14:00 15:00 Uhr
Mittwoch 09:00 10:00 Uhr
Handy: 0151/17223864 (außerhalb der Sprechzeiten)
E-Mail: Frank.Pergande@ag-guetersloh.nrw.de
Nutzer-ID: safe-sp1-1361178300780-012534887
Frank Pergande, Kaiserstrasse 49, 33330 Gütersloh
Dienstkonto: Commerzbank Bochum
IBAN: DE20 4304 0380 6510
PAIR Finance GmbH
BIC: COBADEFFXXX
Knesebeckstraße 62-63
10719 Berlin
Mein Zeichen
Ihr Zeichen
3 DR II 1591/25
180652253998
Gütersloh, 10.12.2025
Bitte immer angeben!
Zwangsvollstreckungssache
Liquandum Capital II GmbH, Knesebeckstraße 62-63, 10719 Berlin
vertr. d.
PAIR Finance GmbH, Knesebeckstraße 62-63, 10719 Berlin
gegen
Frau Alexandra Tomescu, Hedwigstraße 12, 33332 Gütersloh
Sehr geehrte Damen und Herren,
in oben genannter Sache teile ich Ihnen mit, dass im Termin zur Abgabe der Vermögensauskunft die Schuldnerin trotz
ordnungsgemäßer Ladung nicht erschienen ist. Der Erlass des Haftbefehls war nicht beantragt.
Das Verfahren gem. § 882 c ZPO (Eintragungsanordnungsverfahren) wurde eingeleitet. Für diesen Fall haben Sie
mich beauftragt, eine Drittauskunft nach § 8021 ZPO beim Bundeszentralamt für Steuern einzuholen.
Das Ergebnis teile ich Ihnen unter Übersendung einer Kopie der entsprechenden Stellen mit.
Ich weise Sie ausdrücklich darauf hin, dass die erlangten Daten nur zu Vollstreckungszwecken genutzt werden dürfen
und nach Zweckerreichung in dieser Sache zu löschen sind (§§ 802 Abs. 3, 802 di Abs. 1 ZPO). Die Weiterleitung
dieser Daten an Dritte ist unzulässig.
Informationen zur Verarbeitung personenbezogener Daten in Rechtssachen durch die Justiz Nordrhein-Westfalen finden Sie unter
www.justiz.nrw/datenschutz/rechtssachen. Informationen in Papierform erhalten Sie gern auf Anfrage.
Die entstandenen Kosten ziehe ich per Lastschrift ein.
Gläubiger-ID: DE43ZZZ00000683239. Mandatsreferenz 2-1591/25 vom 27.10.25
Kostenrechnung GvKostG (KV=Kostenverzeichnis) in EUR V. 24.11.25
Mit freundlichen Grüßen
Nr. Bezeichnung
Betrag Anz. Gesamt
1
KV 100 Pers. Zustellung
12,00 1
12,00
2
KV 604 Nicht erled. Amtshandl.
18,00 1
18,00
zu KV 260
(Frank Pergande)
3
KV 208 Versuch gütl. Erled.
9,60 1
9,60
Obergerichtsvollzieher
4
KV 440 §§ 755.2, 8021.1 ZPO (BZSt)
15,60 1
15,60
beim Amtsgericht Gütersloh
5
KV 700 Dok.-pausch.
0,50 12
6,00
6
KV 711 Wegegeld 0-10 km
1
3,25
7
KV 701 Entgelt Zustellung
5,62 1
5,62
8
KV 716 Pauschale
11,04
9
Rechnungs- und Zahlungsbetrag
81,11
D. Kostenschuldn. ist Liquandum Capital II GmbH.
Rechtsbehelfsbelehrung: Gegen diese Kostenrechnung kann Erinnerung
beim Amtsgericht Gütersloh, 33330, Gütersloh, Friedrich-Ebert-Strasse 30
schriftlich oder zu Protokoll der Geschäftsstelle eingelegt werden. Es ist
zweckmäßig, die Erinnerung zu begründen. Die Erinnerung kann als ein für
die Bearbeitung durch das Gericht gem. §§ 2 und 5 ERVV geeignetes
elektronisches Dokument eingereicht werden. Die verantwortende Person
muss jedes Dokument mit einer qualifizierten elektronischen Signatur
(QES) versehen und gem. § 4 ERVV oder signiert auf sicherem
Übermittlungsweg gem. § 130a Abs. 4 ZPO einreichen. Weitere
Informationen unter www.justiz.de.
Seite 1 3 DR II 1591/25 a An GI. Nachricht HB 8021
<page_2>
Anlage zu GZ: St Il 4 . S 0229a . KEVIZZ - 2842582/25 (Bitte stets angeben)
Ergebnisse
zu der Anfrage von dem/der:
Gerichtsvollzieher
Frank Pergande
vom:
04.12.2025
Ihr AZ:
DR Il 1591/25
mit folgenden Anhaltsdaten:
Name:
Nachname:
Tomescu
Vorname:
Alexandra
Geburtsdatum:
08.02.2004
Kontonummer:
Der Abruf hat zu keinem Ergebnis geführt.
Anfrage von Gerichtsvollzieher
Seite
1 von
1
Frank Pergande
zu AZ DR II 1591/25",True," Obergerichtsvollzieher Frank Pergande
Büroanschrift:
Kaiserstrasse 49, 33330 Gütersloh
Sprechstunden: (Tel: 05241/28638)
Montag 14:00 15:00 Uhr
Mittwoch 09:00 10:00 Uhr
Handy: 0151/17223864 (außerhalb der Sprechzeiten)
E-Mail: Frank.Pergande@ag-guetersloh.nrw.de
Nutzer-ID: safe-sp1-1361178300780-012534887
Frank Pergande, Kaiserstrasse 49, 33330 Gütersloh
Dienstkonto: Commerzbank Bochum
IBAN: DE20 4304 0380 6510
PAIR Finance GmbH
BIC: COBADEFFXXX
Knesebeckstraße 62-63
10719 Berlin
Mein Zeichen
Ihr Zeichen
3 DR II 1591/25
180652253998
Gütersloh, 10.12.2025
Bitte immer angeben!
Zwangsvollstreckungssache
Liquandum Capital II GmbH, Knesebeckstraße 62-63, 10719 Berlin
vertr. d.
PAIR Finance GmbH, Knesebeckstraße 62-63, 10719 Berlin
gegen
Frau Alexandra Tomescu, Hedwigstraße 12, 33332 Gütersloh
Sehr geehrte Damen und Herren,
in oben genannter Sache teile ich Ihnen mit, dass im Termin zur Abgabe der Vermögensauskunft die Schuldnerin trotz
ordnungsgemäßer Ladung nicht erschienen ist. Der Erlass des Haftbefehls war nicht beantragt.
Das Verfahren gem. § 882 c ZPO (Eintragungsanordnungsverfahren) wurde eingeleitet. Für diesen Fall haben Sie
mich beauftragt, eine Drittauskunft nach § 8021 ZPO beim Bundeszentralamt für Steuern einzuholen.
Das Ergebnis teile ich Ihnen unter Übersendung einer Kopie der entsprechenden Stellen mit.
Ich weise Sie ausdrücklich darauf hin, dass die erlangten Daten nur zu Vollstreckungszwecken genutzt werden dürfen
und nach Zweckerreichung in dieser Sache zu löschen sind (§§ 802 Abs. 3, 802 di Abs. 1 ZPO). Die Weiterleitung
dieser Daten an Dritte ist unzulässig.
Informationen zur Verarbeitung personenbezogener Daten in Rechtssachen durch die Justiz Nordrhein-Westfalen finden Sie unter
www.justiz.nrw/datenschutz/rechtssachen. Informationen in Papierform erhalten Sie gern auf Anfrage.
Die entstandenen Kosten ziehe ich per Lastschrift ein.
Gläubiger-ID: DE43ZZZ00000683239. Mandatsreferenz 2-1591/25 vom 27.10.25
Kostenrechnung GvKostG (KV=Kostenverzeichnis) in EUR V. 24.11.25
Mit freundlichen Grüßen
Nr. Bezeichnung
Betrag Anz. Gesamt
1
KV 100 Pers. Zustellung
12,00 1
12,00
2
KV 604 Nicht erled. Amtshandl.
18,00 1
18,00
zu KV 260
(Frank Pergande)
3
KV 208 Versuch gütl. Erled.
9,60 1
9,60
Obergerichtsvollzieher
4
KV 440 §§ 755.2, 8021.1 ZPO (BZSt)
15,60 1
15,60
beim Amtsgericht Gütersloh
5
KV 700 Dok.-pausch.
0,50 12
6,00
6
KV 711 Wegegeld 0-10 km
1
3,25
7
KV 701 Entgelt Zustellung
5,62 1
5,62
8
KV 716 Pauschale
11,04
9
Rechnungs- und Zahlungsbetrag
81,11
D. Kostenschuldn. ist Liquandum Capital II GmbH.
Rechtsbehelfsbelehrung: Gegen diese Kostenrechnung kann Erinnerung
beim Amtsgericht Gütersloh, 33330, Gütersloh, Friedrich-Ebert-Strasse 30
schriftlich oder zu Protokoll der Geschäftsstelle eingelegt werden. Es ist
zweckmäßig, die Erinnerung zu begründen. Die Erinnerung kann als ein für
die Bearbeitung durch das Gericht gem. §§ 2 und 5 ERVV geeignetes
elektronisches Dokument eingereicht werden. Die verantwortende Person
muss jedes Dokument mit einer qualifizierten elektronischen Signatur
(QES) versehen und gem. § 4 ERVV oder signiert auf sicherem
Übermittlungsweg gem. § 130a Abs. 4 ZPO einreichen. Weitere
Informationen unter www.justiz.de.
Seite 1 3 DR II 1591/25 a An GI. Nachricht HB 8021
 Anlage zu GZ: St Il 4 . S 0229a . KEVIZZ - 2842582/25 (Bitte stets angeben)
Ergebnisse
zu der Anfrage von dem/der:
Gerichtsvollzieher
Frank Pergande
vom:
04.12.2025
Ihr AZ:
DR Il 1591/25
mit folgenden Anhaltsdaten:
Name:
Nachname:
Tomescu
Vorname:
Alexandra
Geburtsdatum:
08.02.2004
Kontonummer:
Der Abruf hat zu keinem Ergebnis geführt.
Anfrage von Gerichtsvollzieher
Seite
1 von
1
Frank Pergande
zu AZ DR II 1591/25",drittauskunft,False,False,88325ce5-a859-5af9-8230-c01d51a1e539,934c4ff6-bf58-57cf-950b-9450b8bd1057,6a8e6692235472796470ce5e96cb6b9d1b4dd1e45d496b00008c1436368e606a,s3://pair-data-engineering-new/ocr_prepared_output/6a8e6692235472796470ce5e96cb6b9d1b4dd1e45d496b00008c1436368e606a.json
data/aftercourt/drittauskunf_with_invoice/Dr_ii_1317_25_an_gl_nachricht_antrag_hb20251218-309-1jse4ut.pdf,"<page_1>
Gerichtsvollzieherin beim Amtsgericht Eisenach
Michaela Dengler
Büroanschrift 99817 Eisenach * Altstadtstr. 51
(2. Obergeschoß ohne Fahrstuhl)
Bankverbindung (Dienstkonto) DE47 84094754 0003 6338 96, BIC GENODEF1SAL
Telefon 03691/8887779 oder E-Mail michaela.dengler1@gmx.de
Sprechzeiten: Dienstag 15-16 Uhr + Mittwoch 9-11 Uhr (oder nach Vereinbarung)
Abs. M. Dengler, Altstadtstr. 51, 99817 Eisenach
Falls verzogen an Abs. zurück, auch bei Nachsendeantrag
Pair Finance GmbH
Knesebeckstraße 62-63
10719 Berlin
Mein Zeichen
Ihr Zeichen
DR II 1317/25
170191999268
Eisenach, 17.12.2025
Bitte immer angeben!
Zwangsvollstreckungssache
Liquandum Capital II GmbH, Knesebeckstraße 62-63, 10719 Berlin; handelnd für Zalando
vertr. d.
Pair Finance GmbH, Knesebeckstraße 62-63, 10719 Berlin
gegen
Herrn Mohamad Safonie, Langensalzaer Straße 12, 99817 Eisenach
Sehr geehrte Damen und Herren,
in oben genannter Sache teile ich Ihnen mit, dass im Termin zur Abgabe der Vermögensauskunft der Schuldner
trotz ordnungsgemäßer Ladung nicht erschienen ist.
Da Sie keinen Erlass des Haftbefehls beantragt haben, erhalten Sie anliegend die Vollstreckungsunterlagen, sofern
vorhanden, zurück.
(X) Weiterhin erhalten Sie in der Anlage das Ergebnis der beantragten Drittauskunft
beim BSZt.
Datenschutzhinweis: Informationen zum Schutz personenbezogener Daten bei deren Verarbeitung durch die Justiz finden sich auf der
Internetseite des Gerichts unter dem Menüpunkt ""Datenschutz der Justiz"". Auf Wunsch übersenden wir diese Informationen auch in Papierform.
Die entstandenen Kosten bitte ich auf mein Dienstkonto zu überweisen.
Kostenrechnung GvKostG (KV=Kostenverzeichnis) in EUR V. 17.12.25
Mit freundlichen Grüßen
Nr. Bezeichnung
Betrag Anz. Gesamt
Dieses Dokument wurde maschinell
1
KV 102 Sonstige Zustellung
3,60 1
3,60
erstellt und ist ohne Unterschrift gültig.
2 KV 604 Nicht erled. Amtshandl.
18,00 1
18,00
zu 260
(Dengler)
3
KV 440 Auskunft BZSt
15,60 1
15,60
Gerichtsvollzieherin
4
KV 208 Versuch gütliche Erled.
9,60 1
9,60
beim Amtsgericht Eisenach
5
KV 701 Entgelt Zustellung
5,62 2
11,24
6
KV 716 Pauschale
9,36
7 Rechnungs- und Zahlungsbetrag
67,40
D. Kostenschuldn. ist Liquandum Capital II GmbH.
Rechtsbehelfsbelehrung: Gegen diese Kostenrechnung kann Erinnerung
beim Amtsgericht Eisenach, Theaterplatz 5, 99817 Eisenach schriftlich oder
zu Protokoll der Geschäftsstelle eingelegt werden. Es ist zweckmäßig, die
Erinnerung zu begründen. Die Erinnerung kann als ein für die Bearbeitung
durch das Gericht gem. §§ 2 und 5 ERVV geeignetes elektronisches
Dokument eingereicht werden. Die verantwortende Person muss jedes
<page_2>
Dokument mit einer qualifizierten elektronischen Signatur (QES) versehen
und gem. § 4 ERVV oder signiert auf sicherem Übermittlungsweg gem. §
130a Abs. 4 ZPO einreichen. Weitere Informationen unter www.justiz.de.
<page_3>
Bundeszentralamt
für Steuern
POSTANSCHRIFT
Bundeszentralamt für Steuern, 11055 Berlin
HAUSANSCHRIFT
DGZ-Ring 12, 13086 Berlin
BEARBEITET VON
Gerichtsvollzieherin
Michaela Dengler
Steuerabteilung National
Kontenabrufverfahren
Altstadtstraße 51
TEL
+49 (0) 2 28 40 6-3600
99817 Eisenach
FAX
+49 (0) 2 28 40 6-4408
E-MAIL
kontenabruf@bzst.bund.de
INTERNET
www.bzst.bund.de
BETREFF
Kontenabrufersuchen nach §§ 93, 93b Abgabenordnung (AO)
BEZUG
Ihr Kontenabrufersuchen vom 16.12.2025 AZ: DR Il 1317/25
ANLAGEN
1
GZ
St II 4 S 0229a KEVIZZ 2931667/25
(bei Antwort bitte angeben)
DATUM
17.12.2025
Ihr oben genanntes Kontenabrufersuchen ist im Rahmen des automatisierten Abrufs von
Kontoinformationen bearbeitet worden. Die Ergebnisse dieses Abrufs entnehmen Sie bitte der
nachfolgenden Anlage.
Bitte beachten Sie
dass die Verantwortung für die Zulässigkeit des Datenabrufs und die Datenübermittlung die
ersuchende Behörde trägt (§ 93b Abs. 3 AO),
die Informations- und Dokumentationspflichten gemäß § 93 Abs. 9 und 10 AO sowie den
Anwendungserlass zur Abgabenordnung (AEAO),
dass die Kontenstammdaten in der Datei nach § 24c Kreditwesengesetz (KWG) durch die
beteiligten Kreditinstitute vorgehalten werden. Ich kann deshalb keine Haftung dafür
übernehmen, dass die im Rahmen des Kontenabrufs mitgeteilten Daten vollständig und
inhaltlich korrekt sind.
Zum Inhalt des Ergebnisses bemerke ich folgendes:
Aufgrund der gesetzlichen Vorgabe der Unterscheidungsmerkmale in den von den Kreditinstituten
zu führenden Dateien kann die Identität der gemeldeten Personen immer nur im Hinblick auf die
Merkmale Name und Geburtsdatum für die Kontoinhaber und Verfügungsberechtigten bzw. Name
und Anschrift für die abweichend wirtschaftlich Berechtigten festgestellt werden. Insofern muss das
übermittelte Abrufergebnis trotz Übereinstimmung des Namens und des Geburtsdatums nicht
zwingend mit der von Ihnen abgefragten Person identisch sein. Das gilt auch für
Firmenbezeichnungen. Die auf dem Kontenabrufersuchen gleichwohl anzugebende Anschrift des
Kontoinhabers oder des Verfügungsberechtigten wird nicht in die Abfrage einbezogen.
<page_4>
Bundeszentralamt
für Steuern
Bei Rückfragen bitte ich Sie, zunächst die FAQ (häufige Fragen) zu beachten, die Sie auf der
Homepage des BZSt unter http://www.bzst.bund.de oder, sofern Sie für die Verwaltung der
Grundsicherung für Arbeitsuchende nach dem Zweiten Buch Sozialgesetzbuch zuständig sind, im
Intranet der Bundesagentur für Arbeit finden. Sie können sich aber auch an die oben angegebene
Telefonnummer wenden.
Dieses Anschreiben wurde automatisch erstellt und ist ohne Unterschrift gültig.
<page_5>
Anlage zu GZ: St Il 4 - S 0229a KEVIZZ 2931667/25 (Bitte stets angeben)
Ergebnisse
zu der Anfrage von dem/der:
Gerichtsvollzieherin
Michaela Dengler
vom:
16.12.2025
Ihr AZ:
DR Il 1317/25
mit folgenden Anhaltsdaten:
Name:
Nachname:
Safonie
Vorname:
Mohamad
Geburtsdatum:
01.06.1998
Kontonummer:
Der Abruf hat zu keinem Ergebnis geführt.
Anfrage von Gerichtsvollzieherin
Seite
1 von
1
Michaela Dengler (G16043) zu AZ DR II 1317/25",True," Gerichtsvollzieherin beim Amtsgericht Eisenach
Michaela Dengler
Büroanschrift 99817 Eisenach * Altstadtstr. 51
(2. Obergeschoß ohne Fahrstuhl)
Bankverbindung (Dienstkonto) DE47 84094754 0003 6338 96, BIC GENODEF1SAL
Telefon 03691/8887779 oder E-Mail michaela.dengler1@gmx.de
Sprechzeiten: Dienstag 15-16 Uhr + Mittwoch 9-11 Uhr (oder nach Vereinbarung)
Abs. M. Dengler, Altstadtstr. 51, 99817 Eisenach
Falls verzogen an Abs. zurück, auch bei Nachsendeantrag
Pair Finance GmbH
Knesebeckstraße 62-63
10719 Berlin
Mein Zeichen
Ihr Zeichen
DR II 1317/25
170191999268
Eisenach, 17.12.2025
Bitte immer angeben!
Zwangsvollstreckungssache
Liquandum Capital II GmbH, Knesebeckstraße 62-63, 10719 Berlin; handelnd für Zalando
vertr. d.
Pair Finance GmbH, Knesebeckstraße 62-63, 10719 Berlin
gegen
Herrn Mohamad Safonie, Langensalzaer Straße 12, 99817 Eisenach
Sehr geehrte Damen und Herren,
in oben genannter Sache teile ich Ihnen mit, dass im Termin zur Abgabe der Vermögensauskunft der Schuldner
trotz ordnungsgemäßer Ladung nicht erschienen ist.
Da Sie keinen Erlass des Haftbefehls beantragt haben, erhalten Sie anliegend die Vollstreckungsunterlagen, sofern
vorhanden, zurück.
(X) Weiterhin erhalten Sie in der Anlage das Ergebnis der beantragten Drittauskunft
beim BSZt.
Datenschutzhinweis: Informationen zum Schutz personenbezogener Daten bei deren Verarbeitung durch die Justiz finden sich auf der
Internetseite des Gerichts unter dem Menüpunkt ""Datenschutz der Justiz"". Auf Wunsch übersenden wir diese Informationen auch in Papierform.
Die entstandenen Kosten bitte ich auf mein Dienstkonto zu überweisen.
Kostenrechnung GvKostG (KV=Kostenverzeichnis) in EUR V. 17.12.25
Mit freundlichen Grüßen
Nr. Bezeichnung
Betrag Anz. Gesamt
Dieses Dokument wurde maschinell
1
KV 102 Sonstige Zustellung
3,60 1
3,60
erstellt und ist ohne Unterschrift gültig.
2 KV 604 Nicht erled. Amtshandl.
18,00 1
18,00
zu 260
(Dengler)
3
KV 440 Auskunft BZSt
15,60 1
15,60
Gerichtsvollzieherin
4
KV 208 Versuch gütliche Erled.
9,60 1
9,60
beim Amtsgericht Eisenach
5
KV 701 Entgelt Zustellung
5,62 2
11,24
6
KV 716 Pauschale
9,36
7 Rechnungs- und Zahlungsbetrag
67,40
D. Kostenschuldn. ist Liquandum Capital II GmbH.
Rechtsbehelfsbelehrung: Gegen diese Kostenrechnung kann Erinnerung
beim Amtsgericht Eisenach, Theaterplatz 5, 99817 Eisenach schriftlich oder
zu Protokoll der Geschäftsstelle eingelegt werden. Es ist zweckmäßig, die
Erinnerung zu begründen. Die Erinnerung kann als ein für die Bearbeitung
durch das Gericht gem. §§ 2 und 5 ERVV geeignetes elektronisches
Dokument eingereicht werden. Die verantwortende Person muss jedes
 Dokument mit einer qualifizierten elektronischen Signatur (QES) versehen
und gem. § 4 ERVV oder signiert auf sicherem Übermittlungsweg gem. §
130a Abs. 4 ZPO einreichen. Weitere Informationen unter www.justiz.de.
 Bundeszentralamt
für Steuern
POSTANSCHRIFT
Bundeszentralamt für Steuern, 11055 Berlin
HAUSANSCHRIFT
DGZ-Ring 12, 13086 Berlin
BEARBEITET VON
Gerichtsvollzieherin
Michaela Dengler
Steuerabteilung National
Kontenabrufverfahren
Altstadtstraße 51
TEL
+49 (0) 2 28 40 6-3600
99817 Eisenach
FAX
+49 (0) 2 28 40 6-4408
E-MAIL
kontenabruf@bzst.bund.de
INTERNET
www.bzst.bund.de
BETREFF
Kontenabrufersuchen nach §§ 93, 93b Abgabenordnung (AO)
BEZUG
Ihr Kontenabrufersuchen vom 16.12.2025 AZ: DR Il 1317/25
ANLAGEN
1
GZ
St II 4 S 0229a KEVIZZ 2931667/25
(bei Antwort bitte angeben)
DATUM
17.12.2025
Ihr oben genanntes Kontenabrufersuchen ist im Rahmen des automatisierten Abrufs von
Kontoinformationen bearbeitet worden. Die Ergebnisse dieses Abrufs entnehmen Sie bitte der
nachfolgenden Anlage.
Bitte beachten Sie
dass die Verantwortung für die Zulässigkeit des Datenabrufs und die Datenübermittlung die
ersuchende Behörde trägt (§ 93b Abs. 3 AO),
die Informations- und Dokumentationspflichten gemäß § 93 Abs. 9 und 10 AO sowie den
Anwendungserlass zur Abgabenordnung (AEAO),
dass die Kontenstammdaten in der Datei nach § 24c Kreditwesengesetz (KWG) durch die
beteiligten Kreditinstitute vorgehalten werden. Ich kann deshalb keine Haftung dafür
übernehmen, dass die im Rahmen des Kontenabrufs mitgeteilten Daten vollständig und
inhaltlich korrekt sind.
Zum Inhalt des Ergebnisses bemerke ich folgendes:
Aufgrund der gesetzlichen Vorgabe der Unterscheidungsmerkmale in den von den Kreditinstituten
zu führenden Dateien kann die Identität der gemeldeten Personen immer nur im Hinblick auf die
Merkmale Name und Geburtsdatum für die Kontoinhaber und Verfügungsberechtigten bzw. Name
und Anschrift für die abweichend wirtschaftlich Berechtigten festgestellt werden. Insofern muss das
übermittelte Abrufergebnis trotz Übereinstimmung des Namens und des Geburtsdatums nicht
zwingend mit der von Ihnen abgefragten Person identisch sein. Das gilt auch für
Firmenbezeichnungen. Die auf dem Kontenabrufersuchen gleichwohl anzugebende Anschrift des
Kontoinhabers oder des Verfügungsberechtigten wird nicht in die Abfrage einbezogen.
 Bundeszentralamt
für Steuern
Bei Rückfragen bitte ich Sie, zunächst die FAQ (häufige Fragen) zu beachten, die Sie auf der
Homepage des BZSt unter http://www.bzst.bund.de oder, sofern Sie für die Verwaltung der
Grundsicherung für Arbeitsuchende nach dem Zweiten Buch Sozialgesetzbuch zuständig sind, im
Intranet der Bundesagentur für Arbeit finden. Sie können sich aber auch an die oben angegebene
Telefonnummer wenden.
Dieses Anschreiben wurde automatisch erstellt und ist ohne Unterschrift gültig.
 Anlage zu GZ: St Il 4 - S 0229a KEVIZZ 2931667/25 (Bitte stets angeben)
Ergebnisse
zu der Anfrage von dem/der:
Gerichtsvollzieherin
Michaela Dengler
vom:
16.12.2025
Ihr AZ:
DR Il 1317/25
mit folgenden Anhaltsdaten:
Name:
Nachname:
Safonie
Vorname:
Mohamad
Geburtsdatum:
01.06.1998
Kontonummer:
Der Abruf hat zu keinem Ergebnis geführt.
Anfrage von Gerichtsvollzieherin
Seite
1 von
1
Michaela Dengler (G16043) zu AZ DR II 1317/25",drittauskunft,False,False,9c129614-774b-58c1-bafd-d3f8b7890f85,6259ffbb-7549-54f1-8dab-53d58eee852b,c36bf9e79340f11d66093a12314c0758e13a3d7a6386af8bc86283e8df0db108,s3://pair-data-engineering-new/ocr_prepared_output/c36bf9e79340f11d66093a12314c0758e13a3d7a6386af8bc86283e8df0db108.json
data/aftercourt/drittauskunf_with_invoice/combined_pdf_DR_II_1012_25_Information_Kontenabrufersuchen1_signed_Dokument_101225_10122025_15223820251211-308-1us0bz8.pdf,"<page_1>
Bundeszentralamt
für Steuern
POSTANSCHRIFT
Bundeszentralamt für Steuern, 11055 Berlin
HAUSANSCHRIFT
DGZ-Ring 12, 13086 Berlin
BEARBEITET VON
Gerichtsvollzieherin
Julia Bauer
Steuerabteilung National
Kontenabrufverfahren
Mühlstraße 11a
TEL
+49 (0) 2 28 40 6-3600
35584 Wetzlar
FAX
+49 (0) 2 28 40 6-4408
E-MAIL
kontenabruf@bzst.bund.de
INTERNET
www.bzst.bund.de
BETREFF
Kontenabrufersuchen nach §§ 93, 93b Abgabenordnung (AO)
BEZUG
Ihr Kontenabrufersuchen vom 03.12.2025 AZ: DR Il 1012/25
ANLAGEN
1
GZ
St II 4 S 0229a KEVIZZ 2822572/25
(bei Antwort bitte angeben)
DATUM
09.12.2025
Ihr oben genanntes Kontenabrufersuchen ist im Rahmen des automatisierten Abrufs von
Kontoinformationen bearbeitet worden. Die Ergebnisse dieses Abrufs entnehmen Sie bitte der
nachfolgenden Anlage.
Bitte beachten Sie
dass die Verantwortung für die Zulässigkeit des Datenabrufs und die Datenübermittlung die
ersuchende Behörde trägt (§ 93b Abs. 3 AO),
die Informations- und Dokumentationspflichten gemäß § 93 Abs. 9 und 10 AO sowie den
Anwendungserlass zur Abgabenordnung (AEAO),
dass die Kontenstammdaten in der Datei nach § 24c Kreditwesengesetz (KWG) durch die
beteiligten Kreditinstitute vorgehalten werden. Ich kann deshalb keine Haftung dafür
übernehmen, dass die im Rahmen des Kontenabrufs mitgeteilten Daten vollständig und
inhaltlich korrekt sind.
Zum Inhalt des Ergebnisses bemerke ich folgendes:
Aufgrund der gesetzlichen Vorgabe der Unterscheidungsmerkmale in den von den Kreditinstituten
zu führenden Dateien kann die Identität der gemeldeten Personen immer nur im Hinblick auf die
Merkmale Name und Geburtsdatum für die Kontoinhaber und Verfügungsberechtigten bzw. Name
und Anschrift für die abweichend wirtschaftlich Berechtigten festgestellt werden. Insofern muss das
übermittelte Abrufergebnis trotz Übereinstimmung des Namens und des Geburtsdatums nicht
zwingend mit der von Ihnen abgefragten Person identisch sein. Das gilt auch für
Firmenbezeichnungen. Die auf dem Kontenabrufersuchen gleichwohl anzugebende Anschrift des
Kontoinhabers oder des Verfügungsberechtigten wird nicht in die Abfrage einbezogen.
<page_2>
Bundeszentralamt
für Steuern
Bei Rückfragen bitte ich Sie, zunächst die FAQ (häufige Fragen) zu beachten, die Sie auf der
Homepage des BZSt unter http://www.bzst.bund.de oder, sofern Sie für die Verwaltung der
Grundsicherung für Arbeitsuchende nach dem Zweiten Buch Sozialgesetzbuch zuständig sind, im
Intranet der Bundesagentur für Arbeit finden. Sie können sich aber auch an die oben angegebene
Telefonnummer wenden.
Dieses Anschreiben wurde automatisch erstellt und ist ohne Unterschrift gültig.
<page_3>
Anlage zu GZ: St Il 4 - S 0229a KEVIZZ 2822572/25 (Bitte stets angeben)
Ergebnisse
zu der Anfrage von dem/der:
Gerichtsvollzieherin
Julia Bauer
vom:
03.12.2025
Ihr AZ:
DR II 1012/25
mit folgenden Anhaltsdaten:
Name:
Nachname:
Angelov
Vorname:
Martin Nikolaev
Geburtsdatum:
14.10.1987
Kontonummer:
CB Bank GmbH
BAK-Nr.: 104099
Gabelsbergerstraße 32, 94315 Straubing
Trefferanzahl: 3
Kontonummer: DE79742901003454000382
Errichtungsdatum: 13.01.2023
Kontoinfo:
Auflösungsdatum:
Kontoinhaber
Geburtsdatum
Seit
Bis
Martin Nikolaev Angelov
14.10.1987
13.01.2023
Untergasse 20 34576 Homberg DE
Kontonummer: DE10742901008754016343
Errichtungsdatum: 09.05.2022
Kontoinfo:
Auflösungsdatum:
Kontoinhaber
Geburtsdatum Seit
Bis
Martin Nikolaev Angelov
14.10.1987
09.05.2022
Untergasse 20 34576 Homberg DE
Kontonummer: DE13742901002454005872
Errichtungsdatum: 09.05.2022
Kontoinfo:
Auflösungsdatum:
Kontoinhaber
Geburtsdatum
Seit
Bis
Martin Nikolaev Angelov
14.10.1987
09.05.2022
Untergasse 20 34576 Homberg DE
Anfrage von Gerichtsvollzieherin
Seite
1 von
1
Julia Bauer (G06446) zu AZ DR II 1012/25
<page_4>
Julia Bauer
Postfach 11 30
Beauftragte Gerichtsvollzieherin
35631 Lahnau
Sprechstunden:
Amtsgericht Fritzlar, Gebäude A, Zimmer 5
Montag 14:00 bis 15:00 Uhr und
Donnerstag 10.30 bis 11.30 Uhr
Telefon 0157 36714742
Abs. Beauftragte Gerichtsvollzieherin Bauer, Postfach 11 30,
35631 Lahnau
EGVP-Nutzer-ID für ERV:
DE.Justiz.3daf51aa-88d9-445e-96e8-
Pair Finance GmbH
7c1dec25f839.b4a5
vertr. d. d. GF
Dienstkonto:
Knesebeckstraße 62-63
Empfänger: Julia Bauer
10719 Berlin
IBAN: DE31 06
BIC: HELADEF1WET
Bank: Sparkasse Wetzlar
DR II 1012/25
Bitte bei Schreiben und Zahlungen angeben!
174450907236
Fritzlar, 10.12.2025
Zwangsvollstreckungssache
E.ON Energie Deutschland GmbH, vertr. d. d. GF, Arnulfstraße 203, 80634 München
vertreten durch: Pair Finance GmbH, vertr. d. d. GF, Knesebeckstraße 62-63, 10719 Berlin, Az.174450907236
gegen
Herrn Martin Nikolaev Angelov, Marktgasse 2, 34576 Homberg oT Homberg
Sehr geehrte Damen und Herren,
in obiger Sache erhalten Sie anliegend wie von Ihnen beantragt:
Auskunft vom Bundeszentralamt für Steuern
Daten, die für die Zwecke der Vollstreckung nicht erforderlich sind, wurden aus der Auskunft entfernt.
Die erlangten Angaben dürfen nur zu Vollstreckungszwecken verwendet werden. Nach Zweckerreichung
(insbesondere bei vollständiger Zahlung) sind die Daten zu löschen.
Die nachstehenden Kosten überweisen Sie bitte binnen einer Woche auf mein obiges Dienstkonto.
Mit freundlichen Grüßen
Kostenrechnung gem. GVKostG (KV=Kostenverzeichnis)
KV440 Einholung einer Auskunft
15,60 €
KV716 Auslagenpauschale
3,12 €
Summe
18,72€
Kostenschuldner gem. §13 GVKostG ist E.ON Energie Deutschland
Bauer
GmbH
Beauftragte Gerichtsvollzieherin
beim Amtsgericht Fritzlar
Rechtsbehelfsbelehrung: Gegen diese Kostenrechnung kann Erinnerung bei dem Amtsgericht Fritzlar, Schladenweg1, 34560 Fritzlar, schriftlich oder zu Protokoll der
Geschäftsstelle eingelegt werden. Der Rechtsbehelf kann auch als elektronisches Dokument eingereicht werden. Das elektronische Dokument muss für die
Bearbeitung durch das Gericht gemäß §§ 2 und 5 der Elektronischer-Rechtsverkehr-Verordnung ERVV) geeignet sein. Eine einfache E-Mail genügt den gesetzlichen
Anforderungen nicht. Rechtsbehelfe, die durch einen Rechtsanwalt, durch eine Behörde oder durch eine juristische Person des öffentlichen Rechts einschließlich der
von ihr zur Erfüllung ihrer öffentlichen Aufgaben gebildeten Zusammenschlüsse eingereicht werden, sind als elektronisches Dokument einzureichen. Das elektronische
Dokument muss
1. mit einer qualifizierten elektronischen Signatur der verantwortenden Person versehen sein und gemäß § 4 ERVV übermittelt werden, wobei mehrere elektronische
Dokumente nicht mit einer gemeinsamen qualifizierten elektronischen Signatur übermittelt werden dürfen, oder
2. von der verantwortenden Person signiert und auf einem der sicheren Übermittlungswege, die in § 130a Absatz 4 ZPO abschließend aufgeführt sind eingereicht
werden.
Informationen hierzu können über das Internetportal https://justiz.de/laender-bund-europa/elektronische_kommunikation/index.php aufgerufen werden.
Hinweise zur Verarbeitung personenbezogener Daten erhalten Sie unter www.ag-fritzlar-justiz.hessen.de. Auf Wunsch werden diese Informationen auch in Papierform
zur Verfügung gestellt.
DR II 1012/25, Seite 1",True," Bundeszentralamt
für Steuern
POSTANSCHRIFT
Bundeszentralamt für Steuern, 11055 Berlin
HAUSANSCHRIFT
DGZ-Ring 12, 13086 Berlin
BEARBEITET VON
Gerichtsvollzieherin
Julia Bauer
Steuerabteilung National
Kontenabrufverfahren
Mühlstraße 11a
TEL
+49 (0) 2 28 40 6-3600
35584 Wetzlar
FAX
+49 (0) 2 28 40 6-4408
E-MAIL
kontenabruf@bzst.bund.de
INTERNET
www.bzst.bund.de
BETREFF
Kontenabrufersuchen nach §§ 93, 93b Abgabenordnung (AO)
BEZUG
Ihr Kontenabrufersuchen vom 03.12.2025 AZ: DR Il 1012/25
ANLAGEN
1
GZ
St II 4 S 0229a KEVIZZ 2822572/25
(bei Antwort bitte angeben)
DATUM
09.12.2025
Ihr oben genanntes Kontenabrufersuchen ist im Rahmen des automatisierten Abrufs von
Kontoinformationen bearbeitet worden. Die Ergebnisse dieses Abrufs entnehmen Sie bitte der
nachfolgenden Anlage.
Bitte beachten Sie
dass die Verantwortung für die Zulässigkeit des Datenabrufs und die Datenübermittlung die
ersuchende Behörde trägt (§ 93b Abs. 3 AO),
die Informations- und Dokumentationspflichten gemäß § 93 Abs. 9 und 10 AO sowie den
Anwendungserlass zur Abgabenordnung (AEAO),
dass die Kontenstammdaten in der Datei nach § 24c Kreditwesengesetz (KWG) durch die
beteiligten Kreditinstitute vorgehalten werden. Ich kann deshalb keine Haftung dafür
übernehmen, dass die im Rahmen des Kontenabrufs mitgeteilten Daten vollständig und
inhaltlich korrekt sind.
Zum Inhalt des Ergebnisses bemerke ich folgendes:
Aufgrund der gesetzlichen Vorgabe der Unterscheidungsmerkmale in den von den Kreditinstituten
zu führenden Dateien kann die Identität der gemeldeten Personen immer nur im Hinblick auf die
Merkmale Name und Geburtsdatum für die Kontoinhaber und Verfügungsberechtigten bzw. Name
und Anschrift für die abweichend wirtschaftlich Berechtigten festgestellt werden. Insofern muss das
übermittelte Abrufergebnis trotz Übereinstimmung des Namens und des Geburtsdatums nicht
zwingend mit der von Ihnen abgefragten Person identisch sein. Das gilt auch für
Firmenbezeichnungen. Die auf dem Kontenabrufersuchen gleichwohl anzugebende Anschrift des
Kontoinhabers oder des Verfügungsberechtigten wird nicht in die Abfrage einbezogen.
 Bundeszentralamt
für Steuern
Bei Rückfragen bitte ich Sie, zunächst die FAQ (häufige Fragen) zu beachten, die Sie auf der
Homepage des BZSt unter http://www.bzst.bund.de oder, sofern Sie für die Verwaltung der
Grundsicherung für Arbeitsuchende nach dem Zweiten Buch Sozialgesetzbuch zuständig sind, im
Intranet der Bundesagentur für Arbeit finden. Sie können sich aber auch an die oben angegebene
Telefonnummer wenden.
Dieses Anschreiben wurde automatisch erstellt und ist ohne Unterschrift gültig.
 Anlage zu GZ: St Il 4 - S 0229a KEVIZZ 2822572/25 (Bitte stets angeben)
Ergebnisse
zu der Anfrage von dem/der:
Gerichtsvollzieherin
Julia Bauer
vom:
03.12.2025
Ihr AZ:
DR II 1012/25
mit folgenden Anhaltsdaten:
Name:
Nachname:
Angelov
Vorname:
Martin Nikolaev
Geburtsdatum:
14.10.1987
Kontonummer:
CB Bank GmbH
BAK-Nr.: 104099
Gabelsbergerstraße 32, 94315 Straubing
Trefferanzahl: 3
Kontonummer: DE79742901003454000382
Errichtungsdatum: 13.01.2023
Kontoinfo:
Auflösungsdatum:
Kontoinhaber
Geburtsdatum
Seit
Bis
Martin Nikolaev Angelov
14.10.1987
13.01.2023
Untergasse 20 34576 Homberg DE
Kontonummer: DE10742901008754016343
Errichtungsdatum: 09.05.2022
Kontoinfo:
Auflösungsdatum:
Kontoinhaber
Geburtsdatum Seit
Bis
Martin Nikolaev Angelov
14.10.1987
09.05.2022
Untergasse 20 34576 Homberg DE
Kontonummer: DE13742901002454005872
Errichtungsdatum: 09.05.2022
Kontoinfo:
Auflösungsdatum:
Kontoinhaber
Geburtsdatum
Seit
Bis
Martin Nikolaev Angelov
14.10.1987
09.05.2022
Untergasse 20 34576 Homberg DE
Anfrage von Gerichtsvollzieherin
Seite
1 von
1
Julia Bauer (G06446) zu AZ DR II 1012/25
 Julia Bauer
Postfach 11 30
Beauftragte Gerichtsvollzieherin
35631 Lahnau
Sprechstunden:
Amtsgericht Fritzlar, Gebäude A, Zimmer 5
Montag 14:00 bis 15:00 Uhr und
Donnerstag 10.30 bis 11.30 Uhr
Telefon 0157 36714742
Abs. Beauftragte Gerichtsvollzieherin Bauer, Postfach 11 30,
35631 Lahnau
EGVP-Nutzer-ID für ERV:
DE.Justiz.3daf51aa-88d9-445e-96e8-
Pair Finance GmbH
7c1dec25f839.b4a5
vertr. d. d. GF
Dienstkonto:
Knesebeckstraße 62-63
Empfänger: Julia Bauer
10719 Berlin
IBAN: DE31 06
BIC: HELADEF1WET
Bank: Sparkasse Wetzlar
DR II 1012/25
Bitte bei Schreiben und Zahlungen angeben!
174450907236
Fritzlar, 10.12.2025
Zwangsvollstreckungssache
E.ON Energie Deutschland GmbH, vertr. d. d. GF, Arnulfstraße 203, 80634 München
vertreten durch: Pair Finance GmbH, vertr. d. d. GF, Knesebeckstraße 62-63, 10719 Berlin, Az.174450907236
gegen
Herrn Martin Nikolaev Angelov, Marktgasse 2, 34576 Homberg oT Homberg
Sehr geehrte Damen und Herren,
in obiger Sache erhalten Sie anliegend wie von Ihnen beantragt:
Auskunft vom Bundeszentralamt für Steuern
Daten, die für die Zwecke der Vollstreckung nicht erforderlich sind, wurden aus der Auskunft entfernt.
Die erlangten Angaben dürfen nur zu Vollstreckungszwecken verwendet werden. Nach Zweckerreichung
(insbesondere bei vollständiger Zahlung) sind die Daten zu löschen.
Die nachstehenden Kosten überweisen Sie bitte binnen einer Woche auf mein obiges Dienstkonto.
Mit freundlichen Grüßen
Kostenrechnung gem. GVKostG (KV=Kostenverzeichnis)
KV440 Einholung einer Auskunft
15,60 €
KV716 Auslagenpauschale
3,12 €
Summe
18,72€
Kostenschuldner gem. §13 GVKostG ist E.ON Energie Deutschland
Bauer
GmbH
Beauftragte Gerichtsvollzieherin
beim Amtsgericht Fritzlar
Rechtsbehelfsbelehrung: Gegen diese Kostenrechnung kann Erinnerung bei dem Amtsgericht Fritzlar, Schladenweg1, 34560 Fritzlar, schriftlich oder zu Protokoll der
Geschäftsstelle eingelegt werden. Der Rechtsbehelf kann auch als elektronisches Dokument eingereicht werden. Das elektronische Dokument muss für die
Bearbeitung durch das Gericht gemäß §§ 2 und 5 der Elektronischer-Rechtsverkehr-Verordnung ERVV) geeignet sein. Eine einfache E-Mail genügt den gesetzlichen
Anforderungen nicht. Rechtsbehelfe, die durch einen Rechtsanwalt, durch eine Behörde oder durch eine juristische Person des öffentlichen Rechts einschließlich der
von ihr zur Erfüllung ihrer öffentlichen Aufgaben gebildeten Zusammenschlüsse eingereicht werden, sind als elektronisches Dokument einzureichen. Das elektronische
Dokument muss
1. mit einer qualifizierten elektronischen Signatur der verantwortenden Person versehen sein und gemäß § 4 ERVV übermittelt werden, wobei mehrere elektronische
Dokumente nicht mit einer gemeinsamen qualifizierten elektronischen Signatur übermittelt werden dürfen, oder
2. von der verantwortenden Person signiert und auf einem der sicheren Übermittlungswege, die in § 130a Absatz 4 ZPO abschließend aufgeführt sind eingereicht
werden.
Informationen hierzu können über das Internetportal https://justiz.de/laender-bund-europa/elektronische_kommunikation/index.php aufgerufen werden.
Hinweise zur Verarbeitung personenbezogener Daten erhalten Sie unter www.ag-fritzlar-justiz.hessen.de. Auf Wunsch werden diese Informationen auch in Papierform
zur Verfügung gestellt.
DR II 1012/25, Seite 1",drittauskunft,False,False,421c6599-37a0-5822-8d21-11de81eadee9,1ccc264b-566c-535f-a5aa-d2ea89e8547f,481d84aab52bb306dd926fb8952770634cac437de5d388387b7e2e635cb49974,s3://pair-data-engineering-new/ocr_prepared_output/481d84aab52bb306dd926fb8952770634cac437de5d388387b7e2e635cb49974.json
data/aftercourt/drittauskunf_with_invoice/KL_001-12032026-085848.pdf,"<page_1>
Gerichtsvollzieherin Antje Netzband
Amtsgericht Stendal
Dienstkonto
Breite Straße 11
0172-3140018
IBAN DE90810400000859287500
39576 Stendal
per SMS ständig
BIC COBADEFFXXX
Bürozeiten
mittwochs 09.00-11.00Uhr
E-Mail
Abs.: GVin Antie Netzband, Breite Straße 11, 39576 Stendal
gv.a.netzband@gmail.com
Firma
PAIR Finance GmbH
Knesebeckstraße 62-63
PAIR Finance G
10719 Berlin
11. März 2026
CANDIS
AZ
RECHNUNG
Mein Zeichen
Ihr Zeichen
DR II 1209/25
174508462713
Stendal, den 10.03.2026
Bitte immer angeben!
Zwangsvollstreckungssache
Firma E.ON Energie Deutschland GmbH, Arnulfstraße 203, 80634 München
vertr. d.
Firma PAIR Finance GmbH, Knesebeckstraße 62-63, 10719 Berlin
gegen
Herrn Sebastian Hesse, Tangermünder Straße 13, 39576 Stendal
Sehr geehrte Damen und Herren,
der Schuldner ist am 4.3.26 unentschuldigt nicht zum Termin auf Abgabe der Vermögensauskunft erschienen.
Die Auskunft des Bundeszentralamtes für Steuern liegt an.
Informationen nach Artikel 13 und 14 der Datenschutz-Grundverordnung finden Sie unter https://ag-sdl.sachsen-
anhalt.de/amtsgericht-stendal
Die entstandenen Kosten bitte binnen 2 Wochen an mich überweisen. GiroCode 84,54
Kostenrechnung GvKostG (KV=Kostenverzeichnis) in EUR V. 04.03.26
Mit freundlichem Gruß
Nr. Bezeichnung
Betrag Anz. Gesamt
1 KV 102 Sonstige Zustellung
3,60 2
7,20
2 KV 604 Nicht erled. Amtshandl.
18,00 1
18,00
3 KV 440 §§ 755.2, 8021.1 ZPO
15,60 1
15,60
(Antje Netzband)
4 KV 441 Ausk. § 755 Abs.1 1 ZPO
6,00 1
6,00
Gerichtsvollzieherin
5 KV 208 Versuch gütl. Erled.
9,60 1
9,60
beim Amtsgericht Stendal
6 KV 701 Entgelt Zustellung
5,62 3
16,86
7 KV 716 Pauschale
11,28
8 Rechnungs- und Zahlungsbetrag
84,54
D. Kostenschuldn. ist Firma E.ON Energie Deutschland GmbH.
Rechtsbehelfsbelehrung: Gegen diese Kostenrechnung kann Erinnerung
(zweckmäßig begründet) beim Amtsgericht Stendal, Scharnhorststr. 40,
39576 Stendal schriftlich oder zu Protokoll der Geschäftsstelle eingelegt
werden. Die Erinnerung kann als ein für die Bearbeitung durch das Gericht
gem. §§ 2 und 5 ERVV geeignetes elektronisches Dokument eingereicht
werden. Die verantwortende Person muss jedes Dokument mit einer
qualifizierten elektronischen Signatur (QES) versehen und gem. § 4 ERVV
oder signiert auf sicherem Übermittlungsweg gem. § 130a Abs. 4 ZPO
einreichen. Weitere Informationen unter www.justiz.de.
Seite 1 des Dokuments zu I'DR II 1209/25
<page_2>
Bundeszentralamt
für Steuern
POSTANSCHRIFT
Bundeszentralamt für Steuern, 11055 Berlin
HAUSANSCHRIFT
DGZ-Ring 12, 13086 Berlin
BEARBEITET VON
Gerichtsvollzieherin
Antje Netzband
Steuerabteilung National
Kontenabrufverfahren
Breite Straße 71
TEL
+49 (0) 2 28 40 6- 3600
39576 Stendal
FAX
+49 (0) 2 28 40 6- 4408
E-MAIL
kontenabruf@bzst.bund.de
INTERNET
www.bzst.bund.de
BETREFF
Kontenabrufersuchen nach §§ 93, 93b Abgabenordnung (AO)
BEZUG
Ihr Kontenabrufersuchen vom 05.03.2026 AZ: DR II 1209/25
ANLAGEN
1
GZ
St II 4 S 0229a KEVIZZ - 566098/26
(bei Antwort bitte angeben)
DATUM
05.03.2026
Ihr oben genanntes Kontenabrufersuchen ist im Rahmen des automatisierten Abrufs von
Kontoinformationen bearbeitet worden. Die Ergebnisse dieses Abrufs entnehmen Sie bitte der
nachfolgenden Anlage.
Bitte beachten Sie
dass die Verantwortung für die Zulässigkeit des Datenabrufs und die Datenübermittlung die
ersuchende Behörde trägt (§ 93b Abs. 3 AO),
die Informations- und Dokumentationspflichten gemäß § 93 Abs. 9 und 10 AO sowie den
Anwendungserlass zur Abgabenordnung (AEAO),
dass die Kontenstammdaten in der Datei nach § 24c Kreditwesengesetz (KWG) durch die
beteiligten Kreditinstitute vorgehalten werden. Ich kann deshalb keine Haftung dafür
übernehmen, dass die im Rahmen des Kontenabrufs mitgeteilten Daten vollständig und
inhaltlich korrekt sind.
Zum Inhalt des Ergebnisses bemerke ich folgendes:
Aufgrund der gesetzlichen Vorgabe der Unterscheidungsmerkmale in den von den Kreditinstituten
zu führenden Dateien kann die Identität der gemeldeten Personen immer nur im Hinblick auf die
Merkmale Name und Geburtsdatum für die Kontoinhaber und Verfügungsberechtigten bzw. Name
und Anschrift für die abweichend wirtschaftlich Berechtigten festgestellt werden. Insofern muss das
übermittelte Abrufergebnis trotz Übereinstimmung des Namens und des Geburtsdatums nicht
zwingend mit der von Ihnen abgefragten Person identisch sein. Das gilt auch für
Firmenbezeichnungen. Die auf dem Kontenabrufersuchen gleichwohl anzugebende Anschrift des
Kontoinhabers oder des Verfügungsberechtigten wird nicht in die Abfrage einbezogen.
<page_3>
Bundeszentralamt
für Steuern
Bei Rückfragen bitte ich Sie, zunächst die FAQ (häufige Fragen) zu beachten, die Sie auf der
Homepage des BZSt unter http://www.bzst.bund.de oder, sofern Sie für die Verwaltung der
Grundsicherung für Arbeitsuchende nach dem Zweiten Buch Sozialgesetzbuch zuständig sind, im
Intranet der Bundesagentur für Arbeit finden. Sie können sich aber auch an die oben angegebene
Telefonnummer wenden.
Dieses Anschreiben wurde automatisch erstellt und ist ohne Unterschrift gültig.
<page_4>
Anlage zu GZ: St II 4 S 0229a KEVIZZ - 566098/26 (Bitte stets angeben)
Kontonummer: DE50100123453007781711
Errichtungsdatum: 23.08.2025
Kontoinfo:
Auflösungsdatum:
Kontoinhaber
Geburtsdatum
Seit
Bis
Sebastian Hesse
20.12.1985
23.08.2025
Tangermünder Chaussee 13, 39576 HANSESTADT
STENDAL DE
Banking Circle S.A. German Branch
BAK-Nr.: 156937
Maximilianstr. 54, 80538 München
Trefferanzahl: 1
Kontonummer: DE08202208000046030406
Errichtungsdatum: 09.01.2026
Kontoinfo:
Auflösungsdatum:
Kontoinhaber
Geburtsdatum Seit
Bis
Payward Ireland Limited
09.01.2026
70 Sir John Rogerson's Quay, Dublin 2 D02 R296
Dublin IE
Wirtschaftlich Berechtigte
Seit
Bis
Sebastian Hesse
09.01.2026
Tangermunder Str. 13 Stendal 39576 DE
Revolut Bank UAB, Zweigniederlassung Deutschland
BAK-Nr.: 161008
c/o FORA Linden Palais / Unter den Linden 40, 10117 Berlin
Trefferanzahl: 1
Kontonummer: DE29100101783132349457
Errichtungsdatum: 13.10.2024
Kontoinfo:
Auflösungsdatum:
Kontoinhaber
Geburtsdatum Seit
Bis
Sebastian Hesse
20.12.1985
13.10.2024
03.12.2024
DE TangermUEnde 39590 Lange Str. 62
SEBASTIAN HESSE
20.12.1985
03.12.2024
24.05.2025
DE TangermUEnde 39590 Lange Str. 62
SEBASTIAN HESSE
20.12.1985
24.05.2025
DE TangermUEnde 39590 Lange Str. 62
Anfrage von Gerichtsvollzieherin
Seite
3 von
4
Antje Netzband (G15138) zu AZ DR II 1209/25
<page_5>
Anlage zu GZ: St II 4 S 0229a KEVIZZ 566098/26 (Bitte stets angeben)
OPEN BANK, S.A., Zweigniederlassung Deutschland
BAK-Nr.: 162193
An der Welle 5, 60322 Frankfurt
Trefferanzahl: 2
Kontonummer: DE18500342002000133413
Errichtungsdatum: 25.08.2025
Kontoinfo:
Auflösungsdatum:
Kontoinhaber
Geburtsdatum Seit
Bis
Sebastian Hesse
20.12.1985
25.08.2025
26.08.2025
Tangermünder Straße 13 39576 Stendal DE
Sebastian Hesse
20.12.1985
26.08.2025
Tangermünder Straße 13 39576 Stendal DE
Kontonummer: DE88500342002000133414
Errichtungsdatum: 25.08.2025
Kontoinfo:
Auflösungsdatum:
Kontoinhaber
Geburtsdatum Seit
Bis
Sebastian Hesse
20.12.1985
25.08.2025
26.08.2025
Tangermünder Straße 13 39576 Stendal DE
Sebastian Hesse
20.12.1985
26.08.2025
Tangermünder Straße 13 39576 Stendal DE
Anfrage von Gerichtsvollzieherin
Seite
4 von
4
Antje Netzband (G15138) zu AZ DR II 1209/25
<page_6>
Anlage zu GZ: St II 4 S 0229a KEVIZZ 566098/26 (Bitte stets angeben)
Kreissparkasse Stendal
BAK-Nr.: 101130
Arneburger Straße 28, 39576 Stendal
Trefferanzahl: 1
Kontonummer: DE19810505551101379932
Errichtungsdatum: 12.11.2024
Kontoinfo:
Auflösungsdatum:
Kontoinhaber
Geburtsdatum Seit
Bis
Leonie Hesse
04.09.2007
12.11.2024
Lange Str. 62, 39590 Tangermünde
Verfügungsberechtigte
Geburtsdatum
Seit
Bis
Sebastian Hesse
20.12.1985
12.11.2024
Lange Str. 62, 39590 Tangermünde
12.11.2024
Solaris SE
BAK-Nr.: 143626
Cuvrystraße 53, 10997 Berlin
Trefferanzahl: 1
Kontonummer: DE54110101015273738686
Errichtungsdatum: 23.12.2024
Kontoinfo:
Auflösungsdatum:
Kontoinhaber
Geburtsdatum Seit
Bis
SEBASTIAN HESSE
20.12.1985
23.12.2024
26.12.2024
Lange Str. 62 39590 Tangermünde DE
SEBASTIAN HESSE
20.12.1985
26.12.2024
Lange Str. 62 39590 Tangermünde DE
Trade Republic Bank GmbH
BAK-Nr.: 150368
Brunnenstraße 19 - 21, 10119 Berlin
Trefferanzahl: 2
Kontonummer: 3007781701
Errichtungsdatum: 23.08.2025
Kontoinfo:
Auflösungsdatum:
Kontoinhaber
Geburtsdatum Seit
Bis
Sebastian Hesse
20.12.1985
23.08.2025
Tangermünder Chaussee 13, 39576 HANSESTADT
STENDAL DE
Anfrage von Gerichtsvollzieherin
Seite
2 von
4
Antje Netzband (G15138) zu AZ DR II 1209/25
<page_7>
Anlage zu GZ: St II 4 S 0229a KEVIZZ 566098/26 (Bitte stets angeben)
Ergebnisse
zu der Anfrage von dem/der:
Gerichtsvollzieherin
Antje Netzband
vom:
05.03.2026
Ihr AZ:
DR II 1209/25
mit folgenden Anhaltsdaten:
Name:
Nachname:
Hesse
Vorname:
Sebastian
Geburtsdatum:
20.12.1985
Kontonummer:
COMMERZBANK Aktiengesellschaft
BAK-Nr.: 100005
Kaiserstraße 16 (Kaiserplatz), 60311 Frankfurt am Main
Trefferanzahl: 2
Kontonummer: DE79160800008517749200
Errichtungsdatum: 15.12.2008
Kontoinfo:
Auflösungsdatum:
Kontoinhaber
Geburtsdatum
Seit
Bis
Leonie Hesse
04.10.2007
04.12.2019
Lange Str. 62 39590 Tangermünde
Verfügungsberechtigte
Geburtsdatum
Seit
Bis
Sebastian Hesse
20.12.1985
04.12.2019
04.10.2025
Lange Str. 62 39590 Tangermünde
12.06.2020
04.10.2025
Kontonummer: DE59200411110700163900
Errichtungsdatum: 10.01.2019
Kontoinfo:
Auflösungsdatum:
Kontoinhaber
Geburtsdatum
Seit
Bis
Sebastian Hesse
20.12.1985
18.11.2019
27.10.2025
Lange Str. 62 39590 Tangermünde
Sebastian Hesse
20.12.1985
27.10.2025
Tangermünder Str. 13 39576 Stendal
Anfrage von Gerichtsvollzieherin
Seite
1 von
4
Antje Netzband (G15138) zu AZ DR II 1209/25",True," Gerichtsvollzieherin Antje Netzband
Amtsgericht Stendal
Dienstkonto
Breite Straße 11
0172-3140018
IBAN DE90810400000859287500
39576 Stendal
per SMS ständig
BIC COBADEFFXXX
Bürozeiten
mittwochs 09.00-11.00Uhr
E-Mail
Abs.: GVin Antie Netzband, Breite Straße 11, 39576 Stendal
gv.a.netzband@gmail.com
Firma
PAIR Finance GmbH
Knesebeckstraße 62-63
PAIR Finance G
10719 Berlin
11. März 2026
CANDIS
AZ
RECHNUNG
Mein Zeichen
Ihr Zeichen
DR II 1209/25
174508462713
Stendal, den 10.03.2026
Bitte immer angeben!
Zwangsvollstreckungssache
Firma E.ON Energie Deutschland GmbH, Arnulfstraße 203, 80634 München
vertr. d.
Firma PAIR Finance GmbH, Knesebeckstraße 62-63, 10719 Berlin
gegen
Herrn Sebastian Hesse, Tangermünder Straße 13, 39576 Stendal
Sehr geehrte Damen und Herren,
der Schuldner ist am 4.3.26 unentschuldigt nicht zum Termin auf Abgabe der Vermögensauskunft erschienen.
Die Auskunft des Bundeszentralamtes für Steuern liegt an.
Informationen nach Artikel 13 und 14 der Datenschutz-Grundverordnung finden Sie unter https://ag-sdl.sachsen-
anhalt.de/amtsgericht-stendal
Die entstandenen Kosten bitte binnen 2 Wochen an mich überweisen. GiroCode 84,54
Kostenrechnung GvKostG (KV=Kostenverzeichnis) in EUR V. 04.03.26
Mit freundlichem Gruß
Nr. Bezeichnung
Betrag Anz. Gesamt
1 KV 102 Sonstige Zustellung
3,60 2
7,20
2 KV 604 Nicht erled. Amtshandl.
18,00 1
18,00
3 KV 440 §§ 755.2, 8021.1 ZPO
15,60 1
15,60
(Antje Netzband)
4 KV 441 Ausk. § 755 Abs.1 1 ZPO
6,00 1
6,00
Gerichtsvollzieherin
5 KV 208 Versuch gütl. Erled.
9,60 1
9,60
beim Amtsgericht Stendal
6 KV 701 Entgelt Zustellung
5,62 3
16,86
7 KV 716 Pauschale
11,28
8 Rechnungs- und Zahlungsbetrag
84,54
D. Kostenschuldn. ist Firma E.ON Energie Deutschland GmbH.
Rechtsbehelfsbelehrung: Gegen diese Kostenrechnung kann Erinnerung
(zweckmäßig begründet) beim Amtsgericht Stendal, Scharnhorststr. 40,
39576 Stendal schriftlich oder zu Protokoll der Geschäftsstelle eingelegt
werden. Die Erinnerung kann als ein für die Bearbeitung durch das Gericht
gem. §§ 2 und 5 ERVV geeignetes elektronisches Dokument eingereicht
werden. Die verantwortende Person muss jedes Dokument mit einer
qualifizierten elektronischen Signatur (QES) versehen und gem. § 4 ERVV
oder signiert auf sicherem Übermittlungsweg gem. § 130a Abs. 4 ZPO
einreichen. Weitere Informationen unter www.justiz.de.
Seite 1 des Dokuments zu I'DR II 1209/25
 Bundeszentralamt
für Steuern
POSTANSCHRIFT
Bundeszentralamt für Steuern, 11055 Berlin
HAUSANSCHRIFT
DGZ-Ring 12, 13086 Berlin
BEARBEITET VON
Gerichtsvollzieherin
Antje Netzband
Steuerabteilung National
Kontenabrufverfahren
Breite Straße 71
TEL
+49 (0) 2 28 40 6- 3600
39576 Stendal
FAX
+49 (0) 2 28 40 6- 4408
E-MAIL
kontenabruf@bzst.bund.de
INTERNET
www.bzst.bund.de
BETREFF
Kontenabrufersuchen nach §§ 93, 93b Abgabenordnung (AO)
BEZUG
Ihr Kontenabrufersuchen vom 05.03.2026 AZ: DR II 1209/25
ANLAGEN
1
GZ
St II 4 S 0229a KEVIZZ - 566098/26
(bei Antwort bitte angeben)
DATUM
05.03.2026
Ihr oben genanntes Kontenabrufersuchen ist im Rahmen des automatisierten Abrufs von
Kontoinformationen bearbeitet worden. Die Ergebnisse dieses Abrufs entnehmen Sie bitte der
nachfolgenden Anlage.
Bitte beachten Sie
dass die Verantwortung für die Zulässigkeit des Datenabrufs und die Datenübermittlung die
ersuchende Behörde trägt (§ 93b Abs. 3 AO),
die Informations- und Dokumentationspflichten gemäß § 93 Abs. 9 und 10 AO sowie den
Anwendungserlass zur Abgabenordnung (AEAO),
dass die Kontenstammdaten in der Datei nach § 24c Kreditwesengesetz (KWG) durch die
beteiligten Kreditinstitute vorgehalten werden. Ich kann deshalb keine Haftung dafür
übernehmen, dass die im Rahmen des Kontenabrufs mitgeteilten Daten vollständig und
inhaltlich korrekt sind.
Zum Inhalt des Ergebnisses bemerke ich folgendes:
Aufgrund der gesetzlichen Vorgabe der Unterscheidungsmerkmale in den von den Kreditinstituten
zu führenden Dateien kann die Identität der gemeldeten Personen immer nur im Hinblick auf die
Merkmale Name und Geburtsdatum für die Kontoinhaber und Verfügungsberechtigten bzw. Name
und Anschrift für die abweichend wirtschaftlich Berechtigten festgestellt werden. Insofern muss das
übermittelte Abrufergebnis trotz Übereinstimmung des Namens und des Geburtsdatums nicht
zwingend mit der von Ihnen abgefragten Person identisch sein. Das gilt auch für
Firmenbezeichnungen. Die auf dem Kontenabrufersuchen gleichwohl anzugebende Anschrift des
Kontoinhabers oder des Verfügungsberechtigten wird nicht in die Abfrage einbezogen.
 Bundeszentralamt
für Steuern
Bei Rückfragen bitte ich Sie, zunächst die FAQ (häufige Fragen) zu beachten, die Sie auf der
Homepage des BZSt unter http://www.bzst.bund.de oder, sofern Sie für die Verwaltung der
Grundsicherung für Arbeitsuchende nach dem Zweiten Buch Sozialgesetzbuch zuständig sind, im
Intranet der Bundesagentur für Arbeit finden. Sie können sich aber auch an die oben angegebene
Telefonnummer wenden.
Dieses Anschreiben wurde automatisch erstellt und ist ohne Unterschrift gültig.
 Anlage zu GZ: St II 4 S 0229a KEVIZZ - 566098/26 (Bitte stets angeben)
Kontonummer: DE50100123453007781711
Errichtungsdatum: 23.08.2025
Kontoinfo:
Auflösungsdatum:
Kontoinhaber
Geburtsdatum
Seit
Bis
Sebastian Hesse
20.12.1985
23.08.2025
Tangermünder Chaussee 13, 39576 HANSESTADT
STENDAL DE
Banking Circle S.A. German Branch
BAK-Nr.: 156937
Maximilianstr. 54, 80538 München
Trefferanzahl: 1
Kontonummer: DE08202208000046030406
Errichtungsdatum: 09.01.2026
Kontoinfo:
Auflösungsdatum:
Kontoinhaber
Geburtsdatum Seit
Bis
Payward Ireland Limited
09.01.2026
70 Sir John Rogerson's Quay, Dublin 2 D02 R296
Dublin IE
Wirtschaftlich Berechtigte
Seit
Bis
Sebastian Hesse
09.01.2026
Tangermunder Str. 13 Stendal 39576 DE
Revolut Bank UAB, Zweigniederlassung Deutschland
BAK-Nr.: 161008
c/o FORA Linden Palais / Unter den Linden 40, 10117 Berlin
Trefferanzahl: 1
Kontonummer: DE29100101783132349457
Errichtungsdatum: 13.10.2024
Kontoinfo:
Auflösungsdatum:
Kontoinhaber
Geburtsdatum Seit
Bis
Sebastian Hesse
20.12.1985
13.10.2024
03.12.2024
DE TangermUEnde 39590 Lange Str. 62
SEBASTIAN HESSE
20.12.1985
03.12.2024
24.05.2025
DE TangermUEnde 39590 Lange Str. 62
SEBASTIAN HESSE
20.12.1985
24.05.2025
DE TangermUEnde 39590 Lange Str. 62
Anfrage von Gerichtsvollzieherin
Seite
3 von
4
Antje Netzband (G15138) zu AZ DR II 1209/25
 Anlage zu GZ: St II 4 S 0229a KEVIZZ 566098/26 (Bitte stets angeben)
OPEN BANK, S.A., Zweigniederlassung Deutschland
BAK-Nr.: 162193
An der Welle 5, 60322 Frankfurt
Trefferanzahl: 2
Kontonummer: DE18500342002000133413
Errichtungsdatum: 25.08.2025
Kontoinfo:
Auflösungsdatum:
Kontoinhaber
Geburtsdatum Seit
Bis
Sebastian Hesse
20.12.1985
25.08.2025
26.08.2025
Tangermünder Straße 13 39576 Stendal DE
Sebastian Hesse
20.12.1985
26.08.2025
Tangermünder Straße 13 39576 Stendal DE
Kontonummer: DE88500342002000133414
Errichtungsdatum: 25.08.2025
Kontoinfo:
Auflösungsdatum:
Kontoinhaber
Geburtsdatum Seit
Bis
Sebastian Hesse
20.12.1985
25.08.2025
26.08.2025
Tangermünder Straße 13 39576 Stendal DE
Sebastian Hesse
20.12.1985
26.08.2025
Tangermünder Straße 13 39576 Stendal DE
Anfrage von Gerichtsvollzieherin
Seite
4 von
4
Antje Netzband (G15138) zu AZ DR II 1209/25
 Anlage zu GZ: St II 4 S 0229a KEVIZZ 566098/26 (Bitte stets angeben)
Kreissparkasse Stendal
BAK-Nr.: 101130
Arneburger Straße 28, 39576 Stendal
Trefferanzahl: 1
Kontonummer: DE19810505551101379932
Errichtungsdatum: 12.11.2024
Kontoinfo:
Auflösungsdatum:
Kontoinhaber
Geburtsdatum Seit
Bis
Leonie Hesse
04.09.2007
12.11.2024
Lange Str. 62, 39590 Tangermünde
Verfügungsberechtigte
Geburtsdatum
Seit
Bis
Sebastian Hesse
20.12.1985
12.11.2024
Lange Str. 62, 39590 Tangermünde
12.11.2024
Solaris SE
BAK-Nr.: 143626
Cuvrystraße 53, 10997 Berlin
Trefferanzahl: 1
Kontonummer: DE54110101015273738686
Errichtungsdatum: 23.12.2024
Kontoinfo:
Auflösungsdatum:
Kontoinhaber
Geburtsdatum Seit
Bis
SEBASTIAN HESSE
20.12.1985
23.12.2024
26.12.2024
Lange Str. 62 39590 Tangermünde DE
SEBASTIAN HESSE
20.12.1985
26.12.2024
Lange Str. 62 39590 Tangermünde DE
Trade Republic Bank GmbH
BAK-Nr.: 150368
Brunnenstraße 19 - 21, 10119 Berlin
Trefferanzahl: 2
Kontonummer: 3007781701
Errichtungsdatum: 23.08.2025
Kontoinfo:
Auflösungsdatum:
Kontoinhaber
Geburtsdatum Seit
Bis
Sebastian Hesse
20.12.1985
23.08.2025
Tangermünder Chaussee 13, 39576 HANSESTADT
STENDAL DE
Anfrage von Gerichtsvollzieherin
Seite
2 von
4
Antje Netzband (G15138) zu AZ DR II 1209/25
 Anlage zu GZ: St II 4 S 0229a KEVIZZ 566098/26 (Bitte stets angeben)
Ergebnisse
zu der Anfrage von dem/der:
Gerichtsvollzieherin
Antje Netzband
vom:
05.03.2026
Ihr AZ:
DR II 1209/25
mit folgenden Anhaltsdaten:
Name:
Nachname:
Hesse
Vorname:
Sebastian
Geburtsdatum:
20.12.1985
Kontonummer:
COMMERZBANK Aktiengesellschaft
BAK-Nr.: 100005
Kaiserstraße 16 (Kaiserplatz), 60311 Frankfurt am Main
Trefferanzahl: 2
Kontonummer: DE79160800008517749200
Errichtungsdatum: 15.12.2008
Kontoinfo:
Auflösungsdatum:
Kontoinhaber
Geburtsdatum
Seit
Bis
Leonie Hesse
04.10.2007
04.12.2019
Lange Str. 62 39590 Tangermünde
Verfügungsberechtigte
Geburtsdatum
Seit
Bis
Sebastian Hesse
20.12.1985
04.12.2019
04.10.2025
Lange Str. 62 39590 Tangermünde
12.06.2020
04.10.2025
Kontonummer: DE59200411110700163900
Errichtungsdatum: 10.01.2019
Kontoinfo:
Auflösungsdatum:
Kontoinhaber
Geburtsdatum
Seit
Bis
Sebastian Hesse
20.12.1985
18.11.2019
27.10.2025
Lange Str. 62 39590 Tangermünde
Sebastian Hesse
20.12.1985
27.10.2025
Tangermünder Str. 13 39576 Stendal
Anfrage von Gerichtsvollzieherin
Seite
1 von
4
Antje Netzband (G15138) zu AZ DR II 1209/25",drittauskunft,False,False,8bef37cf-75b1-502a-b58b-1f05b1486e59,6d1b3bcc-8292-55f9-b37d-24560889de92,5227c8222ab9fef267d0c18b0baa43cfd78156d2a0858e28f942c5ef816e11dc,s3://pair-data-engineering-new/ocr_prepared_output/5227c8222ab9fef267d0c18b0baa43cfd78156d2a0858e28f942c5ef816e11dc.json
data/aftercourt/drittauskunf_with_invoice/Dr_ii_136_26_an_gl_nachricht_hbantrag20260226-293-1yzcwgz (1).pdf,"<page_1>
Obergerichtsvollzieher
66292 Riegelsberg
Stefan Kurz
Ravelstr.4
Saarbahn bis Gisorstr.
Informationen zum Datenschutz (Art.13,14 DSVO) unter www.saarland.de/agsb/DE/home/home-node.html
Sprechstunden: Dienstag u. Mittwoch
10:30 Uhr -12:00 Uhr
Telefon: 06806/9825985
Handy 0174/9398272
OGV St. Kurz, Ravelstr.4, 66292 Riegelsberg
Fax:06806/9825986
Falls verzogen, zurück an Absender. Nicht nachsenden.
PAIR Finance GmbH
Dienstkonto:
Knesebeckstraße 62-63
IBAN: DE66 5909 2000 63 0000
10719 Berlin
BIC: GENODE51SB2
EGVP-Nutzer-ID für ERV:
safe-sp1-1357540690321-012058313
Mein Zeichen
Ihr Zeichen
DR II 136/26
188505935372
Riegelsberg, den 25.02.2026
Bitte immer angeben!
Zwangsvollstreckungssache
N26 Bank SE, Voltairestraße 8, 10179 Berlin
vertr. d.
PAIR Finance GmbH, Knesebeckstraße 62-63, 10719 Berlin, Tel. 030/340602950, Fax 030/340602951
gegen
Herrn Tibor Barašo, Im Schacht 6, 66115 Saarbrücken
Sehr geehrte Damen und Herren,
in oben genannter Sache teile ich Ihnen mit, dass der Schuldner zum Termin der Vermögensauskunft unentschuldigt
nicht erschienen ist.
Da Sie bereits mit Auftragserteilung keinen Haftbefehl beantragt haben, erhalten Sie diese Mitteilung.
Das/Die Ergebnis/Ergebnisse der beantragten Drittauskunft/Drittauskünfte ist/sind beigefügt.
Bitte beachten Sie nachstehenden Hinweis !
Die Kosten bitte binnen 2 Wochen auf mein Dienstkonto überweisen.
Kostenrechnung GvKostG (KV=Kostenverzeichnis) in EUR V. 25.02.26
Mit freundlichen Grüßen
Nr. Bezeichnung
Betrag Anz. Gesamt
J.Thm
1
KV 100 Pers. Zustellung
12,00 1
12,00
2 KV 604 Nicht erled. Amtshandl.
18,00 1
18,00
zu 260
(Stefan Kurz)
3
KV 440 Auskunft BZSt
15,60 1
15,60
Obergerichtsvollzieher
4
KV 208 Vers. gütliche Erled.
9,60 1
9,60
beim Amtsgericht Saarbrücken
5
KV 711 Wegegeld 0-10 km
1
3,25
6
KV 701 Entgelt Zustellung
5,62 1
5,62
7
KV 716 Pauschale
11,04
8 Rechnungs- und Zahlungsbetrag
75,11
D. Kostenschuldn. ist N26 Bank SE.
Rechtsbehelfsbelehrung: Gegen diese Kostenrechnung kann Erinnerung
(zweckmäßig begründet) beim Amtsgericht Saarbrücken, Franz-Josef-
Röder Str. 17, 66117 Saarbrücken schriftlich oder zu Protokoll der
Geschäftsstelle eingelegt werden. Die Erinnerung kann als ein für die
Bearbeitung durch das Gericht gem. §§ 2 und 5 ERVV geeignetes
elektronisches Dokument eingereicht werden. Die verantwortende Person
muss jedes Dokument mit einer qualifizierten elektronischen Signatur
(QES) versehen und gem. § 4 ERVV oder signiert auf sicherem
Übermittlungsweg gem. § 130a Abs. 4 ZPO einreichen. Weitere
Informationen unter www.justiz.de.
<page_2>
Anlage zu GZ: St II 4 - S 0229a KEVIZZ 479639/26 (Bitte stets angeben)
Ergebnisse
zu der Anfrage von dem/der:
Obergerichtsvollzieher
Stefan Kurz
vom:
24.02.2026
Ihr AZ:
DR Il 136/26
mit folgenden Anhaltsdaten:
Name:
Nachname:
Baraso
Vorname:
Tibor
Geburtsdatum:
02.03.1984
Kontonummer:
DEUTSCHE BANK AKTIENGESELLSCHAFT
BAK-Nr.: 100003
Taunusanlage 12, 60325 Frankfurt am Main
Trefferanzahl: 1
Kontonummer: DE72550703240067352500
Errichtungsdatum: 25.04.2024
Kontoinfo:
Auflösungsdatum:
Kontoinhaber
Geburtsdatum
Seit
Bis
Tibor Baraso
02.03.1984
25.04.2024
03.09.2024
St. Johanner Straße 108 B, 66115 Saarbrücken
Tibor Baraso
02.03.1984
03.09.2024
Im Schacht 6, 66115 Saarbrücken
Sparkasse Saarbrücken
BAK-Nr.: 101007
Neumarkt 17, 66117 Saarbrücken
Trefferanzahl: 1
Kontonummer: DE40590501010611919242
Errichtungsdatum: 13.01.2026
Kontoinfo:
Auflösungsdatum:
Kontoinhaber
Geburtsdatum Seit
Bis
Tibor Baraso
02.03.1984
13.01.2026
Im Schacht 6, 66115 Saarbrücken
Anfrage von Obergerichtsvollzieher
Seite
1 von
1
Stefan Kurz (G10050) zu AZ DR II 136/26",True," Obergerichtsvollzieher
66292 Riegelsberg
Stefan Kurz
Ravelstr.4
Saarbahn bis Gisorstr.
Informationen zum Datenschutz (Art.13,14 DSVO) unter www.saarland.de/agsb/DE/home/home-node.html
Sprechstunden: Dienstag u. Mittwoch
10:30 Uhr -12:00 Uhr
Telefon: 06806/9825985
Handy 0174/9398272
OGV St. Kurz, Ravelstr.4, 66292 Riegelsberg
Fax:06806/9825986
Falls verzogen, zurück an Absender. Nicht nachsenden.
PAIR Finance GmbH
Dienstkonto:
Knesebeckstraße 62-63
IBAN: DE66 5909 2000 63 0000
10719 Berlin
BIC: GENODE51SB2
EGVP-Nutzer-ID für ERV:
safe-sp1-1357540690321-012058313
Mein Zeichen
Ihr Zeichen
DR II 136/26
188505935372
Riegelsberg, den 25.02.2026
Bitte immer angeben!
Zwangsvollstreckungssache
N26 Bank SE, Voltairestraße 8, 10179 Berlin
vertr. d.
PAIR Finance GmbH, Knesebeckstraße 62-63, 10719 Berlin, Tel. 030/340602950, Fax 030/340602951
gegen
Herrn Tibor Barašo, Im Schacht 6, 66115 Saarbrücken
Sehr geehrte Damen und Herren,
in oben genannter Sache teile ich Ihnen mit, dass der Schuldner zum Termin der Vermögensauskunft unentschuldigt
nicht erschienen ist.
Da Sie bereits mit Auftragserteilung keinen Haftbefehl beantragt haben, erhalten Sie diese Mitteilung.
Das/Die Ergebnis/Ergebnisse der beantragten Drittauskunft/Drittauskünfte ist/sind beigefügt.
Bitte beachten Sie nachstehenden Hinweis !
Die Kosten bitte binnen 2 Wochen auf mein Dienstkonto überweisen.
Kostenrechnung GvKostG (KV=Kostenverzeichnis) in EUR V. 25.02.26
Mit freundlichen Grüßen
Nr. Bezeichnung
Betrag Anz. Gesamt
J.Thm
1
KV 100 Pers. Zustellung
12,00 1
12,00
2 KV 604 Nicht erled. Amtshandl.
18,00 1
18,00
zu 260
(Stefan Kurz)
3
KV 440 Auskunft BZSt
15,60 1
15,60
Obergerichtsvollzieher
4
KV 208 Vers. gütliche Erled.
9,60 1
9,60
beim Amtsgericht Saarbrücken
5
KV 711 Wegegeld 0-10 km
1
3,25
6
KV 701 Entgelt Zustellung
5,62 1
5,62
7
KV 716 Pauschale
11,04
8 Rechnungs- und Zahlungsbetrag
75,11
D. Kostenschuldn. ist N26 Bank SE.
Rechtsbehelfsbelehrung: Gegen diese Kostenrechnung kann Erinnerung
(zweckmäßig begründet) beim Amtsgericht Saarbrücken, Franz-Josef-
Röder Str. 17, 66117 Saarbrücken schriftlich oder zu Protokoll der
Geschäftsstelle eingelegt werden. Die Erinnerung kann als ein für die
Bearbeitung durch das Gericht gem. §§ 2 und 5 ERVV geeignetes
elektronisches Dokument eingereicht werden. Die verantwortende Person
muss jedes Dokument mit einer qualifizierten elektronischen Signatur
(QES) versehen und gem. § 4 ERVV oder signiert auf sicherem
Übermittlungsweg gem. § 130a Abs. 4 ZPO einreichen. Weitere
Informationen unter www.justiz.de.
 Anlage zu GZ: St II 4 - S 0229a KEVIZZ 479639/26 (Bitte stets angeben)
Ergebnisse
zu der Anfrage von dem/der:
Obergerichtsvollzieher
Stefan Kurz
vom:
24.02.2026
Ihr AZ:
DR Il 136/26
mit folgenden Anhaltsdaten:
Name:
Nachname:
Baraso
Vorname:
Tibor
Geburtsdatum:
02.03.1984
Kontonummer:
DEUTSCHE BANK AKTIENGESELLSCHAFT
BAK-Nr.: 100003
Taunusanlage 12, 60325 Frankfurt am Main
Trefferanzahl: 1
Kontonummer: DE72550703240067352500
Errichtungsdatum: 25.04.2024
Kontoinfo:
Auflösungsdatum:
Kontoinhaber
Geburtsdatum
Seit
Bis
Tibor Baraso
02.03.1984
25.04.2024
03.09.2024
St. Johanner Straße 108 B, 66115 Saarbrücken
Tibor Baraso
02.03.1984
03.09.2024
Im Schacht 6, 66115 Saarbrücken
Sparkasse Saarbrücken
BAK-Nr.: 101007
Neumarkt 17, 66117 Saarbrücken
Trefferanzahl: 1
Kontonummer: DE40590501010611919242
Errichtungsdatum: 13.01.2026
Kontoinfo:
Auflösungsdatum:
Kontoinhaber
Geburtsdatum Seit
Bis
Tibor Baraso
02.03.1984
13.01.2026
Im Schacht 6, 66115 Saarbrücken
Anfrage von Obergerichtsvollzieher
Seite
1 von
1
Stefan Kurz (G10050) zu AZ DR II 136/26",drittauskunft,False,False,7d4731b1-c146-50f0-8546-10754fefb7b4,f3e9c4f8-514e-5e40-b087-a28fb26d7d69,f29cf02fa0b1aca7ea815c19721e59405a7b5709a51440dfea3de3d18b717746,s3://pair-data-engineering-new/ocr_prepared_output/f29cf02fa0b1aca7ea815c19721e59405a7b5709a51440dfea3de3d18b717746.json
data/aftercourt/drittauskunf_with_invoice/Dr_1209_25_an_gl_nachricht_hbantrag20250919-309-za910z.pdf,"<page_1>
Obergerichtsvollzieherin
Anschrift
Päßler Ramona
09111 Chemnitz
An der Markthalle 13, neben Luxor-Palast
Bürozeiten
Dienstag 10-12 Uhr
Donnerstag 15-17 Uhr
Tel./Fax: 0371/4040927
e-mail: r.paessler@gvpost.de
Dienstkonto: Erzgebirgssparkasse
Abs.: OGVin Päßler, An der Markthalle 13, 09111 Chemnitz
DE20 8705 4000 0725 0882
WELADED1STB
PAIR Finance GmbH
v.d.d.GF
Hardenbergstraße 32
10623 Berlin
Mein Zeichen
Ihr Zeichen
DR 1209/25
174112466100
Chemnitz, 18.09.2025
Bitte immer angeben!
Zwangsvollstreckungssache
Liquandum Capital Il GmbH, Hardenbergstraße 32, 10623 Berlin
vertr. d.
PAIR Finance GmbH, Hardenbergstraße 32, 10623 Berlin
gegen
Frau Sandra Pilz, Harthauer Straße 32 A, 09125 Chemnitz
Sehr geehrte Damen und Herren,
in oben genannter Sache teile ich Ihnen mit, dass im Termin zur Abgabe der Vermögensauskunft die Schuldnerin trotz
ordnungsgemäßer Ladung nicht erschienen ist.
Die Drittauskunft ist beigefügt.
Nach Zweckerreichung sind erlangte Schuldnerdaten zu löschen.
Hinweise zum Datenschutz erhalten Sie auf der Internetseite des Amtsgerichts. Auf Wunsch werden Ihnen diese
Hinweise auch zugesandt.
Die entstandenen Kosten bitte ich binnen 8 Tagen zu überweisen.
Kostenrechnung GvKostG (KV=Kostenverzeichnis) in EUR V. 18.09.25
Mit freundlichen Grüßen
Nr. Bezeichnung
Betrag Anz. Gesamt
1
KV 100 Pers. Zustellung
12,00 1
12,00
2 KV 604 Nicht erled. Amtshandl.
18,00 1
18,00
zu 260
(Ramona Päßler)
3 KV 440 Auskunft BZSt
15,60 1
15,60
Obergerichtsvollzieherin
4
KV 208 Versuch gütliche Erled.
9,60 1
9,60
beim Amtsgericht Chemnitz
5
KV 711 Wegegeld 0-10 km
1
3,25
6
KV 701 Entgelt Zustellung
5,62 1
5,62
7
KV 716 Pauschale
11,04
8 Rechnungs- und Zahlungsbetrag
75,11
D. Kostenschuldn. ist Liquandum Capital II GmbH.
Rechtsbehelfsbelehrung: Gegen diese Kostenrechnung kann Erinnerung
beim Amtsgericht Chemnitz, Gerichtsstr. 2, 09111 Chemnitz schriftlich oder
zu Protokoll der Geschäftsstelle eingelegt werden. Es ist zweckmäßig, die
Erinnerung zu begründen. Die Erinnerung kann als ein für die Bearbeitung
durch das Gericht gem. §§ 2 und 5 ERVV geeignetes elektronisches
Dokument eingereicht werden. Die verantwortende Person muss jedes
Dokument mit einer qualifizierten elektronischen Signatur (QES) versehen
und gem. § 4 ERVV oder signiert auf sicherem Übermittlungsweg gem. §
130a Abs. 4 ZPO einreichen. Weitere Informationen unter www.justiz.de.
Seite 1 des Dokuments zu ""DR 1209/25'
<page_2>
Bundeszentralamt
für Steuern
POSTANSCHRIFT
Bundeszentralamt für Steuern, 11055 Berlin
HAUSANSCHRIFT
DGZ-Ring 12, 13086 Berlin
BEARBEITET VON
Obergerichtsvollzieherin
Ramona Päßler
Steuerabteilung National
Kontenabrufverfahren
An der Markthalle 13
TEL
+49 (0) 2 28 40 6-3600
09111 Chemnitz
FAX
+49 (0) 2 28 40 6-4408
E-MAIL
kontenabruf@bzst.bund.de
INTERNET
www.bzst.bund.de
BETREFF
Kontenabrufersuchen nach §§ 93, 93b Abgabenordnung (AO)
BEZUG
Ihr Kontenabrufersuchen vom 26.08.2025 AZ: DR 1209/25
ANLAGEN
1
GZ
St II 4 S 0229a KEVIZZ 1912444/25
(bei Antwort bitte angeben)
DATUM
26.08.2025
Ihr oben genanntes Kontenabrufersuchen ist im Rahmen des automatisierten Abrufs von
Kontoinformationen bearbeitet worden. Die Ergebnisse dieses Abrufs entnehmen Sie bitte der
nachfolgenden Anlage.
Bitte beachten Sie
dass die Verantwortung für die Zulässigkeit des Datenabrufs und die Datenübermittlung die
ersuchende Behörde trägt (§ 93b Abs. 3 AO),
die Informations- und Dokumentationspflichten gemäß § 93 Abs. 9 und 10 AO sowie den
Anwendungserlass zur Abgabenordnung (AEAO),
dass die Kontenstammdaten in der Datei nach § 24c Kreditwesengesetz (KWG) durch die
beteiligten Kreditinstitute vorgehalten werden. Ich kann deshalb keine Haftung dafür
übernehmen, dass die im Rahmen des Kontenabrufs mitgeteilten Daten vollständig und
inhaltlich korrekt sind.
Zum Inhalt des Ergebnisses bemerke ich folgendes:
Aufgrund der gesetzlichen Vorgabe der Unterscheidungsmerkmale in den von den Kreditinstituten
zu führenden Dateien kann die Identität der gemeldeten Personen immer nur im Hinblick auf die
Merkmale Name und Geburtsdatum für die Kontoinhaber und Verfügungsberechtigten bzw. Name
und Anschrift für die abweichend wirtschaftlich Berechtigten festgestellt werden. Insofern muss das
übermittelte Abrufergebnis trotz Übereinstimmung des Namens und des Geburtsdatums nicht
zwingend mit der von Ihnen abgefragten Person identisch sein. Das gilt auch für
Firmenbezeichnungen. Die auf dem Kontenabrufersuchen gleichwohl anzugebende Anschrift des
Kontoinhabers oder des Verfügungsberechtigten wird nicht in die Abfrage einbezogen.
<page_3>
Bundeszentralamt
für Steuern
Bei Rückfragen bitte ich Sie, zunächst die FAQ (häufige Fragen) zu beachten, die Sie auf der
Homepage des BZSt unter http://www.bzst.bund.de oder, sofern Sie für die Verwaltung der
Grundsicherung für Arbeitsuchende nach dem Zweiten Buch Sozialgesetzbuch zuständig sind, im
Intranet der Bundesagentur für Arbeit finden. Sie können sich aber auch an die oben angegebene
Telefonnummer wenden.
Dieses Anschreiben wurde automatisch erstellt und ist ohne Unterschrift gültig.
<page_4>
Anlage zu GZ: St Il 4 - S 0229a KEVIZZ - 1912444/25 (Bitte stets angeben)
Ergebnisse
zu der Anfrage von dem/der:
Obergerichtsvollzieherin
Ramona Päßler
vom:
26.08.2025
Ihr AZ:
DR 1209/25
mit folgenden Anhaltsdaten:
Name:
Nachname:
Pilz
Vorname:
Sandra
Geburtsdatum:
23.02.1975
Kontonummer:
Der Abruf hat zu keinem Ergebnis geführt.
Anfrage von Obergerichtsvollzieherin
Seite
1 von
1
Ramona Päßlei
DR 1209/25",True," Obergerichtsvollzieherin
Anschrift
Päßler Ramona
09111 Chemnitz
An der Markthalle 13, neben Luxor-Palast
Bürozeiten
Dienstag 10-12 Uhr
Donnerstag 15-17 Uhr
Tel./Fax: 0371/4040927
e-mail: r.paessler@gvpost.de
Dienstkonto: Erzgebirgssparkasse
Abs.: OGVin Päßler, An der Markthalle 13, 09111 Chemnitz
DE20 8705 4000 0725 0882
WELADED1STB
PAIR Finance GmbH
v.d.d.GF
Hardenbergstraße 32
10623 Berlin
Mein Zeichen
Ihr Zeichen
DR 1209/25
174112466100
Chemnitz, 18.09.2025
Bitte immer angeben!
Zwangsvollstreckungssache
Liquandum Capital Il GmbH, Hardenbergstraße 32, 10623 Berlin
vertr. d.
PAIR Finance GmbH, Hardenbergstraße 32, 10623 Berlin
gegen
Frau Sandra Pilz, Harthauer Straße 32 A, 09125 Chemnitz
Sehr geehrte Damen und Herren,
in oben genannter Sache teile ich Ihnen mit, dass im Termin zur Abgabe der Vermögensauskunft die Schuldnerin trotz
ordnungsgemäßer Ladung nicht erschienen ist.
Die Drittauskunft ist beigefügt.
Nach Zweckerreichung sind erlangte Schuldnerdaten zu löschen.
Hinweise zum Datenschutz erhalten Sie auf der Internetseite des Amtsgerichts. Auf Wunsch werden Ihnen diese
Hinweise auch zugesandt.
Die entstandenen Kosten bitte ich binnen 8 Tagen zu überweisen.
Kostenrechnung GvKostG (KV=Kostenverzeichnis) in EUR V. 18.09.25
Mit freundlichen Grüßen
Nr. Bezeichnung
Betrag Anz. Gesamt
1
KV 100 Pers. Zustellung
12,00 1
12,00
2 KV 604 Nicht erled. Amtshandl.
18,00 1
18,00
zu 260
(Ramona Päßler)
3 KV 440 Auskunft BZSt
15,60 1
15,60
Obergerichtsvollzieherin
4
KV 208 Versuch gütliche Erled.
9,60 1
9,60
beim Amtsgericht Chemnitz
5
KV 711 Wegegeld 0-10 km
1
3,25
6
KV 701 Entgelt Zustellung
5,62 1
5,62
7
KV 716 Pauschale
11,04
8 Rechnungs- und Zahlungsbetrag
75,11
D. Kostenschuldn. ist Liquandum Capital II GmbH.
Rechtsbehelfsbelehrung: Gegen diese Kostenrechnung kann Erinnerung
beim Amtsgericht Chemnitz, Gerichtsstr. 2, 09111 Chemnitz schriftlich oder
zu Protokoll der Geschäftsstelle eingelegt werden. Es ist zweckmäßig, die
Erinnerung zu begründen. Die Erinnerung kann als ein für die Bearbeitung
durch das Gericht gem. §§ 2 und 5 ERVV geeignetes elektronisches
Dokument eingereicht werden. Die verantwortende Person muss jedes
Dokument mit einer qualifizierten elektronischen Signatur (QES) versehen
und gem. § 4 ERVV oder signiert auf sicherem Übermittlungsweg gem. §
130a Abs. 4 ZPO einreichen. Weitere Informationen unter www.justiz.de.
Seite 1 des Dokuments zu ""DR 1209/25'
 Bundeszentralamt
für Steuern
POSTANSCHRIFT
Bundeszentralamt für Steuern, 11055 Berlin
HAUSANSCHRIFT
DGZ-Ring 12, 13086 Berlin
BEARBEITET VON
Obergerichtsvollzieherin
Ramona Päßler
Steuerabteilung National
Kontenabrufverfahren
An der Markthalle 13
TEL
+49 (0) 2 28 40 6-3600
09111 Chemnitz
FAX
+49 (0) 2 28 40 6-4408
E-MAIL
kontenabruf@bzst.bund.de
INTERNET
www.bzst.bund.de
BETREFF
Kontenabrufersuchen nach §§ 93, 93b Abgabenordnung (AO)
BEZUG
Ihr Kontenabrufersuchen vom 26.08.2025 AZ: DR 1209/25
ANLAGEN
1
GZ
St II 4 S 0229a KEVIZZ 1912444/25
(bei Antwort bitte angeben)
DATUM
26.08.2025
Ihr oben genanntes Kontenabrufersuchen ist im Rahmen des automatisierten Abrufs von
Kontoinformationen bearbeitet worden. Die Ergebnisse dieses Abrufs entnehmen Sie bitte der
nachfolgenden Anlage.
Bitte beachten Sie
dass die Verantwortung für die Zulässigkeit des Datenabrufs und die Datenübermittlung die
ersuchende Behörde trägt (§ 93b Abs. 3 AO),
die Informations- und Dokumentationspflichten gemäß § 93 Abs. 9 und 10 AO sowie den
Anwendungserlass zur Abgabenordnung (AEAO),
dass die Kontenstammdaten in der Datei nach § 24c Kreditwesengesetz (KWG) durch die
beteiligten Kreditinstitute vorgehalten werden. Ich kann deshalb keine Haftung dafür
übernehmen, dass die im Rahmen des Kontenabrufs mitgeteilten Daten vollständig und
inhaltlich korrekt sind.
Zum Inhalt des Ergebnisses bemerke ich folgendes:
Aufgrund der gesetzlichen Vorgabe der Unterscheidungsmerkmale in den von den Kreditinstituten
zu führenden Dateien kann die Identität der gemeldeten Personen immer nur im Hinblick auf die
Merkmale Name und Geburtsdatum für die Kontoinhaber und Verfügungsberechtigten bzw. Name
und Anschrift für die abweichend wirtschaftlich Berechtigten festgestellt werden. Insofern muss das
übermittelte Abrufergebnis trotz Übereinstimmung des Namens und des Geburtsdatums nicht
zwingend mit der von Ihnen abgefragten Person identisch sein. Das gilt auch für
Firmenbezeichnungen. Die auf dem Kontenabrufersuchen gleichwohl anzugebende Anschrift des
Kontoinhabers oder des Verfügungsberechtigten wird nicht in die Abfrage einbezogen.
 Bundeszentralamt
für Steuern
Bei Rückfragen bitte ich Sie, zunächst die FAQ (häufige Fragen) zu beachten, die Sie auf der
Homepage des BZSt unter http://www.bzst.bund.de oder, sofern Sie für die Verwaltung der
Grundsicherung für Arbeitsuchende nach dem Zweiten Buch Sozialgesetzbuch zuständig sind, im
Intranet der Bundesagentur für Arbeit finden. Sie können sich aber auch an die oben angegebene
Telefonnummer wenden.
Dieses Anschreiben wurde automatisch erstellt und ist ohne Unterschrift gültig.
 Anlage zu GZ: St Il 4 - S 0229a KEVIZZ - 1912444/25 (Bitte stets angeben)
Ergebnisse
zu der Anfrage von dem/der:
Obergerichtsvollzieherin
Ramona Päßler
vom:
26.08.2025
Ihr AZ:
DR 1209/25
mit folgenden Anhaltsdaten:
Name:
Nachname:
Pilz
Vorname:
Sandra
Geburtsdatum:
23.02.1975
Kontonummer:
Der Abruf hat zu keinem Ergebnis geführt.
Anfrage von Obergerichtsvollzieherin
Seite
1 von
1
Ramona Päßlei
DR 1209/25",drittauskunft,False,False,fdddcd76-8ff6-5677-b86b-0a50548c40ee,cc89240e-f2d4-5f0b-b8ae-a8d52bb6833d,0eb7536021829c1555b3b5b46fc1f68d38a4792fd630deb3389933fb8d581fa7,s3://pair-data-engineering-new/ocr_prepared_output/0eb7536021829c1555b3b5b46fc1f68d38a4792fd630deb3389933fb8d581fa7.json
data/aftercourt/drittauskunf_with_invoice/0_sammel120251217-315-112ag8x.pdf,"<page_1>
Obergerichtsvollzieher Frank Schäfer
bei dem Amtsgericht Darmstadt
Mein Zeichen:
DR Il 1466/25
OGV Frank Schäfer, Mathildenplatz 12, 64283 Darmstadt
Bitte immer angeben!
Firma
Ihr Zeichen: 172135182365
PAIR Finance GmbH
Knesebeckstraße 62-63
Telefon 06150/55301,Mobil:017692264261
10719 Berlin
Telefax 06150/591668
Erzhausen, 16.12.2025
Zwangsvollstreckungssache
Firma E.ON Energie Deutschland GmbH, Arnulfstraße 203, 80634 München
vertr. d.
Firma PAIR Finance GmbH, Knesebeckstraße 62-63, 10719 Berlin
gegen
Frau Renate Scheiner, Am Stein 20, 64331 Weiterstadt
Sehr geehrte Damen und Herren,
in oben genannter Sache teile ich Ihnen mit, dass im Termin zur Abgabe der Vermögensauskunftdie Schuldnerin trotz
ordnungsgemäßer Ladung nicht erschienen ist.
Erlass eines Haftbefehls wurde nicht beantragt
Nach Zweckerreichung sind erlangte Schuldnerdaten zu löschen.
Die entstandenen Kosten bitte ich auf mein Dienstkonto zu überweisen. GiroCode 75,11 €
Kostenrechnung GvKostG (KV=Kostenverzeichnis) in EUR V. 16.12.25
Mit/freundlichen Grüßen
Nr. Bezeichnung
Betrag Anz. Gesamt
1
KV 100 Pers. Zustellung
12,00 1
12,00
2
KV 604 Nicht erled. Amtshandl.
18,00 1
18,00
zu 260
(Frank Schäfer)
3
KV 440 Auskunft BZSt
15,60 1
15,60
Obergerichtsvollzieher
4
KV 208 Versuch gütliche Erled.
9,60 1
9,60
beim Amtsgericht Darmstadt
5
KV 711 Wegegeld 0-10 km
1
3,25
Zwangsvollstreckungsdaten werden in meiner
6
KV 701 Entgelt Zustellung
5,62 1
5,62
EDV gespeichert! Löschung 1 Jahr n.d. Erledi-
7
KV 716 Pauschale
11,04
gungsjahr. Keine Datenweitergabe an Dritte!
8
Rechnungs- und Zahlungsbetrag
75,11
(§§ 7:11:18II HDG)
D. Kostenschuldn. ist Firma E.ON Energie Deutschland GmbH.
Rechtsbehelfsbelehrung: Gegen diese Kostenrechnung kann Erinnerung
beim Amtsgericht Darmstadt, 64293 Darmstadt, Mathildenplatz 15
schriftlich oder zu Protokoll der Geschäftsstelle eingelegt werden. Es ist
zweckmäßig, die Erinnerung zu begründen. Die Erinnerung kann als ein für
die Bearbeitung durch das Gericht gem. §§ 2 und 5 ERVV geeignetes
elektronisches Dokument eingereicht werden. Die verantwortende Person
muss jedes Dokument mit einer qualifizierten elektronischen Signatur
(QES) versehen und gem. § 4 ERVV oder signiert auf sicherem
Übermittlungsweg gem. § 130a Abs. 4 ZPO einreichen. Weitere
Informationen unter www.justiz.de.
Anschrift
Dienstkonto
Sprechzeiten: (tel. nur mobil erreichbar)
c/o AG Darmstadt
IBAN:DE27660908000004728599
Di. 12-13 Uhr, AG Darmstadt, RaumB019
Mathildenplatz 12
BIC:GENODE61BBB
Fr.10:30-11:30, AG Darmstadt, RaumB013
64283 Darmstadt
BBBank Karlsruhe
<page_2>
Obergerichtsvollzieher Frank Schäfer
bei dem Amtsgericht Darmstadt
Mein Zeichen:
DR II 1466/25
OGV Frank Schäfer, Mathildenplatz 12, 64283 Darmstadt
Bitte immer angeben!
Firma
Ihr Zeichen: 172135182365
PAIR Finance GmbH
Knesebeckstraße 62-63
Telefon 06150/55301,Mobil:017692264261
10719 Berlin
Telefax 06150/591668
Erzhausen, 16.12.2025
Zwangsvollstreckungssache
Firma E.ON Energie Deutschland GmbH, Arnulfstraße 203, 80634 München
vertr. d.
Firma PAIR Finance GmbH, Knesebeckstraße 62-63, 10719 Berlin
gegen
Frau Renate Scheiner, Am Stein 20, 64331 Weiterstadt
Sehr geehrte Damen und Herren,
in o.g. Sache haben Sie mich beauftragt, eine Drittauskunft nach § 8021 ZPO beim Bundeszentralamt für Steuern
einzuholen.
Das Ergebnis teile ich Ihnen unter Übersendung einer Kopie der entsprechenden Stellen mit.
Ich weise Sie ausdrücklich darauf hin, dass die erlangten Daten nur zu Vollstreckungszwecken genutzt werden dürfen
und nach Zweckerreichung in dieser Sache zu löschen sind (§§ 802 Abs. 3, 802 d Abs. 1 ZPO). Die Weiterleitung
dieser Daten an Dritte ist unzulässig..
Nach Zweckerreichung sind erlangte Schuldnerdaten zu löschen.
Mit/freundlichen Grüßen
(Frank Schäfer)
Obergerichtsvollzieher
beim Amtsgericht Darmstadt
Zwangsvollstreckungsdaten werden in meiner
EDV gespeichert! Löschung 1 Jahr n.d. Erledi-
gungsjahr. Keine Datenweitergabe an Dritte!
(§§ 7:11:18ll HDG)
Anschrift
Dienstkonto
Sprechzeiten: (tel. nur mobil erreichbar)
c/o AG Darmstadt
IBAN:DE27660908000004728599
Di. 12-13 Uhr, AG Darmstadt, RaumB019
Mathildenplatz 12
BIC:GENODE61BBB
Fr.10:30-11:30, AG Darmstadt, RaumB013
64283 Darmstadt
BBBank Karlsruhe
<page_3>
Bundeszentralamt
für Steuern
POSTANSCHRIFT
Bundeszentralamt für Steuem, 11055 Berlin
HAUSANSCHRIFT
DGZ-Ring 12, 13086 Berlin
BEARBEITET VON
Obergerichtsvollzieher
Frank Schäfer
Steuerabteilung National
Kontenabrufverfahren
Eichenweg 54
TEL
+49 (0) 2 28 40 6-3600
64390 Erzhausen
FAX
+49 (0) 2 28 40 6-4408
E-MAIL
kontenabruf@bzst.bund.de
INTERNET
www.bzst.bund.de
BETREFF
Kontenabrufersuchen nach §§ 93, 93b Abgabenordnung (AO)
BEZUG
Ihr Kontenabrufersuchen vom 15.12.2025 AZ: DR Il 1466/25
ANLAGEN
1
GZ
St II 4 S 0229a KEVIZZ 2917608/25
(bei Antwort bille angeben)
DATUM
15.12.2025
Ihr oben genanntes Kontenabrufersuchen ist im Rahmen des automatisierten Abrufs von
Kontoinformationen bearbeitet worden. Die Ergebnisse dieses Abrufs entnehmen Sie bitte der
nachfolgenden Anlage.
Bitte beachten Sie
dass die Verantwortung für die Zulässigkeit des Datenabrufs und die Datenübermittlung die
ersuchende Behörde trägt (§ 93b Abs. 3 AO),
die Informations- und Dokumentationspflichten gemäß § 93 Abs. 9 und 10 AO sowie den
Anwendungserlass zur Abgabenordnung (AEAO),
dass die Kontenstammdaten in der Datei nach § 24c Kreditwesengesetz (KWG) durch die
beteiligten Kreditinstitute vorgehalten werden. Ich kann deshalb keine Haftung dafür
übernehmen, dass die im Rahmen des Kontenabrufs mitgeteilten Daten vollständig und
inhaltlich korrekt sind.
Zum Inhalt des Ergebnisses bemerke ich folgendes:
Aufgrund der gesetzlichen Vorgabe der Unterscheidungsmerkmale in den von den Kreditinstituten
zu führenden Dateien kann die Identität der gemeldeten Personen immer nur im Hinblick auf die
Merkmale Name und Geburtsdatum für die Kontoinhaber und Verfügungsberechtigten bzw. Name
und Anschrift für die abweichend wirtschaftlich Berechtigten festgestellt werden. Insofern muss das
übermittelte Abrufergebnis trotz Übereinstimmung des Namens und des Geburtsdatums nicht
zwingend mit der von Ihnen abgefragten Person identisch sein. Das gilt auch für
Firmenbezeichnungen. Die auf dem Kontenabrufersuchen gleichwohl anzugebende Anschrift des
Kontoinhabers oder des Verfügungsberechtigten wird nicht in die Abfrage einbezogen.
<page_4>
Bundeszentralamt
für Steuern
Bei Rückfragen bitte ich Sie, zunächst die FAQ (häufige Fragen) zu beachten, die Sie auf der
Homepage des BZSt unter http://www.bzst.bund.de oder, sofern Sie für die Verwaltung der
Grundsicherung für Arbeitsuchende nach dem Zweiten Buch Sozialgesetzbuch zuständig sind, im
Intranet der Bundesagentur für Arbeit finden. Sie können sich aber auch an die oben angegebene
Telefonnummer wenden.
Dieses Anschreiben wurde automatisch erstellt und ist ohne Unterschrift gültig.
<page_5>
Anlage zu GZ: St Il 4 S 0229a KEVIZZ 2917608/25 (Bitte stets angeben)
Ergebnisse
zu der Anfrage von dem/der:
Obergerichtsvollzieher
Frank Schäfer
vom:
15.12.2025
Ihr AZ:
DR Il 1466/25
mit folgenden Anhaltsdaten:
Name:
Nachname:
Scheiner
Vorname:
Renate
Geburtsdatum:
02.01.1947
Kontonummer:
TARGOBANK AG
BAK-Nr.: 100180
Kasernenstraße 10, 40213 Düsseldorf
Trefferanzahl: 1
Kontonummer: DE51300209007400026434
Errichtungsdatum: 11.06.1980
Kontoinfo:
Auflösungsdatum:
Kontoinhaber
Geburtsdatum
Seit
Bis
RENATE SCHEINER
02.01.1947
30.06.2020
AM STEIN 20 64331 WEITERSTADT DEUTSCHLAND
Stadt- und Kreis-Sparkasse Darmstadt
BAK-Nr.: 100663
Rheinstraße 10 12, 64283 Darmstadt
Trefferanzahl: 1
Kontonummer: DE38508501500126111975
Errichtungsdatum: 29.12.2011
Kontoinfo:
Auflösungsdatum:
Kontoinhaber
Geburtsdatum Seit
Bis
Renate Scheiner
02.01.1947
17.03.2014
Am Stein 20, 64331 Weiterstadt
Verfügungsberechtigte
Geburtsdatum Seit
Bis
Anfrage von Obergerichtsvollzieher
Seite
1 von
2
Frank Schäfer (G06074) zu AZ DR Il 1466/25
<page_6>
Anlage zu GZ: St Il 4 . S 0229a - KEVIZZ . 2917608/25 (Bitte stets angeben)
BHW Bausparkasse Aktiengesellschaft
BAK-Nr.: 105649
Lubahnstraße 2, 31789 Hameln
Trefferanzahl: 1
Kontonummer: DE18254102005226608701
Errichtungsdatum: 22.09.1994
Kontoinfo:
Auflösungsdatum:
Kontoinhaber
Geburtsdatum Seit
Bis
Renate Scheiner
02.01.1947
26.06.2014
Am Stein 20, 64331 Weiterstadt Deutschland
Anfrage von Obergerichtsvollzieher
Seite
2 von
2
Frank Schäfer (G06074) zu AZ DR Il 1466/25",True," Obergerichtsvollzieher Frank Schäfer
bei dem Amtsgericht Darmstadt
Mein Zeichen:
DR Il 1466/25
OGV Frank Schäfer, Mathildenplatz 12, 64283 Darmstadt
Bitte immer angeben!
Firma
Ihr Zeichen: 172135182365
PAIR Finance GmbH
Knesebeckstraße 62-63
Telefon 06150/55301,Mobil:017692264261
10719 Berlin
Telefax 06150/591668
Erzhausen, 16.12.2025
Zwangsvollstreckungssache
Firma E.ON Energie Deutschland GmbH, Arnulfstraße 203, 80634 München
vertr. d.
Firma PAIR Finance GmbH, Knesebeckstraße 62-63, 10719 Berlin
gegen
Frau Renate Scheiner, Am Stein 20, 64331 Weiterstadt
Sehr geehrte Damen und Herren,
in oben genannter Sache teile ich Ihnen mit, dass im Termin zur Abgabe der Vermögensauskunftdie Schuldnerin trotz
ordnungsgemäßer Ladung nicht erschienen ist.
Erlass eines Haftbefehls wurde nicht beantragt
Nach Zweckerreichung sind erlangte Schuldnerdaten zu löschen.
Die entstandenen Kosten bitte ich auf mein Dienstkonto zu überweisen. GiroCode 75,11 €
Kostenrechnung GvKostG (KV=Kostenverzeichnis) in EUR V. 16.12.25
Mit/freundlichen Grüßen
Nr. Bezeichnung
Betrag Anz. Gesamt
1
KV 100 Pers. Zustellung
12,00 1
12,00
2
KV 604 Nicht erled. Amtshandl.
18,00 1
18,00
zu 260
(Frank Schäfer)
3
KV 440 Auskunft BZSt
15,60 1
15,60
Obergerichtsvollzieher
4
KV 208 Versuch gütliche Erled.
9,60 1
9,60
beim Amtsgericht Darmstadt
5
KV 711 Wegegeld 0-10 km
1
3,25
Zwangsvollstreckungsdaten werden in meiner
6
KV 701 Entgelt Zustellung
5,62 1
5,62
EDV gespeichert! Löschung 1 Jahr n.d. Erledi-
7
KV 716 Pauschale
11,04
gungsjahr. Keine Datenweitergabe an Dritte!
8
Rechnungs- und Zahlungsbetrag
75,11
(§§ 7:11:18II HDG)
D. Kostenschuldn. ist Firma E.ON Energie Deutschland GmbH.
Rechtsbehelfsbelehrung: Gegen diese Kostenrechnung kann Erinnerung
beim Amtsgericht Darmstadt, 64293 Darmstadt, Mathildenplatz 15
schriftlich oder zu Protokoll der Geschäftsstelle eingelegt werden. Es ist
zweckmäßig, die Erinnerung zu begründen. Die Erinnerung kann als ein für
die Bearbeitung durch das Gericht gem. §§ 2 und 5 ERVV geeignetes
elektronisches Dokument eingereicht werden. Die verantwortende Person
muss jedes Dokument mit einer qualifizierten elektronischen Signatur
(QES) versehen und gem. § 4 ERVV oder signiert auf sicherem
Übermittlungsweg gem. § 130a Abs. 4 ZPO einreichen. Weitere
Informationen unter www.justiz.de.
Anschrift
Dienstkonto
Sprechzeiten: (tel. nur mobil erreichbar)
c/o AG Darmstadt
IBAN:DE27660908000004728599
Di. 12-13 Uhr, AG Darmstadt, RaumB019
Mathildenplatz 12
BIC:GENODE61BBB
Fr.10:30-11:30, AG Darmstadt, RaumB013
64283 Darmstadt
BBBank Karlsruhe
 Obergerichtsvollzieher Frank Schäfer
bei dem Amtsgericht Darmstadt
Mein Zeichen:
DR II 1466/25
OGV Frank Schäfer, Mathildenplatz 12, 64283 Darmstadt
Bitte immer angeben!
Firma
Ihr Zeichen: 172135182365
PAIR Finance GmbH
Knesebeckstraße 62-63
Telefon 06150/55301,Mobil:017692264261
10719 Berlin
Telefax 06150/591668
Erzhausen, 16.12.2025
Zwangsvollstreckungssache
Firma E.ON Energie Deutschland GmbH, Arnulfstraße 203, 80634 München
vertr. d.
Firma PAIR Finance GmbH, Knesebeckstraße 62-63, 10719 Berlin
gegen
Frau Renate Scheiner, Am Stein 20, 64331 Weiterstadt
Sehr geehrte Damen und Herren,
in o.g. Sache haben Sie mich beauftragt, eine Drittauskunft nach § 8021 ZPO beim Bundeszentralamt für Steuern
einzuholen.
Das Ergebnis teile ich Ihnen unter Übersendung einer Kopie der entsprechenden Stellen mit.
Ich weise Sie ausdrücklich darauf hin, dass die erlangten Daten nur zu Vollstreckungszwecken genutzt werden dürfen
und nach Zweckerreichung in dieser Sache zu löschen sind (§§ 802 Abs. 3, 802 d Abs. 1 ZPO). Die Weiterleitung
dieser Daten an Dritte ist unzulässig..
Nach Zweckerreichung sind erlangte Schuldnerdaten zu löschen.
Mit/freundlichen Grüßen
(Frank Schäfer)
Obergerichtsvollzieher
beim Amtsgericht Darmstadt
Zwangsvollstreckungsdaten werden in meiner
EDV gespeichert! Löschung 1 Jahr n.d. Erledi-
gungsjahr. Keine Datenweitergabe an Dritte!
(§§ 7:11:18ll HDG)
Anschrift
Dienstkonto
Sprechzeiten: (tel. nur mobil erreichbar)
c/o AG Darmstadt
IBAN:DE27660908000004728599
Di. 12-13 Uhr, AG Darmstadt, RaumB019
Mathildenplatz 12
BIC:GENODE61BBB
Fr.10:30-11:30, AG Darmstadt, RaumB013
64283 Darmstadt
BBBank Karlsruhe
 Bundeszentralamt
für Steuern
POSTANSCHRIFT
Bundeszentralamt für Steuem, 11055 Berlin
HAUSANSCHRIFT
DGZ-Ring 12, 13086 Berlin
BEARBEITET VON
Obergerichtsvollzieher
Frank Schäfer
Steuerabteilung National
Kontenabrufverfahren
Eichenweg 54
TEL
+49 (0) 2 28 40 6-3600
64390 Erzhausen
FAX
+49 (0) 2 28 40 6-4408
E-MAIL
kontenabruf@bzst.bund.de
INTERNET
www.bzst.bund.de
BETREFF
Kontenabrufersuchen nach §§ 93, 93b Abgabenordnung (AO)
BEZUG
Ihr Kontenabrufersuchen vom 15.12.2025 AZ: DR Il 1466/25
ANLAGEN
1
GZ
St II 4 S 0229a KEVIZZ 2917608/25
(bei Antwort bille angeben)
DATUM
15.12.2025
Ihr oben genanntes Kontenabrufersuchen ist im Rahmen des automatisierten Abrufs von
Kontoinformationen bearbeitet worden. Die Ergebnisse dieses Abrufs entnehmen Sie bitte der
nachfolgenden Anlage.
Bitte beachten Sie
dass die Verantwortung für die Zulässigkeit des Datenabrufs und die Datenübermittlung die
ersuchende Behörde trägt (§ 93b Abs. 3 AO),
die Informations- und Dokumentationspflichten gemäß § 93 Abs. 9 und 10 AO sowie den
Anwendungserlass zur Abgabenordnung (AEAO),
dass die Kontenstammdaten in der Datei nach § 24c Kreditwesengesetz (KWG) durch die
beteiligten Kreditinstitute vorgehalten werden. Ich kann deshalb keine Haftung dafür
übernehmen, dass die im Rahmen des Kontenabrufs mitgeteilten Daten vollständig und
inhaltlich korrekt sind.
Zum Inhalt des Ergebnisses bemerke ich folgendes:
Aufgrund der gesetzlichen Vorgabe der Unterscheidungsmerkmale in den von den Kreditinstituten
zu führenden Dateien kann die Identität der gemeldeten Personen immer nur im Hinblick auf die
Merkmale Name und Geburtsdatum für die Kontoinhaber und Verfügungsberechtigten bzw. Name
und Anschrift für die abweichend wirtschaftlich Berechtigten festgestellt werden. Insofern muss das
übermittelte Abrufergebnis trotz Übereinstimmung des Namens und des Geburtsdatums nicht
zwingend mit der von Ihnen abgefragten Person identisch sein. Das gilt auch für
Firmenbezeichnungen. Die auf dem Kontenabrufersuchen gleichwohl anzugebende Anschrift des
Kontoinhabers oder des Verfügungsberechtigten wird nicht in die Abfrage einbezogen.
 Bundeszentralamt
für Steuern
Bei Rückfragen bitte ich Sie, zunächst die FAQ (häufige Fragen) zu beachten, die Sie auf der
Homepage des BZSt unter http://www.bzst.bund.de oder, sofern Sie für die Verwaltung der
Grundsicherung für Arbeitsuchende nach dem Zweiten Buch Sozialgesetzbuch zuständig sind, im
Intranet der Bundesagentur für Arbeit finden. Sie können sich aber auch an die oben angegebene
Telefonnummer wenden.
Dieses Anschreiben wurde automatisch erstellt und ist ohne Unterschrift gültig.
 Anlage zu GZ: St Il 4 S 0229a KEVIZZ 2917608/25 (Bitte stets angeben)
Ergebnisse
zu der Anfrage von dem/der:
Obergerichtsvollzieher
Frank Schäfer
vom:
15.12.2025
Ihr AZ:
DR Il 1466/25
mit folgenden Anhaltsdaten:
Name:
Nachname:
Scheiner
Vorname:
Renate
Geburtsdatum:
02.01.1947
Kontonummer:
TARGOBANK AG
BAK-Nr.: 100180
Kasernenstraße 10, 40213 Düsseldorf
Trefferanzahl: 1
Kontonummer: DE51300209007400026434
Errichtungsdatum: 11.06.1980
Kontoinfo:
Auflösungsdatum:
Kontoinhaber
Geburtsdatum
Seit
Bis
RENATE SCHEINER
02.01.1947
30.06.2020
AM STEIN 20 64331 WEITERSTADT DEUTSCHLAND
Stadt- und Kreis-Sparkasse Darmstadt
BAK-Nr.: 100663
Rheinstraße 10 12, 64283 Darmstadt
Trefferanzahl: 1
Kontonummer: DE38508501500126111975
Errichtungsdatum: 29.12.2011
Kontoinfo:
Auflösungsdatum:
Kontoinhaber
Geburtsdatum Seit
Bis
Renate Scheiner
02.01.1947
17.03.2014
Am Stein 20, 64331 Weiterstadt
Verfügungsberechtigte
Geburtsdatum Seit
Bis
Anfrage von Obergerichtsvollzieher
Seite
1 von
2
Frank Schäfer (G06074) zu AZ DR Il 1466/25
 Anlage zu GZ: St Il 4 . S 0229a - KEVIZZ . 2917608/25 (Bitte stets angeben)
BHW Bausparkasse Aktiengesellschaft
BAK-Nr.: 105649
Lubahnstraße 2, 31789 Hameln
Trefferanzahl: 1
Kontonummer: DE18254102005226608701
Errichtungsdatum: 22.09.1994
Kontoinfo:
Auflösungsdatum:
Kontoinhaber
Geburtsdatum Seit
Bis
Renate Scheiner
02.01.1947
26.06.2014
Am Stein 20, 64331 Weiterstadt Deutschland
Anfrage von Obergerichtsvollzieher
Seite
2 von
2
Frank Schäfer (G06074) zu AZ DR Il 1466/25",drittauskunft,False,False,359c370c-9c55-5178-9759-f195873f5c1d,d125ddc2-1145-5c21-947e-09c2d7d29792,b05af004fe90d19d2d829adeaa742287e882e3a38507302a3b82ee36c9c6706a,s3://pair-data-engineering-new/ocr_prepared_output/b05af004fe90d19d2d829adeaa742287e882e3a38507302a3b82ee36c9c6706a.json
data/aftercourt/drittauskunf_with_invoice/Dokumente_136725_16122025_082522_signed20251217-310-1jxjq7b.pdf,"<page_1>
Nicole Sommer
Königstr. 11
Gerichtsvollzieherin
22926 Ahrensburg
Sprechstunden:
Mi. 13.30-14.30 Uhr u. Fr. 9-10 Uhr
Königstr. 11, Zi. 005, 22926 Ahrensburg
Tel. 04102/519106
Telefon 0151/41215642
Abs. GVin Sommer, Königstr. 11, 22926 Ahrensburg
Telefax 04102/519199
EGVP-Nutzer-ID für ERV:
PAIR Finance GmbH
DE.Justiz.3544aded-9720-4f9d-b2eb-
Knesebeckstraße 62-63
ff60a792e8e1.cc7f
10719 Berlin
Dienstkonto:
Empfänger: Nicole Sommer
IBAN: DE91 2305 2750 0081 9419 32
BIC: NOLADE21RZB
Bank: Kr Spk Herzogtum Lauenburg
DR II 1367/25
Bitte bei Schreiben und Zahlungen angeben!
172820356878
Ahrensburg, 16.12.2025
Zwangsvollstreckungssache
Firma E.ON Energie Deutschland GmbH, Arnulfstraße 203, 80634 München
vertreten durch: PAIR Finance GmbH, Knesebeckstraße 62-63, 10719 Berlin, Az.172820356878
gegen
Herrn Michael Plöckl, Am Alten Markt 1, 22926 Ahrensburg
Sehr geehrte Damen und Herren,
in obiger Sache ist der Schuldner zum Termin (Mittwoch, 10. Dezember 2025, um 14:00 Uhr) zwecks Abgabe
der Vermögensauskunft nicht erschienen. Die Ladung wurde dem Schuldner zugestellt am 24.10.2025. Der
ursprüngliche Termin wurde aufgrund Erkrankung des Schuldners verschoben.
Sie haben nunmehr die Möglichkeit, beim Amtsgericht Ahrensburg, Königstr. 11, 22926 Ahrensburg, den Erlass
eines Haftbefehls gegen den Schuldner zu beantragen. Liegt Ihnen der Haftbefehl vor, können Sie bei mir die
Verhaftung des Schuldners zwecks Abgabe der eidesstattlichen Versicherung / Vermögensauskunft beantragen.
Diesem Verhaftungsantrag fügen Sie bitte eine aktuelle Forderungsaufstellung bei.
Die beantragten Drittstellenauskünfte habe ich angefordert und beigefügt.
Die nachstehenden Kosten überweisen Sie bitte binnen zwei Wochen auf mein obiges Dienstkonto.
Mit freundlichen Grüßen
Kostenrechnung gem. GVKostG (KV=Kostenverzeichnis)
KV100 Persönliche Zustellung
12,00 €
Sommel
KV208 Versuch e. gütl. Erledigung
9,60 €
KV440 Einholung einer Auskunft
15,60 €
KV604(260) Nicht erl. Vermögensaus..
18,00 €
Sommer
KV700 Dokumentenpauschale (10 S.)
5,00 €
Gerichtsvollzieherin
KV701 Entgelte für Zustellungen
5,62 €
beim Amtsgericht Ahrensburg
KV711 Wegegeld (bis 10km)
3,25 €
KV716 Auslagenpauschale
11,04€
Summe
80,11€
Kostenschuldner gem. §13 GVKostG ist E.ON Energie Deutschland
GmbH
Rechtsbehelfsbelehrung: Gegen diese Kostenrechnung kann Erinnerung bei dem Amtsgericht Ahrensburg, Königstr. 11, 22926 Ahrensburg, schriftlich oder zu Protokoll
der Geschäftsstelle eingelegt werden. Es ist zweckmäßig, die Erinnerung zu begründen.
Datenverarbeitungshinweis
Hinweise zur Verarbeitung personenbezogener Daten finden Sie auf der Webseite des Amtsgerichts Ahrensburg
( https://www.schleswig-holstein.de/DE/Justiz/LGLUEBECK/Aufgaben/_documents/HinweisDatenverarbeitung_AGAH.html
)
Auf Wunsch können Sie bei dem Amtsgerichts Ahrensburg, Königstraße 11, 22926 Ahrensburg eine Papierfassung
kostenfrei anfordern.
DR II 1367/25, Seite 1
<page_2>
Ergebnisse
zu der Anfrage von dem/der:
Gerichtsvollzieherin
Nicole Sommer
vom:
12.12.2025
Ihr AZ:
DR Il 1367/25
mit folgenden Anhaltsdaten:
Name:
Nachname:
Plöckl
Vorname:
Michael
Geburtsdatum:
05.04.1962
Kontonummer:
COMMERZBANK Aktiengesellschaft
BAK-Nr.: 100005
Kaiserstraße 16 (Kaiserplatz), 60311 Frankfurt am Main
Trefferanzahl: 2
Kontonummer: DE18200400000511006900
Errichtungsdatum: 03.08.2012
Kontoinfo:
Auflösungsdatum:
Kontoinhaber
Geburtsdatum Seit
Bis
Michael Plöckl
05.04.1962
18.11.2019
Am alten Markt 1 22926 Ahrensburg
Kontonummer: DE88200400000511006901
Errichtungsdatum: 02.05.2018
Kontoinfo:
Auflösungsdatum:
Kontoinhaber
Geburtsdatum Seit
Bis
Michael Plöckl
05.04.1962
18.11.2019
Am alten Markt 1 22926 Ahrensburg",True," Nicole Sommer
Königstr. 11
Gerichtsvollzieherin
22926 Ahrensburg
Sprechstunden:
Mi. 13.30-14.30 Uhr u. Fr. 9-10 Uhr
Königstr. 11, Zi. 005, 22926 Ahrensburg
Tel. 04102/519106
Telefon 0151/41215642
Abs. GVin Sommer, Königstr. 11, 22926 Ahrensburg
Telefax 04102/519199
EGVP-Nutzer-ID für ERV:
PAIR Finance GmbH
DE.Justiz.3544aded-9720-4f9d-b2eb-
Knesebeckstraße 62-63
ff60a792e8e1.cc7f
10719 Berlin
Dienstkonto:
Empfänger: Nicole Sommer
IBAN: DE91 2305 2750 0081 9419 32
BIC: NOLADE21RZB
Bank: Kr Spk Herzogtum Lauenburg
DR II 1367/25
Bitte bei Schreiben und Zahlungen angeben!
172820356878
Ahrensburg, 16.12.2025
Zwangsvollstreckungssache
Firma E.ON Energie Deutschland GmbH, Arnulfstraße 203, 80634 München
vertreten durch: PAIR Finance GmbH, Knesebeckstraße 62-63, 10719 Berlin, Az.172820356878
gegen
Herrn Michael Plöckl, Am Alten Markt 1, 22926 Ahrensburg
Sehr geehrte Damen und Herren,
in obiger Sache ist der Schuldner zum Termin (Mittwoch, 10. Dezember 2025, um 14:00 Uhr) zwecks Abgabe
der Vermögensauskunft nicht erschienen. Die Ladung wurde dem Schuldner zugestellt am 24.10.2025. Der
ursprüngliche Termin wurde aufgrund Erkrankung des Schuldners verschoben.
Sie haben nunmehr die Möglichkeit, beim Amtsgericht Ahrensburg, Königstr. 11, 22926 Ahrensburg, den Erlass
eines Haftbefehls gegen den Schuldner zu beantragen. Liegt Ihnen der Haftbefehl vor, können Sie bei mir die
Verhaftung des Schuldners zwecks Abgabe der eidesstattlichen Versicherung / Vermögensauskunft beantragen.
Diesem Verhaftungsantrag fügen Sie bitte eine aktuelle Forderungsaufstellung bei.
Die beantragten Drittstellenauskünfte habe ich angefordert und beigefügt.
Die nachstehenden Kosten überweisen Sie bitte binnen zwei Wochen auf mein obiges Dienstkonto.
Mit freundlichen Grüßen
Kostenrechnung gem. GVKostG (KV=Kostenverzeichnis)
KV100 Persönliche Zustellung
12,00 €
Sommel
KV208 Versuch e. gütl. Erledigung
9,60 €
KV440 Einholung einer Auskunft
15,60 €
KV604(260) Nicht erl. Vermögensaus..
18,00 €
Sommer
KV700 Dokumentenpauschale (10 S.)
5,00 €
Gerichtsvollzieherin
KV701 Entgelte für Zustellungen
5,62 €
beim Amtsgericht Ahrensburg
KV711 Wegegeld (bis 10km)
3,25 €
KV716 Auslagenpauschale
11,04€
Summe
80,11€
Kostenschuldner gem. §13 GVKostG ist E.ON Energie Deutschland
GmbH
Rechtsbehelfsbelehrung: Gegen diese Kostenrechnung kann Erinnerung bei dem Amtsgericht Ahrensburg, Königstr. 11, 22926 Ahrensburg, schriftlich oder zu Protokoll
der Geschäftsstelle eingelegt werden. Es ist zweckmäßig, die Erinnerung zu begründen.
Datenverarbeitungshinweis
Hinweise zur Verarbeitung personenbezogener Daten finden Sie auf der Webseite des Amtsgerichts Ahrensburg
( https://www.schleswig-holstein.de/DE/Justiz/LGLUEBECK/Aufgaben/_documents/HinweisDatenverarbeitung_AGAH.html
)
Auf Wunsch können Sie bei dem Amtsgerichts Ahrensburg, Königstraße 11, 22926 Ahrensburg eine Papierfassung
kostenfrei anfordern.
DR II 1367/25, Seite 1
 Ergebnisse
zu der Anfrage von dem/der:
Gerichtsvollzieherin
Nicole Sommer
vom:
12.12.2025
Ihr AZ:
DR Il 1367/25
mit folgenden Anhaltsdaten:
Name:
Nachname:
Plöckl
Vorname:
Michael
Geburtsdatum:
05.04.1962
Kontonummer:
COMMERZBANK Aktiengesellschaft
BAK-Nr.: 100005
Kaiserstraße 16 (Kaiserplatz), 60311 Frankfurt am Main
Trefferanzahl: 2
Kontonummer: DE18200400000511006900
Errichtungsdatum: 03.08.2012
Kontoinfo:
Auflösungsdatum:
Kontoinhaber
Geburtsdatum Seit
Bis
Michael Plöckl
05.04.1962
18.11.2019
Am alten Markt 1 22926 Ahrensburg
Kontonummer: DE88200400000511006901
Errichtungsdatum: 02.05.2018
Kontoinfo:
Auflösungsdatum:
Kontoinhaber
Geburtsdatum Seit
Bis
Michael Plöckl
05.04.1962
18.11.2019
Am alten Markt 1 22926 Ahrensburg",drittauskunft,False,False,56255120-f80b-5f28-8aab-1ebfcb4eb1d2,b1619e05-0674-5cfd-8e65-0ced9af2a582,890ef069a6eec24f13a3bee665a504f30fe08567ba02f491ae14f4fae49eeffa,s3://pair-data-engineering-new/ocr_prepared_output/890ef069a6eec24f13a3bee665a504f30fe08567ba02f491ae14f4fae49eeffa.json
data/aftercourt/drittauskunf_with_invoice/63_dr_1082_25_aus_schreibmaschine20251211-309-mig2e1.pdf,"<page_1>
Christian Linner
Schragenhofstraße 27
Gerichtsvollzieher beim Amtsgericht München
80992 München 1. OG Zimmer Nr. 3
Sprechzeiten
Telefon
Dienstag: 13:00 15:00 Uhr
089 / 189 472 01
Donnerstag: 10:00 12:00 Uhr
0152/548 734 64
eMail
linner@gvpost.de
Safe-ID ERV
DE.Justiz.c250be92-37aa-49a9-90cc-
Abs.: GV C.Linner, Schragenhofstraße 27, 80992 München
dac090ef79d9.1702
Firma
Dienstkonto
PAIR Finance GmbH
IBAN:DE15 6609 0800 0004 4666 24
Knesebeckstraße 62-63
BIC: GENODE61BBB
10719 Berlin
Mein Zeichen
Ihr Zeichen
63 DR 1082/25
174634461779
München, 28.11.2025
Bitte immer angeben!
Zwangsvollstreckungssache
Firma Liquandum Capital II GmbH, Knesebeckstraße 62-63, 10719 Berlin
vertr. d.
Firma PAIR Finance GmbH, Knesebeckstraße 62-63, 10719 Berlin
gegen
Frau Sinem Korkmaz, Bruderhofstraße 31, 81371 München Sendling
Sehr geehrte Damen und Herren,
in oben genannter Sache teile ich Ihnen mit, dass d. Schuldner/in im Termin zur Abgabe der Vermögensauskunft
trotz ordnungsgemäßer Ladung nicht erschienen ist.
Sie haben keinen Haftbefehl beantragt.
D. Schuldner/in wird zwei Wochen nach Zustellung der Eintragung in die Schuldnerkartei beim Zentralen
Vollstreckungsgericht in Hof eintragen.
Nach Zweckerreichung sind erlangte Schuldnerdaten zu löschen.
Die entstandenen Kosten überweisen Sie bitte binnen 2 Wochen auf mein Dienstkonto.
Kostenrechnung GvKostG (KV=Kostenverzeichnis) in EUR V. 28.11.25
Mit freundlichen Grüßen
Nr. Bezeichnung
Betrag Anz. Gesamt
1
KV 102 Sonstige Zustellung
3,60 1
3,60
2
KV 604 Nicht erled. Amtshandl.
18,00 1
18,00
zu KV 260
(Christian Linner)
3
KV 440 Auskunft BZSt
15,60 1
15,60
Gerichtsvollzieher
4
KV 208 Versuch gütliche Erled.
9,60 1
9,60
beim Amtsgericht München
5
KV 701 Entgelt Zustellung
5,62 2
11,24
6
KV 716 Pauschale
9,36
7
Rechnungs- und Zahlungsbetrag
67,40
D. Kostenschuldn. ist Firma Liquandum Capital Il GmbH.
Rechtsbehelfsbelehrung: Gegen diese Kostenrechnung kann Erinnerung
(zweckmäßig begründet) beim Amtsgericht München, Infanteriestraße 5,
80797 München schriftlich oder zu Protokoll der Geschäftsstelle eingelegt
werden. Die Erinnerung kann als ein für die Bearbeitung durch das Gericht
gem. §§ 2 und 5 ERVV geeignetes elektronisches Dokument eingereicht
werden. Die verantwortende Person muss jedes Dokument mit einer
qualifizierten elektronischen Signatur (QES) versehen und gem. § 4 ERVV
oder signiert auf sicherem Übermittlungsweg gem. § 130a Abs. 4 ZPO
einreichen. Weitere Informationen unter www.justiz.de.
Datenschutzhinweis: Personenbezogene Daten werden verarbeitet.
Info unter https://www.justiz.bayern.de/gerichte-und-behoerden/amtsgerichte/muenchen/datenschutzphp
Ergänzend wird darauf hingewiesen, dass auch gegenüber den Bürokräften d. Gerichtsvollziehers personenbezogene Daten offengelegt werden.
<page_2>
Christian Linner
Schragenhofstraße 27
Gerichtsvollzieher beim Amtsgericht München
80992 München 1. OG Zimmer Nr. 3
Sprechzeiten
Telefon
Dienstag: 13:00 15:00 Uhr
089 / 189 472 01
Donnerstag: 10:00 12:00 Uhr
0152/548 734 64
eMail
linner@gvpost.de
Safe-ID ERV
DE.Justiz.c250be92-37aa-49a9-90cc
Abs.: GV C.Linner, Schragenhofstraße 27, 80992 München
dac090ef79d9.1702
Firma
Dienstkonto
PAIR Finance GmbH
IBAN:DE15 6609 0800 0004 4666 24
Knesebeckstraße 62-63
BIC: GENODE61BBB
10719 Berlin
Mein Zeichen
Ihr Zeichen
63 DR 1082/25
174634461779
München, 28.11.2025
Bitte immer angeben!
Zwangsvollstreckungssache
Firma Liquandum Capital Il GmbH, Knesebeckstraße 62-63, 10719 Berlin
vertr. d.
Firma PAIR Finance GmbH, Knesebeckstraße 62-63, 10719 Berlin
gegen
Frau Sinem Korkmaz, Bruderhofstraße 31, 81371 München Sendling
Sehr geehrte Damen und Herren,
in O. g. Sache haben Sie mich beauftragt, eine Drittauskunft nach § 8021 ZPO beim Bundeszentralamt für Steuern
einzuholen.
Das Ergebnis teile ich Ihnen unter Übersendung einer Kopie der entsprechenden Stellen mit.
Ich weise Sie ausdrücklich darauf hin, dass die erlangten Daten nur zu Vollstreckungszwecken genutzt werden dürfen
und nach Zweckerreichung in dieser Sache zu löschen sind (§§ 802 Abs. 3, 802 d Abs. 1 ZPO). Die Weiterleitung
dieser Daten an Dritte ist unzulässig.
Nach Zweckerreichung sind erlangte Schuldnerdaten zu löschen.
Mit freundlichen Grüßen
(Christian Linner)
Gerichtsvollzieher
beim Amtsgericht München
Datenschutzhinweis: Personenbezogene Daten werden verarbeitet.
Info unter htts:/ww.justiz.bayern.de/gerichte-und-behoerden/amtsgerichte/muenchen/datenschutz.php
Ergänzend wird darauf hingewiesen, dass auch gegenüber den Bürokräften d. Gerichtsvollziehers personenbezogene Daten offengelegt werden.
<page_3>
Bundeszentralamt
für Steuern
POSTANSCHRIFT
Bundeszentralamt für Steuern, 11055 Berlin
HAUSANSCHRIFT
DGZ-Ring 12, 13086 Berlin
BEARBEITET VON
Gerichtsvollzieher
Christian Linner
Steuerabteilung National
Kontenabrufverfahren
Schragenhofstraße 27
TEL
+49 (0) 2 28 40 6-3600
80992 München
FAX
+49 (0) 2 28 40 6-4408
E-MAIL
kontenabruf@bzst.bund.de
INTERNET
www.bzst.bund.de
BETREFF
Kontenabrufersuchen nach §§ 93, 93b Abgabenordnung (AO)
BEZUG
Ihr Kontenabrufersuchen vom 28.11.2025 AZ: DR 1082/25
ANLAGEN
1
GZ
St II 4 S 0229a KEVIZZ 2805579/25
(bei Antwort bitte angeben)
DATUM
09.12.2025
Ihr oben genanntes Kontenabrufersuchen ist im Rahmen des automatisierten Abrufs von
Kontoinformationen bearbeitet worden. Die Ergebnisse dieses Abrufs entnehmen Sie bitte der
nachfolgenden Anlage.
Bitte beachten Sie
dass die Verantwortung für die Zulässigkeit des Datenabrufs und die Datenübermittlung die
ersuchende Behörde trägt (§ 93b Abs. 3 AO),
die Informations- und Dokumentationspflichten gemäß § 93 Abs. 9 und 10 AO sowie den
Anwendungserlass zur Abgabenordnung (AEAO),
dass die Kontenstammdaten in der Datei nach § 24c Kreditwesengesetz (KWG) durch die
beteiligten Kreditinstitute vorgehalten werden. Ich kann deshalb keine Haftung dafür
übernehmen, dass die im Rahmen des Kontenabrufs mitgeteilten Daten vollständig und
inhaltlich korrekt sind.
Zum Inhalt des Ergebnisses bemerke ich folgendes:
Aufgrund der gesetzlichen Vorgabe der Unterscheidungsmerkmale in den von den Kreditinstituten
zu führenden Dateien kann die Identität der gemeldeten Personen immer nur im Hinblick auf die
Merkmale Name und Geburtsdatum für die Kontoinhaber und Verfügungsberechtigten bzw. Name
und Anschrift für die abweichend wirtschaftlich Berechtigten festgestellt werden. Insofern muss das
übermittelte Abrufergebnis trotz Übereinstimmung des Namens und des Geburtsdatums nicht
zwingend mit der von Ihnen abgefragten Person identisch sein. Das gilt auch für
Firmenbezeichnungen. Die auf dem Kontenabrufersuchen gleichwohl anzugebende Anschrift des
Kontoinhabers oder des Verfügungsberechtigten wird nicht in die Abfrage einbezogen.
<page_4>
Bundeszentralamt
für Steuern
Bei Rückfragen bitte ich Sie, zunächst die FAQ (häufige Fragen) zu beachten, die Sie auf der
Homepage des BZSt unter http://www.bzst.bund.de oder, sofern Sie für die Verwaltung der
Grundsicherung für Arbeitsuchende nach dem Zweiten Buch Sozialgesetzbuch zuständig sind, im
Intranet der Bundesagentur für Arbeit finden. Sie können sich aber auch an die oben angegebene
Telefonnummer wenden.
Dieses Anschreiben wurde automatisch erstellt und ist ohne Unterschrift gültig.
<page_5>
Anlage zu GZ: St Il 4 S 0229a KEVIZZ 2805579/25 (Bitte stets angeben)
Ergebnisse
zu der Anfrage von dem/der:
Gerichtsvollzieher
Christian Linner
vom:
28.11.2025
Ihr AZ:
DR 1082/25
mit folgenden Anhaltsdaten:
Name:
Nachname:
Korkmaz
Vorname:
Sinem
Geburtsdatum:
10.10.1998
Kontonummer:
Stadtsparkasse München
BAK-Nr.: 100607
Sparkassenstraße 2, 80331 München
Trefferanzahl: 2
Kontonummer: DE44701500003002965923
Errichtungsdatum: 07.01.2021
Kontoinfo:
Auflösungsdatum:
Kontoinhaber
Geburtsdatum
Seit
Bis
Sinem Altansoy
10.10.1998
07.01.2021
13.12.2023
Krokusstr. 71, 80689 München
Sinem Altansoy
10.10.1998
13.12.2023
08.01.2024
Bruderhofstr. 31, 81371 München
Sinem Korkmaz
10.10.1998
08.01.2024
Bruderhofstr. 31, 81371 München
Kontonummer: DE25701500001004373609
Errichtungsdatum: 29.07.2016
Kontoinfo:
Auflösungsdatum:
Kontoinhaber
Geburtsdatum
Seit
Bis
Sinem Altansoy
10.10.1998
29.07.2016
13.12.2023
Krokusstr. 71, 80689 München
Sinem Altansoy
10.10.1998
13.12.2023
08.01.2024
Bruderhofstr. 31, 81371 München
Sinem Korkmaz
10.10.1998
08.01.2024
Bruderhofstr. 31, 81371 München
Anfrage von Gerichtsvollzieher
Seite
1 von
2
Christian Linner (G09784) zu AZ DR 1082/25
<page_6>
Anlage zu GZ: St Il 4 - S 0229a KEVIZZ 2805579/25 (Bitte stets angeben)
BNP Paribas S.A. Niederlassung Deutschland
BAK-Nr.: 108556
Senckenberganlage 19, 60325 Frankfurt
Trefferanzahl: 1
Kontonummer: DE62700203006059828891
Errichtungsdatum: 27.09.2024
Kontoinfo:
Auflösungsdatum:
Kontoinhaber
Geburtsdatum Seit
Bis
SINEM KORKMAZ
10.10.1998
21.05.2025
BRUDERHOFSTR. 31 81371 MÜNCHEN
SINEM KORKMAZ
10.10.1998
30.09.2024
20.05.2025
BRUDERHOFSTR. 31 81371 MÜNCHEN
Anfrage von Gerichtsvollzieher
Seite
2 von
2
Christian Linner (G09784) zu AZ DR 1082/25",True," Christian Linner
Schragenhofstraße 27
Gerichtsvollzieher beim Amtsgericht München
80992 München 1. OG Zimmer Nr. 3
Sprechzeiten
Telefon
Dienstag: 13:00 15:00 Uhr
089 / 189 472 01
Donnerstag: 10:00 12:00 Uhr
0152/548 734 64
eMail
linner@gvpost.de
Safe-ID ERV
DE.Justiz.c250be92-37aa-49a9-90cc-
Abs.: GV C.Linner, Schragenhofstraße 27, 80992 München
dac090ef79d9.1702
Firma
Dienstkonto
PAIR Finance GmbH
IBAN:DE15 6609 0800 0004 4666 24
Knesebeckstraße 62-63
BIC: GENODE61BBB
10719 Berlin
Mein Zeichen
Ihr Zeichen
63 DR 1082/25
174634461779
München, 28.11.2025
Bitte immer angeben!
Zwangsvollstreckungssache
Firma Liquandum Capital II GmbH, Knesebeckstraße 62-63, 10719 Berlin
vertr. d.
Firma PAIR Finance GmbH, Knesebeckstraße 62-63, 10719 Berlin
gegen
Frau Sinem Korkmaz, Bruderhofstraße 31, 81371 München Sendling
Sehr geehrte Damen und Herren,
in oben genannter Sache teile ich Ihnen mit, dass d. Schuldner/in im Termin zur Abgabe der Vermögensauskunft
trotz ordnungsgemäßer Ladung nicht erschienen ist.
Sie haben keinen Haftbefehl beantragt.
D. Schuldner/in wird zwei Wochen nach Zustellung der Eintragung in die Schuldnerkartei beim Zentralen
Vollstreckungsgericht in Hof eintragen.
Nach Zweckerreichung sind erlangte Schuldnerdaten zu löschen.
Die entstandenen Kosten überweisen Sie bitte binnen 2 Wochen auf mein Dienstkonto.
Kostenrechnung GvKostG (KV=Kostenverzeichnis) in EUR V. 28.11.25
Mit freundlichen Grüßen
Nr. Bezeichnung
Betrag Anz. Gesamt
1
KV 102 Sonstige Zustellung
3,60 1
3,60
2
KV 604 Nicht erled. Amtshandl.
18,00 1
18,00
zu KV 260
(Christian Linner)
3
KV 440 Auskunft BZSt
15,60 1
15,60
Gerichtsvollzieher
4
KV 208 Versuch gütliche Erled.
9,60 1
9,60
beim Amtsgericht München
5
KV 701 Entgelt Zustellung
5,62 2
11,24
6
KV 716 Pauschale
9,36
7
Rechnungs- und Zahlungsbetrag
67,40
D. Kostenschuldn. ist Firma Liquandum Capital Il GmbH.
Rechtsbehelfsbelehrung: Gegen diese Kostenrechnung kann Erinnerung
(zweckmäßig begründet) beim Amtsgericht München, Infanteriestraße 5,
80797 München schriftlich oder zu Protokoll der Geschäftsstelle eingelegt
werden. Die Erinnerung kann als ein für die Bearbeitung durch das Gericht
gem. §§ 2 und 5 ERVV geeignetes elektronisches Dokument eingereicht
werden. Die verantwortende Person muss jedes Dokument mit einer
qualifizierten elektronischen Signatur (QES) versehen und gem. § 4 ERVV
oder signiert auf sicherem Übermittlungsweg gem. § 130a Abs. 4 ZPO
einreichen. Weitere Informationen unter www.justiz.de.
Datenschutzhinweis: Personenbezogene Daten werden verarbeitet.
Info unter https://www.justiz.bayern.de/gerichte-und-behoerden/amtsgerichte/muenchen/datenschutzphp
Ergänzend wird darauf hingewiesen, dass auch gegenüber den Bürokräften d. Gerichtsvollziehers personenbezogene Daten offengelegt werden.
 Christian Linner
Schragenhofstraße 27
Gerichtsvollzieher beim Amtsgericht München
80992 München 1. OG Zimmer Nr. 3
Sprechzeiten
Telefon
Dienstag: 13:00 15:00 Uhr
089 / 189 472 01
Donnerstag: 10:00 12:00 Uhr
0152/548 734 64
eMail
linner@gvpost.de
Safe-ID ERV
DE.Justiz.c250be92-37aa-49a9-90cc
Abs.: GV C.Linner, Schragenhofstraße 27, 80992 München
dac090ef79d9.1702
Firma
Dienstkonto
PAIR Finance GmbH
IBAN:DE15 6609 0800 0004 4666 24
Knesebeckstraße 62-63
BIC: GENODE61BBB
10719 Berlin
Mein Zeichen
Ihr Zeichen
63 DR 1082/25
174634461779
München, 28.11.2025
Bitte immer angeben!
Zwangsvollstreckungssache
Firma Liquandum Capital Il GmbH, Knesebeckstraße 62-63, 10719 Berlin
vertr. d.
Firma PAIR Finance GmbH, Knesebeckstraße 62-63, 10719 Berlin
gegen
Frau Sinem Korkmaz, Bruderhofstraße 31, 81371 München Sendling
Sehr geehrte Damen und Herren,
in O. g. Sache haben Sie mich beauftragt, eine Drittauskunft nach § 8021 ZPO beim Bundeszentralamt für Steuern
einzuholen.
Das Ergebnis teile ich Ihnen unter Übersendung einer Kopie der entsprechenden Stellen mit.
Ich weise Sie ausdrücklich darauf hin, dass die erlangten Daten nur zu Vollstreckungszwecken genutzt werden dürfen
und nach Zweckerreichung in dieser Sache zu löschen sind (§§ 802 Abs. 3, 802 d Abs. 1 ZPO). Die Weiterleitung
dieser Daten an Dritte ist unzulässig.
Nach Zweckerreichung sind erlangte Schuldnerdaten zu löschen.
Mit freundlichen Grüßen
(Christian Linner)
Gerichtsvollzieher
beim Amtsgericht München
Datenschutzhinweis: Personenbezogene Daten werden verarbeitet.
Info unter htts:/ww.justiz.bayern.de/gerichte-und-behoerden/amtsgerichte/muenchen/datenschutz.php
Ergänzend wird darauf hingewiesen, dass auch gegenüber den Bürokräften d. Gerichtsvollziehers personenbezogene Daten offengelegt werden.
 Bundeszentralamt
für Steuern
POSTANSCHRIFT
Bundeszentralamt für Steuern, 11055 Berlin
HAUSANSCHRIFT
DGZ-Ring 12, 13086 Berlin
BEARBEITET VON
Gerichtsvollzieher
Christian Linner
Steuerabteilung National
Kontenabrufverfahren
Schragenhofstraße 27
TEL
+49 (0) 2 28 40 6-3600
80992 München
FAX
+49 (0) 2 28 40 6-4408
E-MAIL
kontenabruf@bzst.bund.de
INTERNET
www.bzst.bund.de
BETREFF
Kontenabrufersuchen nach §§ 93, 93b Abgabenordnung (AO)
BEZUG
Ihr Kontenabrufersuchen vom 28.11.2025 AZ: DR 1082/25
ANLAGEN
1
GZ
St II 4 S 0229a KEVIZZ 2805579/25
(bei Antwort bitte angeben)
DATUM
09.12.2025
Ihr oben genanntes Kontenabrufersuchen ist im Rahmen des automatisierten Abrufs von
Kontoinformationen bearbeitet worden. Die Ergebnisse dieses Abrufs entnehmen Sie bitte der
nachfolgenden Anlage.
Bitte beachten Sie
dass die Verantwortung für die Zulässigkeit des Datenabrufs und die Datenübermittlung die
ersuchende Behörde trägt (§ 93b Abs. 3 AO),
die Informations- und Dokumentationspflichten gemäß § 93 Abs. 9 und 10 AO sowie den
Anwendungserlass zur Abgabenordnung (AEAO),
dass die Kontenstammdaten in der Datei nach § 24c Kreditwesengesetz (KWG) durch die
beteiligten Kreditinstitute vorgehalten werden. Ich kann deshalb keine Haftung dafür
übernehmen, dass die im Rahmen des Kontenabrufs mitgeteilten Daten vollständig und
inhaltlich korrekt sind.
Zum Inhalt des Ergebnisses bemerke ich folgendes:
Aufgrund der gesetzlichen Vorgabe der Unterscheidungsmerkmale in den von den Kreditinstituten
zu führenden Dateien kann die Identität der gemeldeten Personen immer nur im Hinblick auf die
Merkmale Name und Geburtsdatum für die Kontoinhaber und Verfügungsberechtigten bzw. Name
und Anschrift für die abweichend wirtschaftlich Berechtigten festgestellt werden. Insofern muss das
übermittelte Abrufergebnis trotz Übereinstimmung des Namens und des Geburtsdatums nicht
zwingend mit der von Ihnen abgefragten Person identisch sein. Das gilt auch für
Firmenbezeichnungen. Die auf dem Kontenabrufersuchen gleichwohl anzugebende Anschrift des
Kontoinhabers oder des Verfügungsberechtigten wird nicht in die Abfrage einbezogen.
 Bundeszentralamt
für Steuern
Bei Rückfragen bitte ich Sie, zunächst die FAQ (häufige Fragen) zu beachten, die Sie auf der
Homepage des BZSt unter http://www.bzst.bund.de oder, sofern Sie für die Verwaltung der
Grundsicherung für Arbeitsuchende nach dem Zweiten Buch Sozialgesetzbuch zuständig sind, im
Intranet der Bundesagentur für Arbeit finden. Sie können sich aber auch an die oben angegebene
Telefonnummer wenden.
Dieses Anschreiben wurde automatisch erstellt und ist ohne Unterschrift gültig.
 Anlage zu GZ: St Il 4 S 0229a KEVIZZ 2805579/25 (Bitte stets angeben)
Ergebnisse
zu der Anfrage von dem/der:
Gerichtsvollzieher
Christian Linner
vom:
28.11.2025
Ihr AZ:
DR 1082/25
mit folgenden Anhaltsdaten:
Name:
Nachname:
Korkmaz
Vorname:
Sinem
Geburtsdatum:
10.10.1998
Kontonummer:
Stadtsparkasse München
BAK-Nr.: 100607
Sparkassenstraße 2, 80331 München
Trefferanzahl: 2
Kontonummer: DE44701500003002965923
Errichtungsdatum: 07.01.2021
Kontoinfo:
Auflösungsdatum:
Kontoinhaber
Geburtsdatum
Seit
Bis
Sinem Altansoy
10.10.1998
07.01.2021
13.12.2023
Krokusstr. 71, 80689 München
Sinem Altansoy
10.10.1998
13.12.2023
08.01.2024
Bruderhofstr. 31, 81371 München
Sinem Korkmaz
10.10.1998
08.01.2024
Bruderhofstr. 31, 81371 München
Kontonummer: DE25701500001004373609
Errichtungsdatum: 29.07.2016
Kontoinfo:
Auflösungsdatum:
Kontoinhaber
Geburtsdatum
Seit
Bis
Sinem Altansoy
10.10.1998
29.07.2016
13.12.2023
Krokusstr. 71, 80689 München
Sinem Altansoy
10.10.1998
13.12.2023
08.01.2024
Bruderhofstr. 31, 81371 München
Sinem Korkmaz
10.10.1998
08.01.2024
Bruderhofstr. 31, 81371 München
Anfrage von Gerichtsvollzieher
Seite
1 von
2
Christian Linner (G09784) zu AZ DR 1082/25
 Anlage zu GZ: St Il 4 - S 0229a KEVIZZ 2805579/25 (Bitte stets angeben)
BNP Paribas S.A. Niederlassung Deutschland
BAK-Nr.: 108556
Senckenberganlage 19, 60325 Frankfurt
Trefferanzahl: 1
Kontonummer: DE62700203006059828891
Errichtungsdatum: 27.09.2024
Kontoinfo:
Auflösungsdatum:
Kontoinhaber
Geburtsdatum Seit
Bis
SINEM KORKMAZ
10.10.1998
21.05.2025
BRUDERHOFSTR. 31 81371 MÜNCHEN
SINEM KORKMAZ
10.10.1998
30.09.2024
20.05.2025
BRUDERHOFSTR. 31 81371 MÜNCHEN
Anfrage von Gerichtsvollzieher
Seite
2 von
2
Christian Linner (G09784) zu AZ DR 1082/25",drittauskunft,False,False,6c04d43f-e9b1-5060-a309-6e011d0966ee,238a5666-fa3d-5bdb-b21d-083701f6a179,385b3545abfb7b0113a51dde5a6f260e43767704356acf5fce9e7c7586c6e06f,s3://pair-data-engineering-new/ocr_prepared_output/385b3545abfb7b0113a51dde5a6f260e43767704356acf5fce9e7c7586c6e06f.json
data/aftercourt/drittauskunf_with_invoice/combined_pdf_DR_II_2104_25_Information_Kontenabrufersuchen-signed_Dokument_210425_10122025_14290520251211-311-swgzdk.pdf,"<page_1>
Anlage zu GZ: St Il 4 - S 0229a KEVIZZ 2809922/25 (Bitte stets angeben)
Ergebnisse
zu der Anfrage von dem/der:
Gerichtsvollzieherin
Mareike Hullmann
vom:
02.12.2025
Ihr AZ:
DR II 2104/25
mit folgenden Anhaltsdaten:
Name:
Nachname:
Kilic
Vorname:
Onur
Geburtsdatum:
08.01.2000
Kontonummer:
ING-DiBa AG
BAK-Nr.: 100088
Theodor-Heuss-Allee 2, 60486 Frankfurt am Main
Trefferanzahl: 3
Kontonummer: DE71500105175449039101
Errichtungsdatum: 18.09.2024
Kontoinfo:
Auflösungsdatum:
Kontoinhaber
Geburtsdatum Seit
Bis
Onur Kilic
08.01.2000
27.09.2024
Niehammerstr. 25 45327 Essen
Kontonummer: DE70500105175807889843
Errichtungsdatum: 20.09.2024
Kontoinfo:
Auflösungsdatum:
Kontoinhaber
Geburtsdatum Seit
Bis
Onur Kilic
08.01.2000
27.09.2024
Niehammerstr. 25 45327 Essen
Kontonummer: 8031380172
Errichtungsdatum: 25.09.2024
Kontoinfo:
Auflösungsdatum:
Kontoinhaber
Geburtsdatum Seit
Bis
Onur Kilic
08.01.2000
25.09.2024
Niehammerstr. 25 45327 Essen
Seite
1 von
5
<page_2>
Anlage zu GZ: St Il 4 - S 0229a KEVIZZ 2809922/25 (Bitte stets angeben)
BNP Paribas S.A. Niederlassung Deutschland
BAK-Nr.: 108556
Senckenberganlage 19, 60325 Frankfurt
Trefferanzahl: 2
Kontonummer: DE48700203004872026992
Errichtungsdatum: 28.12.2022
Kontoinfo:
Auflösungsdatum:
Kontoinhaber
Geburtsdatum Seit
Bis
ONUR KILIC
08.01.2000
21.05.2025
NIEHAMMERSTR. 25 45327 ESSEN
Kontonummer: DE75700203004872026991
Errichtungsdatum: 22.12.2022
Kontoinfo:
Auflösungsdatum:
Kontoinhaber
Geburtsdatum Seit
Bis
ONUR KILIC
08.01.2000
21.05.2025
NIEHAMMERSTR. 25 45327 ESSEN
flatexDEGIRO Bank AG
BAK-Nr.: 119766
Große Gallusstraße 18 (Omniturm), 60312 Frankfurt am Main
Trefferanzahl: 2
Kontonummer: 1059683721
Errichtungsdatum: 29.01.2025
Kontoinfo:
Auflösungsdatum:
Kontoinhaber
Geburtsdatum Seit
Bis
Onur Kilic
08.01.2000
29.01.2025
Niehammerstr. 25 45327 Essen Deutschland
Kontonummer: DE63101308001059683714
Errichtungsdatum: 29.01.2025
Kontoinfo:
Auflösungsdatum:
Kontoinhaber
Geburtsdatum
Seit
Bis
Onur Kilic
08.01.2000
29.01.2025
Niehammerstr. 25 45327 Essen Deutschland
Seite
2 von
5
<page_3>
Anlage zu GZ: St Il 4 - S 0229a KEVIZZ 2809922/25 (Bitte stets angeben)
Scalable Capital Bank GmbH
BAK-Nr.: 141823
Seitzstraße 8e, 80538 München
Trefferanzahl: 2
Kontonummer: DE17700105880755242214
Errichtungsdatum: 29.01.2025
Kontoinfo:
Auflösungsdatum:
Kontoinhaber
Geburtsdatum Seit
Bis
Onur Kilic
08.01.2000
29.01.2025
Niehammerstraße 25, 45327 Essen Deutschland
Kontonummer: 5190864193
Errichtungsdatum: 29.01.2025
Kontoinfo:
Auflösungsdatum:
Kontoinhaber
Geburtsdatum Seit
Bis
Onur Kilic
08.01.2000
29.01.2025
Niehammerstraße 25, 45327 Essen Deutschland
Solaris SE
BAK-Nr.: 143626
Cuvrystraße 53, 10997 Berlin
Trefferanzahl: 1
Kontonummer: DE03110101015492378380
Errichtungsdatum: 19.11.2022
Kontoinfo:
Auflösungsdatum:
Kontoinhaber
Geburtsdatum Seit
Bis
ONUR KILIC
08.01.2000
24.11.2022
Niehammerstr 25 45327 Essen DE
N26 Bank SE
BAK-Nr.: 145827
Voltairestraße 8, 10179 Berlin
Trefferanzahl: 5
Kontonummer: DE50100110012622952052
Errichtungsdatum: 07.04.2019
Kontoinfo:
Auflösungsdatum:
Kontoinhaber
Geburtsdatum
Seit
Bis
ONUR KILIC
08.01.2000
.
22.12.2019
NIEHAMMERSTRASSE 25 45327 ESSEN DEU
Verfügungsberechtigte
Geburtsdatum Seit
Bis
Seite
3 von
5
<page_4>
Anlage zu GZ: St Il 4 S 0229a KEVIZZ 2809922/25 (Bitte stets angeben)
MELEHAT KILIC
CANAN ZEAITER
Kontonummer: DE86100110012470504361
Errichtungsdatum: 17.07.2024
Kontoinfo:
Auflösungsdatum:
Kontoinhaber
Geburtsdatum
Seit
Bis
ONUR KILIC
08.01.2000
17.07.2024
NIEHAMMERSTRASSE 25 45327 ESSEN DEU
Kontonummer: DE52100110012240827306
Errichtungsdatum: 14.08.2024
Kontoinfo:
Auflösungsdatum:
Kontoinhaber
Geburtsdatum Seit
Bis
ONUR KILIC
08.01.2000
14.08.2024
NIEHAMMERSTRASSE 25 45327 ESSEN DEU
Kontonummer: DE06100110012026380340
Errichtungsdatum: 27.09.2024
Kontoinfo:
Auflösungsdatum:
Kontoinhaber
Geburtsdatum Seit
Bis
ONUR KILIC
08.01.2000
27.09.2024
NIEHAMMERSTRASSE 25 45327 ESSEN DEU
Kontonummer: DE06100110012026380340
Errichtungsdatum: 27.09.2024
Kontoinfo:
Auflösungsdatum:
Kontoinhaber
Geburtsdatum Seit
Bis
ONUR KILIC
08.01.2000
27.09.2024
NIEHAMMERSTRASSE 25 45327 ESSEN DEU
Trade Republic Bank GmbH
BAK-Nr.: 150368
Brunnenstraße 19 - 21, 10119 Berlin
Trefferanzahl: 2
Kontonummer: 0110238401
Errichtungsdatum: 29.08.2020
Kontoinfo:
Auflösungsdatum:
Kontoinhaber
Geburtsdatum Seit
Bis
Onur Kilic
08.01.2000
29.08.2020
Niehammerstraße 25, 45327 Essen DE
Seite
4 von
5
<page_5>
Anlage zu GZ: St Il 4 - S 0229a KEVIZZ 2809922/25 (Bitte stets angeben)
Kontonummer: DE42100123450110238401
Errichtungsdatum: 15.07.2024
Kontoinfo:
Auflösungsdatum:
Kontoinhaber
Geburtsdatum Seit
Bis
Onur Kilic
08.01.2000
15.07.2024
Niehammerstraße 25, 45327 Essen DE
Klarna Bank AB, German Branch
BAK-Nr.: 157210
Chausseestr. 117, 10115 Berlin
Trefferanzahl: 1
Kontonummer: DE96100103007383150575
Errichtungsdatum: 20.11.2022
Kontoinfo:
Auflösungsdatum:
Kontoinhaber
Geburtsdatum Seit
Bis
ONUR KILIC
08.01.2000
16.10.2025
Niehammerstr- 25 45327 Essen
bunq B.V. Niederlassung Deutschland
BAK-Nr.: 159131
Landsbergerstr. 302, 80687 München
Trefferanzahl: 2
Kontonummer: DE10370190001010968555
Errichtungsdatum: 12.08.2024
Kontoinfo:
Auflösungsdatum:
Kontoinhaber
Geburtsdatum Seit
Bis
Onur Kilic
08.01.2000
12.08.2024
Niehammerstr 25 45327 ESSEN GERMANY
Kontonummer: DE12370190001010967937
Errichtungsdatum: 12.08.2024
Kontoinfo:
Auflösungsdatum:
Kontoinhaber
Geburtsdatum Seit
Bis
Onur Kilic
08.01.2000
12.08.2024
Niehammerstr 25 45327 ESSEN GERMANY
Seite
5 von
5
<page_6>
M. Hullmann
In der Hagenbeck 50
Gerichtsvollzieherin
45143 Essen
Sprechstunden:
Mo.: 11:00 Uhr bis 12:00 Uhr
Mein Büro ist vom 29.12.2025 bis 02.01.2026
Do.: 09:00 Uhr bis 10:00 Uhr
und vom 19.01.2026 bis 30.01.2026
Mobil: 0176/45040171 (kein WhatsApp &
geschlossen!
keine SMS!)
EGVP-Nutzer-ID für ERV:
DE.Justiz.069c6317-2d8e-4252-a3e7-
Abs. GV'in Hullmann, In der Hagenbeck 50, 45143 Essen
50f8e97f7181.690f
Dienstkonto:
PAIR Finance GmbH
Empfänger: Mareike Hullmann
vertr. d. d. GF
Gerichtsvollzieher-Dienstkonto
Hardenbergstraße 32
IBAN: DE11 3605 0105 3846 34
10623 Berlin
BIC: SPESDE3EXXX
Bank: Sparkasse Essen
19 DR II 2104/25
Bitte bei Schreiben und Zahlungen angeben!
184503511547
Essen, 10.12.2025
Zwangsvollstreckungssache
Liquandum Capital II GmbH, vertr. d. d. GF, Knesebeckstraße 62-63, 10719 Berlin
vertreten durch: PAIR Finance GmbH, vertr. d. d. GF, Hardenbergstraße 32, 10623 Berlin, Az.184503511547
gegen
Herrn Onur Kilic, Niehammerstraße 25, 45327 Essen
Sehr geehrte Damen und Herren,
in obiger Sache ist der Schuldner zum Termin (Donnerstag, 27. November 2025, um 09:20 Uhr) zwecks Abgabe der
Vermögensauskunft nicht erschienen.
Anliegend erhalten Sie wie von Ihnen beantragt:
Auskunft vom Bundeszentralamt für Steuern
Daten, die für die Zwecke der Vollstreckung nicht erforderlich sind, wurden aus der Auskunft entfernt.
Die erlangten Angaben dürfen nur zu Vollstreckungszwecken verwendet werden. Nach Zweckerreichung
(insbesondere bei vollständiger Zahlung) sind die Daten zu löschen.
Die nachstehenden Kosten überweisen Sie bitte binnen zwei Wochen auf mein obiges Dienstkonto.
Mit freundlichen Grüßen
Kostenrechnung gem. GVKostG (KV=Kostenverzeichnis)
Allmann
KV102 Sonstige Zustellung
3,60 €
KV208 Versuch e. gütl. Erledigung
9,60 €
KV440 Einholung einer Auskunft
15,60 €
Hullmann
KV604(260) Nicht erl. Vermögensaus..
18,00 €
Gerichtsvollzieherin
KV701 Entgelte für Zustellungen (2x)
11,24€
beim Amtsgericht Essen
KV716 Auslagenpauschale
9,36 €
Summe
67,40 €
Kostenschuldner gem. §13 GVKostG ist Liquandum Capital II GmbH
Rechtsbehelfsbelehrung: Gegen diese Kostenrechnung kann Erinnerung bei dem Amtsgericht Essen, Zweigertstr. 52, 45130 Essen, schriftlich oder zu Protokoll der
Geschäftsstelle eingelegt werden. Der Rechtsbehelf kann auch als elektronisches Dokument eingereicht werden. Das elektronische Dokument muss für die
Bearbeitung durch das Gericht gemäß §§ 2 und 5 der Elektronischer-Rechtsverkehr-Verordnung ERVV) geeignet sein. Eine einfache E-Mail genügt den gesetzlichen
Anforderungen nicht. Rechtsbehelfe, die durch einen Rechtsanwalt, durch eine Behörde oder durch eine juristische Person des öffentlichen Rechts einschließlich der
von ihr zur Erfüllung ihrer öffentlichen Aufgaben gebildeten Zusammenschlüsse eingereicht werden, sind als elektronisches Dokument einzureichen. Das elektronische
Dokument muss
1. mit einer qualifizierten elektronischen Signatur der verantwortenden Person versehen sein und gemäß § 4 ERVV übermittelt werden, wobei mehrere elektronische
Dokumente nicht mit einer gemeinsamen qualifizierten elektronischen Signatur übermittelt werden dürfen, oder
2. von der verantwortenden Person signiert und auf einem der sicheren Übermittlungswege, die in § 130a Absatz 4 ZPO abschließend aufgeführt sind eingereicht
werden.
Informationen hierzu können über das Internetportal https://justiz.de/laender-bund-europa/elektronische_kommunikation/index.php aufgerufen werden.
Informationen zur Verarbeitung personenbezogener Daten in Rechtssachen durch die Justiz Nordrhein-Westfalen finden Sie unter
www.justiz.nrw/datenschutz/rechtssachen. Informationen in Papierform erhalten Sie gern auf Anfrage.
DR II 2104/25, Seite 1",True," Anlage zu GZ: St Il 4 - S 0229a KEVIZZ 2809922/25 (Bitte stets angeben)
Ergebnisse
zu der Anfrage von dem/der:
Gerichtsvollzieherin
Mareike Hullmann
vom:
02.12.2025
Ihr AZ:
DR II 2104/25
mit folgenden Anhaltsdaten:
Name:
Nachname:
Kilic
Vorname:
Onur
Geburtsdatum:
08.01.2000
Kontonummer:
ING-DiBa AG
BAK-Nr.: 100088
Theodor-Heuss-Allee 2, 60486 Frankfurt am Main
Trefferanzahl: 3
Kontonummer: DE71500105175449039101
Errichtungsdatum: 18.09.2024
Kontoinfo:
Auflösungsdatum:
Kontoinhaber
Geburtsdatum Seit
Bis
Onur Kilic
08.01.2000
27.09.2024
Niehammerstr. 25 45327 Essen
Kontonummer: DE70500105175807889843
Errichtungsdatum: 20.09.2024
Kontoinfo:
Auflösungsdatum:
Kontoinhaber
Geburtsdatum Seit
Bis
Onur Kilic
08.01.2000
27.09.2024
Niehammerstr. 25 45327 Essen
Kontonummer: 8031380172
Errichtungsdatum: 25.09.2024
Kontoinfo:
Auflösungsdatum:
Kontoinhaber
Geburtsdatum Seit
Bis
Onur Kilic
08.01.2000
25.09.2024
Niehammerstr. 25 45327 Essen
Seite
1 von
5
 Anlage zu GZ: St Il 4 - S 0229a KEVIZZ 2809922/25 (Bitte stets angeben)
BNP Paribas S.A. Niederlassung Deutschland
BAK-Nr.: 108556
Senckenberganlage 19, 60325 Frankfurt
Trefferanzahl: 2
Kontonummer: DE48700203004872026992
Errichtungsdatum: 28.12.2022
Kontoinfo:
Auflösungsdatum:
Kontoinhaber
Geburtsdatum Seit
Bis
ONUR KILIC
08.01.2000
21.05.2025
NIEHAMMERSTR. 25 45327 ESSEN
Kontonummer: DE75700203004872026991
Errichtungsdatum: 22.12.2022
Kontoinfo:
Auflösungsdatum:
Kontoinhaber
Geburtsdatum Seit
Bis
ONUR KILIC
08.01.2000
21.05.2025
NIEHAMMERSTR. 25 45327 ESSEN
flatexDEGIRO Bank AG
BAK-Nr.: 119766
Große Gallusstraße 18 (Omniturm), 60312 Frankfurt am Main
Trefferanzahl: 2
Kontonummer: 1059683721
Errichtungsdatum: 29.01.2025
Kontoinfo:
Auflösungsdatum:
Kontoinhaber
Geburtsdatum Seit
Bis
Onur Kilic
08.01.2000
29.01.2025
Niehammerstr. 25 45327 Essen Deutschland
Kontonummer: DE63101308001059683714
Errichtungsdatum: 29.01.2025
Kontoinfo:
Auflösungsdatum:
Kontoinhaber
Geburtsdatum
Seit
Bis
Onur Kilic
08.01.2000
29.01.2025
Niehammerstr. 25 45327 Essen Deutschland
Seite
2 von
5
 Anlage zu GZ: St Il 4 - S 0229a KEVIZZ 2809922/25 (Bitte stets angeben)
Scalable Capital Bank GmbH
BAK-Nr.: 141823
Seitzstraße 8e, 80538 München
Trefferanzahl: 2
Kontonummer: DE17700105880755242214
Errichtungsdatum: 29.01.2025
Kontoinfo:
Auflösungsdatum:
Kontoinhaber
Geburtsdatum Seit
Bis
Onur Kilic
08.01.2000
29.01.2025
Niehammerstraße 25, 45327 Essen Deutschland
Kontonummer: 5190864193
Errichtungsdatum: 29.01.2025
Kontoinfo:
Auflösungsdatum:
Kontoinhaber
Geburtsdatum Seit
Bis
Onur Kilic
08.01.2000
29.01.2025
Niehammerstraße 25, 45327 Essen Deutschland
Solaris SE
BAK-Nr.: 143626
Cuvrystraße 53, 10997 Berlin
Trefferanzahl: 1
Kontonummer: DE03110101015492378380
Errichtungsdatum: 19.11.2022
Kontoinfo:
Auflösungsdatum:
Kontoinhaber
Geburtsdatum Seit
Bis
ONUR KILIC
08.01.2000
24.11.2022
Niehammerstr 25 45327 Essen DE
N26 Bank SE
BAK-Nr.: 145827
Voltairestraße 8, 10179 Berlin
Trefferanzahl: 5
Kontonummer: DE50100110012622952052
Errichtungsdatum: 07.04.2019
Kontoinfo:
Auflösungsdatum:
Kontoinhaber
Geburtsdatum
Seit
Bis
ONUR KILIC
08.01.2000
.
22.12.2019
NIEHAMMERSTRASSE 25 45327 ESSEN DEU
Verfügungsberechtigte
Geburtsdatum Seit
Bis
Seite
3 von
5
 Anlage zu GZ: St Il 4 S 0229a KEVIZZ 2809922/25 (Bitte stets angeben)
MELEHAT KILIC
CANAN ZEAITER
Kontonummer: DE86100110012470504361
Errichtungsdatum: 17.07.2024
Kontoinfo:
Auflösungsdatum:
Kontoinhaber
Geburtsdatum
Seit
Bis
ONUR KILIC
08.01.2000
17.07.2024
NIEHAMMERSTRASSE 25 45327 ESSEN DEU
Kontonummer: DE52100110012240827306
Errichtungsdatum: 14.08.2024
Kontoinfo:
Auflösungsdatum:
Kontoinhaber
Geburtsdatum Seit
Bis
ONUR KILIC
08.01.2000
14.08.2024
NIEHAMMERSTRASSE 25 45327 ESSEN DEU
Kontonummer: DE06100110012026380340
Errichtungsdatum: 27.09.2024
Kontoinfo:
Auflösungsdatum:
Kontoinhaber
Geburtsdatum Seit
Bis
ONUR KILIC
08.01.2000
27.09.2024
NIEHAMMERSTRASSE 25 45327 ESSEN DEU
Kontonummer: DE06100110012026380340
Errichtungsdatum: 27.09.2024
Kontoinfo:
Auflösungsdatum:
Kontoinhaber
Geburtsdatum Seit
Bis
ONUR KILIC
08.01.2000
27.09.2024
NIEHAMMERSTRASSE 25 45327 ESSEN DEU
Trade Republic Bank GmbH
BAK-Nr.: 150368
Brunnenstraße 19 - 21, 10119 Berlin
Trefferanzahl: 2
Kontonummer: 0110238401
Errichtungsdatum: 29.08.2020
Kontoinfo:
Auflösungsdatum:
Kontoinhaber
Geburtsdatum Seit
Bis
Onur Kilic
08.01.2000
29.08.2020
Niehammerstraße 25, 45327 Essen DE
Seite
4 von
5
 Anlage zu GZ: St Il 4 - S 0229a KEVIZZ 2809922/25 (Bitte stets angeben)
Kontonummer: DE42100123450110238401
Errichtungsdatum: 15.07.2024
Kontoinfo:
Auflösungsdatum:
Kontoinhaber
Geburtsdatum Seit
Bis
Onur Kilic
08.01.2000
15.07.2024
Niehammerstraße 25, 45327 Essen DE
Klarna Bank AB, German Branch
BAK-Nr.: 157210
Chausseestr. 117, 10115 Berlin
Trefferanzahl: 1
Kontonummer: DE96100103007383150575
Errichtungsdatum: 20.11.2022
Kontoinfo:
Auflösungsdatum:
Kontoinhaber
Geburtsdatum Seit
Bis
ONUR KILIC
08.01.2000
16.10.2025
Niehammerstr- 25 45327 Essen
bunq B.V. Niederlassung Deutschland
BAK-Nr.: 159131
Landsbergerstr. 302, 80687 München
Trefferanzahl: 2
Kontonummer: DE10370190001010968555
Errichtungsdatum: 12.08.2024
Kontoinfo:
Auflösungsdatum:
Kontoinhaber
Geburtsdatum Seit
Bis
Onur Kilic
08.01.2000
12.08.2024
Niehammerstr 25 45327 ESSEN GERMANY
Kontonummer: DE12370190001010967937
Errichtungsdatum: 12.08.2024
Kontoinfo:
Auflösungsdatum:
Kontoinhaber
Geburtsdatum Seit
Bis
Onur Kilic
08.01.2000
12.08.2024
Niehammerstr 25 45327 ESSEN GERMANY
Seite
5 von
5
 M. Hullmann
In der Hagenbeck 50
Gerichtsvollzieherin
45143 Essen
Sprechstunden:
Mo.: 11:00 Uhr bis 12:00 Uhr
Mein Büro ist vom 29.12.2025 bis 02.01.2026
Do.: 09:00 Uhr bis 10:00 Uhr
und vom 19.01.2026 bis 30.01.2026
Mobil: 0176/45040171 (kein WhatsApp &
geschlossen!
keine SMS!)
EGVP-Nutzer-ID für ERV:
DE.Justiz.069c6317-2d8e-4252-a3e7-
Abs. GV'in Hullmann, In der Hagenbeck 50, 45143 Essen
50f8e97f7181.690f
Dienstkonto:
PAIR Finance GmbH
Empfänger: Mareike Hullmann
vertr. d. d. GF
Gerichtsvollzieher-Dienstkonto
Hardenbergstraße 32
IBAN: DE11 3605 0105 3846 34
10623 Berlin
BIC: SPESDE3EXXX
Bank: Sparkasse Essen
19 DR II 2104/25
Bitte bei Schreiben und Zahlungen angeben!
184503511547
Essen, 10.12.2025
Zwangsvollstreckungssache
Liquandum Capital II GmbH, vertr. d. d. GF, Knesebeckstraße 62-63, 10719 Berlin
vertreten durch: PAIR Finance GmbH, vertr. d. d. GF, Hardenbergstraße 32, 10623 Berlin, Az.184503511547
gegen
Herrn Onur Kilic, Niehammerstraße 25, 45327 Essen
Sehr geehrte Damen und Herren,
in obiger Sache ist der Schuldner zum Termin (Donnerstag, 27. November 2025, um 09:20 Uhr) zwecks Abgabe der
Vermögensauskunft nicht erschienen.
Anliegend erhalten Sie wie von Ihnen beantragt:
Auskunft vom Bundeszentralamt für Steuern
Daten, die für die Zwecke der Vollstreckung nicht erforderlich sind, wurden aus der Auskunft entfernt.
Die erlangten Angaben dürfen nur zu Vollstreckungszwecken verwendet werden. Nach Zweckerreichung
(insbesondere bei vollständiger Zahlung) sind die Daten zu löschen.
Die nachstehenden Kosten überweisen Sie bitte binnen zwei Wochen auf mein obiges Dienstkonto.
Mit freundlichen Grüßen
Kostenrechnung gem. GVKostG (KV=Kostenverzeichnis)
Allmann
KV102 Sonstige Zustellung
3,60 €
KV208 Versuch e. gütl. Erledigung
9,60 €
KV440 Einholung einer Auskunft
15,60 €
Hullmann
KV604(260) Nicht erl. Vermögensaus..
18,00 €
Gerichtsvollzieherin
KV701 Entgelte für Zustellungen (2x)
11,24€
beim Amtsgericht Essen
KV716 Auslagenpauschale
9,36 €
Summe
67,40 €
Kostenschuldner gem. §13 GVKostG ist Liquandum Capital II GmbH
Rechtsbehelfsbelehrung: Gegen diese Kostenrechnung kann Erinnerung bei dem Amtsgericht Essen, Zweigertstr. 52, 45130 Essen, schriftlich oder zu Protokoll der
Geschäftsstelle eingelegt werden. Der Rechtsbehelf kann auch als elektronisches Dokument eingereicht werden. Das elektronische Dokument muss für die
Bearbeitung durch das Gericht gemäß §§ 2 und 5 der Elektronischer-Rechtsverkehr-Verordnung ERVV) geeignet sein. Eine einfache E-Mail genügt den gesetzlichen
Anforderungen nicht. Rechtsbehelfe, die durch einen Rechtsanwalt, durch eine Behörde oder durch eine juristische Person des öffentlichen Rechts einschließlich der
von ihr zur Erfüllung ihrer öffentlichen Aufgaben gebildeten Zusammenschlüsse eingereicht werden, sind als elektronisches Dokument einzureichen. Das elektronische
Dokument muss
1. mit einer qualifizierten elektronischen Signatur der verantwortenden Person versehen sein und gemäß § 4 ERVV übermittelt werden, wobei mehrere elektronische
Dokumente nicht mit einer gemeinsamen qualifizierten elektronischen Signatur übermittelt werden dürfen, oder
2. von der verantwortenden Person signiert und auf einem der sicheren Übermittlungswege, die in § 130a Absatz 4 ZPO abschließend aufgeführt sind eingereicht
werden.
Informationen hierzu können über das Internetportal https://justiz.de/laender-bund-europa/elektronische_kommunikation/index.php aufgerufen werden.
Informationen zur Verarbeitung personenbezogener Daten in Rechtssachen durch die Justiz Nordrhein-Westfalen finden Sie unter
www.justiz.nrw/datenschutz/rechtssachen. Informationen in Papierform erhalten Sie gern auf Anfrage.
DR II 2104/25, Seite 1",drittauskunft,False,False,5a5eb696-42dc-5c79-b7fe-d729949ab720,d02cf7d3-9e98-504e-8d40-8d3665b8709c,d86a7149a0fd5c63d91f164e44069726b338098f6d99286aed8895c32f9e5eb2,s3://pair-data-engineering-new/ocr_prepared_output/d86a7149a0fd5c63d91f164e44069726b338098f6d99286aed8895c32f9e5eb2.json
data/aftercourt/drittauskunf_with_invoice/1_sammel120251217-310-5wcirs.pdf,"<page_1>
Gerichtsvollzieherin
Mozartstraße 57
V. Rupp
91052 Erlangen
Bürozeiten
Amtsgericht
Mo. 11.00 12.00 Uhr
Erlangen
Do. 09.00 10.00 Uhr
Telefon
09131/5 08 33 71
Mobil
0170/8 22 15 25
Abs.: GVin V. Rupp, Mozartstraße 57, 91052 Erlangen
Telefax
09131/6 84 48 86
Firma
E-Mail
Pair Finance GmbH
v.rupp@gvzpost.de
Knesebeckstraße 62-63
Dienstkonto
10719 Berlin
Empfänger: GVin V. Rupp
BBBank eG Erlangen
IBAN DE44 6609 0800 4391 20
BIC: GENODE61BBB
Mein Zeichen
Ihr Zeichen
3 DR 1065/25
140712843956
Erlangen, 16.12.2025
Bitte immer angeben!
Zwangsvollstreckungssache
Firma Liquandum Capital Il GmbH, Knesebeckstraße 62-63, 10719 Berlin
vertr. d.
Firma Pair Finance GmbH, Knesebeckstraße 62-63, 10719 Berlin, Tel. 030/34060295-0, Fax
030/34060295-1, E-Mail aftercourt@pairfinance.com
gegen
Herrn Richard Johann Christian Weißmann, 2. Stock, Isarstraße 47, 91052 Erlangen
Sehr geehrte Damen und Herren,
in oben genannter Zwangsvollstreckungssache teile ich Ihnen mit, dass der Schuldner zum Termin trotz
ordnungsgemäßer Ladung nicht erschienen ist.
Der Erlass eines Haftbefehls wurde von Ihnen nicht beantragt. Das Verfahren ist somit erledigt.
Nach Zweckerreichung sind erlangte Schuldnerdaten zu löschen.
Datenschutzhinweis: Personenbezogene Daten werden verarbeitet. Informationen erhalten Sie auf der Internetseite
des Amtsgerichts Erlangen ""https://www.justiz.bayern.de/gerichte-und-
behoerden/amtsgerichte/erlangen/datenschutz.php.
Bitte überweisen Sie die Kosten binnen 2 Wochen auf mein Dienstkonto.
Kostenrechnung GvKostG (KV=Kostenverzeichnis) in EUR V. 09.12.25
Mit freundlichen Grüßen
Nr. Bezeichnung
Betrag Anz. Gesamt
1
KV 102 Sonstige Zustellung
3,60 1
3,60
Rupp
2
KV 604 Nicht erled. Amtshandl.
18,00 1
18,00
zu 260
(V. Rupp)
3 KV 440 Auskunft BZSt
15,60 1
15,60
Gerichtsvollzieherin
4
KV 208 Versuch gütliche Erled.
9,60 1
9,60
beim Amtsgericht Erlangen
5
KV 701 Entgelt Zustellung
5,62 2
11,24
6
KV 716 Pauschale
9,36
7
Rechnungs- und Zahlungsbetrag
67,40
D. Kostenschuldn. ist Firma Liquandum Capital II GmbH.
Rechtsbehelfsbelehrung: Gegen diese Kostenrechnung kann Erinnerung
(zweckmäßig begründet) beim Amtsgericht Erlangen, Mozartstraße 57,
91052 Erlangen schriftlich oder zu Protokoll der Geschäftsstelle eingelegt
werden. Die Erinnerung kann als ein für die Bearbeitung durch das Gericht
gem. §§ 2 und 5 ERVV geeignetes elektronisches Dokument eingereicht
werden. Die verantwortende Person muss jedes Dokument mit einer
qualifizierten elektronischen Signatur (QES) versehen und gem. § 4 ERVV
oder signiert auf sicherem Übermittlungsweg gem. § 130a Abs. 4 ZPO
einreichen. Weitere Informationen unter www.justiz.de.
Seite 1
<page_2>
Gerichtsvollzieherin
Mozartstraße 57
V. Rupp
91052 Erlangen
Bürozeiten
Amtsgericht
Mo. 11.00 12.00 Uhr
Erlangen
Do. 09.00 10.00 Uhr
Telefon
09131/5 08 33 71
Mobil
0170/8 22 15 25
Abs.: GVin V. Rupp, Mozartstraße 57, 91052 Erlangen
Telefax
09131/6 84 48 86
Firma
E-Mail
Pair Finance GmbH
v.rupp@gvzpost.de
Knesebeckstraße 62-63
Dienstkonto
10719 Berlin
Empfänger: GVin V. Rupp
BBBank eG Erlangen
IBAN DE44 6609 0800 0001 4391 20
BIC: GENODE61BBB
Mein Zeichen
Ihr Zeichen
3 DR 1065/25
140712843956
Erlangen, 16.12.2025
Bitte immer angeben!
Zwangsvollstreckungssache
Firma Liquandum Capital II GmbH, Knesebeckstraße 62-63, 10719 Berlin
vertr. d.
Firma Pair Finance GmbH, Knesebeckstraße 62-63, 10719 Berlin, Tel. 030/34060295-0, Fax
030/34060295-1, E-Mail aftercourt@pairfinance.com
gegen
Herrn Richard Johann Christian Weißmann, 2. Stock, Isarstraße 47, 91052 Erlangen
Sehr geehrte Damen und Herren,
in O. g. Sache haben Sie mich beauftragt, eine Drittauskunft nach § 8021 ZPO beim Bundeszentralamt für Steuern
einzuholen.
Das Ergebnis teile ich Ihnen unter Übersendung einer Kopie der entsprechenden Stellen mit.
Ich weise Sie ausdrücklich darauf hin, dass die erlangten Daten nur zu Vollstreckungszwecken genutzt werden dürfen
und nach Zweckerreichung in dieser Sache zu löschen sind (§§ 802 I Abs. 3, 802 d Abs. 1 ZPO). Die Weiterleitung
dieser Daten an Dritte ist unzulässig..
Nach Zweckerreichung sind erlangte Schuldnerdaten zu löschen.
Datenschutzhinweis: Personenbezogene Daten werden verarbeitet. Informationen erhalten Sie auf der Internetseite
des Amtsgerichts Erlangen ""https://www.justiz.bayern.de/gerichte-und-
behoerden/amtsgerichte/erlangen/datenschutz.php
Mit freundlichen Grüßen
Rupp
(V. Rupp)
Gerichtsvollzieherin
beim Amtsgericht Erlangen
Seite 1
<page_3>
Bundeszentralamt
für Steuern
POSTANSCHRIFT
Bundeszentralamt für Steuern, 11055 Berlin
HAUSANSCHRIFT
DGZ-Ring 12, 13086 Berlin
BEARBEITET VON
Gerichtsvollzieherin
Viota Rupp
Steuerabteilung National
Kontenabrufverfahren
Mozartstraße 57
TEL
+49 (0) 2 28 40 6-3600
91052 Erlangen
FAX
+49 (0) 2 28 40 6-4408
E-MAIL
kontenabruf@bzst.bund.de
INTERNET
www.bzst.bund.de
BETREFF
Kontenabrufersuchen nach §§ 93, 93b Abgabenordnung (AO)
BEZUG
Ihr Kontenabrufersuchen vom 09.12.2025 AZ: DR 1065/25
ANLAGEN
1
GZ
St II 4 S 0229a KEVIZZ 2874231/25
(bei Antwort bitte angeben)
DATUM
11.12.2025
Ihr oben genanntes Kontenabrufersuchen ist im Rahmen des automatisierten Abrufs von
Kontoinformationen bearbeitet worden. Die Ergebnisse dieses Abrufs entnehmen Sie bitte der
nachfolgenden Anlage.
Bitte beachten Sie
dass die Verantwortung für die Zulässigkeit des Datenabrufs und die Datenübermittlung die
ersuchende Behörde trägt (§ 93b Abs. 3 AO),
die Informations- und Dokumentationspflichten gemäß § 93 Abs. 9 und 10 AO sowie den
Anwendungserlass zur Abgabenordnung (AEAO),
dass die Kontenstammdaten in der Datei nach § 24c Kreditwesengesetz (KWG) durch die
beteiligten Kreditinstitute vorgehalten werden. Ich kann deshalb keine Haftung dafür
übernehmen, dass die im Rahmen des Kontenabrufs mitgeteilten Daten vollständig und
inhaltlich korrekt sind.
Zum Inhalt des Ergebnisses bemerke ich folgendes:
Aufgrund der gesetzlichen Vorgabe der Unterscheidungsmerkmale in den von den Kreditinstituten
zu führenden Dateien kann die Identität der gemeldeten Personen immer nur im Hinblick auf die
Merkmale Name und Geburtsdatum für die Kontoinhaber und Verfügungsberechtigten bzw. Name
und Anschrift für die abweichend wirtschaftlich Berechtigten festgestellt werden. Insofern muss das
übermittelte Abrufergebnis trotz Übereinstimmung des Namens und des Geburtsdatums nicht
zwingend mit der von Ihnen abgefragten Person identisch sein. Das gilt auch für
Firmenbezeichnungen. Die auf dem Kontenabrufersuchen gleichwohl anzugebende Anschrift des
Kontoinhabers oder des Verfügungsberechtigten wird nicht in die Abfrage einbezogen.
<page_4>
Bundeszentralamt
für Steuern
Bei Rückfragen bitte ich Sie, zunächst die FAQ (häufige Fragen) zu beachten, die Sie auf der
Homepage des BZSt unter http://www.bzst.bund.de oder, sofern Sie für die Verwaltung der
Grundsicherung für Arbeitsuchende nach dem Zweiten Buch Sozialgesetzbuch zuständig sind, im
Intranet der Bundesagentur für Arbeit finden. Sie können sich aber auch an die oben angegebene
Telefonnummer wenden.
Dieses Anschreiben wurde automatisch erstellt und ist ohne Unterschrift gültig.
<page_5>
Anlage zu GZ: St Il 4 S 0229a KEVIZZ 2874231/25 (Bitte stets angeben)
Ergebnisse
zu der Anfrage von dem/der:
Gerichtsvollzieherin
Rupp
vom:
09.12.2025
Ihr AZ:
DR 1065/25
mit folgenden Anhaltsdaten:
Name:
Nachname:
Weißmann
Vorname:
Richard Johann
Geburtsdatum:
11.07.1946
Kontonummer:
COMMERZBANK Aktiengesellschaft
BAK-Nr.: 100005
Kaiserstraße 16 (Kaiserplatz), 60311 Frankfurt am Main
Trefferanzahl: 2
Kontonummer: DE32763400610829527100
Errichtungsdatum: 12.02.2016
Kontoinfo:
Auflösungsdatum:
Kontoinhaber
Geburtsdatum Seit
Bis
Richard Johann Christian Weißmann
11.07.1946
26.11.2019
Isarstr. 47 91052 Erlangen
Kontonummer: DE05763400610829527101
Errichtungsdatum: 07.06.2018
Kontoinfo:
Auflösungsdatum:
Kontoinhaber
Geburtsdatum Seit
Bis
Richard Johann Christian Weißmann
11.07.1946
26.11.2019
Isarstr. 47 91052 Erlangen
Anfrage von Gerichtsvollzieherin
Seite
1 von
1
Rupp (G09767) zu AZ DR 1065/25",True," Gerichtsvollzieherin
Mozartstraße 57
V. Rupp
91052 Erlangen
Bürozeiten
Amtsgericht
Mo. 11.00 12.00 Uhr
Erlangen
Do. 09.00 10.00 Uhr
Telefon
09131/5 08 33 71
Mobil
0170/8 22 15 25
Abs.: GVin V. Rupp, Mozartstraße 57, 91052 Erlangen
Telefax
09131/6 84 48 86
Firma
E-Mail
Pair Finance GmbH
v.rupp@gvzpost.de
Knesebeckstraße 62-63
Dienstkonto
10719 Berlin
Empfänger: GVin V. Rupp
BBBank eG Erlangen
IBAN DE44 6609 0800 4391 20
BIC: GENODE61BBB
Mein Zeichen
Ihr Zeichen
3 DR 1065/25
140712843956
Erlangen, 16.12.2025
Bitte immer angeben!
Zwangsvollstreckungssache
Firma Liquandum Capital Il GmbH, Knesebeckstraße 62-63, 10719 Berlin
vertr. d.
Firma Pair Finance GmbH, Knesebeckstraße 62-63, 10719 Berlin, Tel. 030/34060295-0, Fax
030/34060295-1, E-Mail aftercourt@pairfinance.com
gegen
Herrn Richard Johann Christian Weißmann, 2. Stock, Isarstraße 47, 91052 Erlangen
Sehr geehrte Damen und Herren,
in oben genannter Zwangsvollstreckungssache teile ich Ihnen mit, dass der Schuldner zum Termin trotz
ordnungsgemäßer Ladung nicht erschienen ist.
Der Erlass eines Haftbefehls wurde von Ihnen nicht beantragt. Das Verfahren ist somit erledigt.
Nach Zweckerreichung sind erlangte Schuldnerdaten zu löschen.
Datenschutzhinweis: Personenbezogene Daten werden verarbeitet. Informationen erhalten Sie auf der Internetseite
des Amtsgerichts Erlangen ""https://www.justiz.bayern.de/gerichte-und-
behoerden/amtsgerichte/erlangen/datenschutz.php.
Bitte überweisen Sie die Kosten binnen 2 Wochen auf mein Dienstkonto.
Kostenrechnung GvKostG (KV=Kostenverzeichnis) in EUR V. 09.12.25
Mit freundlichen Grüßen
Nr. Bezeichnung
Betrag Anz. Gesamt
1
KV 102 Sonstige Zustellung
3,60 1
3,60
Rupp
2
KV 604 Nicht erled. Amtshandl.
18,00 1
18,00
zu 260
(V. Rupp)
3 KV 440 Auskunft BZSt
15,60 1
15,60
Gerichtsvollzieherin
4
KV 208 Versuch gütliche Erled.
9,60 1
9,60
beim Amtsgericht Erlangen
5
KV 701 Entgelt Zustellung
5,62 2
11,24
6
KV 716 Pauschale
9,36
7
Rechnungs- und Zahlungsbetrag
67,40
D. Kostenschuldn. ist Firma Liquandum Capital II GmbH.
Rechtsbehelfsbelehrung: Gegen diese Kostenrechnung kann Erinnerung
(zweckmäßig begründet) beim Amtsgericht Erlangen, Mozartstraße 57,
91052 Erlangen schriftlich oder zu Protokoll der Geschäftsstelle eingelegt
werden. Die Erinnerung kann als ein für die Bearbeitung durch das Gericht
gem. §§ 2 und 5 ERVV geeignetes elektronisches Dokument eingereicht
werden. Die verantwortende Person muss jedes Dokument mit einer
qualifizierten elektronischen Signatur (QES) versehen und gem. § 4 ERVV
oder signiert auf sicherem Übermittlungsweg gem. § 130a Abs. 4 ZPO
einreichen. Weitere Informationen unter www.justiz.de.
Seite 1
 Gerichtsvollzieherin
Mozartstraße 57
V. Rupp
91052 Erlangen
Bürozeiten
Amtsgericht
Mo. 11.00 12.00 Uhr
Erlangen
Do. 09.00 10.00 Uhr
Telefon
09131/5 08 33 71
Mobil
0170/8 22 15 25
Abs.: GVin V. Rupp, Mozartstraße 57, 91052 Erlangen
Telefax
09131/6 84 48 86
Firma
E-Mail
Pair Finance GmbH
v.rupp@gvzpost.de
Knesebeckstraße 62-63
Dienstkonto
10719 Berlin
Empfänger: GVin V. Rupp
BBBank eG Erlangen
IBAN DE44 6609 0800 0001 4391 20
BIC: GENODE61BBB
Mein Zeichen
Ihr Zeichen
3 DR 1065/25
140712843956
Erlangen, 16.12.2025
Bitte immer angeben!
Zwangsvollstreckungssache
Firma Liquandum Capital II GmbH, Knesebeckstraße 62-63, 10719 Berlin
vertr. d.
Firma Pair Finance GmbH, Knesebeckstraße 62-63, 10719 Berlin, Tel. 030/34060295-0, Fax
030/34060295-1, E-Mail aftercourt@pairfinance.com
gegen
Herrn Richard Johann Christian Weißmann, 2. Stock, Isarstraße 47, 91052 Erlangen
Sehr geehrte Damen und Herren,
in O. g. Sache haben Sie mich beauftragt, eine Drittauskunft nach § 8021 ZPO beim Bundeszentralamt für Steuern
einzuholen.
Das Ergebnis teile ich Ihnen unter Übersendung einer Kopie der entsprechenden Stellen mit.
Ich weise Sie ausdrücklich darauf hin, dass die erlangten Daten nur zu Vollstreckungszwecken genutzt werden dürfen
und nach Zweckerreichung in dieser Sache zu löschen sind (§§ 802 I Abs. 3, 802 d Abs. 1 ZPO). Die Weiterleitung
dieser Daten an Dritte ist unzulässig..
Nach Zweckerreichung sind erlangte Schuldnerdaten zu löschen.
Datenschutzhinweis: Personenbezogene Daten werden verarbeitet. Informationen erhalten Sie auf der Internetseite
des Amtsgerichts Erlangen ""https://www.justiz.bayern.de/gerichte-und-
behoerden/amtsgerichte/erlangen/datenschutz.php
Mit freundlichen Grüßen
Rupp
(V. Rupp)
Gerichtsvollzieherin
beim Amtsgericht Erlangen
Seite 1
 Bundeszentralamt
für Steuern
POSTANSCHRIFT
Bundeszentralamt für Steuern, 11055 Berlin
HAUSANSCHRIFT
DGZ-Ring 12, 13086 Berlin
BEARBEITET VON
Gerichtsvollzieherin
Viota Rupp
Steuerabteilung National
Kontenabrufverfahren
Mozartstraße 57
TEL
+49 (0) 2 28 40 6-3600
91052 Erlangen
FAX
+49 (0) 2 28 40 6-4408
E-MAIL
kontenabruf@bzst.bund.de
INTERNET
www.bzst.bund.de
BETREFF
Kontenabrufersuchen nach §§ 93, 93b Abgabenordnung (AO)
BEZUG
Ihr Kontenabrufersuchen vom 09.12.2025 AZ: DR 1065/25
ANLAGEN
1
GZ
St II 4 S 0229a KEVIZZ 2874231/25
(bei Antwort bitte angeben)
DATUM
11.12.2025
Ihr oben genanntes Kontenabrufersuchen ist im Rahmen des automatisierten Abrufs von
Kontoinformationen bearbeitet worden. Die Ergebnisse dieses Abrufs entnehmen Sie bitte der
nachfolgenden Anlage.
Bitte beachten Sie
dass die Verantwortung für die Zulässigkeit des Datenabrufs und die Datenübermittlung die
ersuchende Behörde trägt (§ 93b Abs. 3 AO),
die Informations- und Dokumentationspflichten gemäß § 93 Abs. 9 und 10 AO sowie den
Anwendungserlass zur Abgabenordnung (AEAO),
dass die Kontenstammdaten in der Datei nach § 24c Kreditwesengesetz (KWG) durch die
beteiligten Kreditinstitute vorgehalten werden. Ich kann deshalb keine Haftung dafür
übernehmen, dass die im Rahmen des Kontenabrufs mitgeteilten Daten vollständig und
inhaltlich korrekt sind.
Zum Inhalt des Ergebnisses bemerke ich folgendes:
Aufgrund der gesetzlichen Vorgabe der Unterscheidungsmerkmale in den von den Kreditinstituten
zu führenden Dateien kann die Identität der gemeldeten Personen immer nur im Hinblick auf die
Merkmale Name und Geburtsdatum für die Kontoinhaber und Verfügungsberechtigten bzw. Name
und Anschrift für die abweichend wirtschaftlich Berechtigten festgestellt werden. Insofern muss das
übermittelte Abrufergebnis trotz Übereinstimmung des Namens und des Geburtsdatums nicht
zwingend mit der von Ihnen abgefragten Person identisch sein. Das gilt auch für
Firmenbezeichnungen. Die auf dem Kontenabrufersuchen gleichwohl anzugebende Anschrift des
Kontoinhabers oder des Verfügungsberechtigten wird nicht in die Abfrage einbezogen.
 Bundeszentralamt
für Steuern
Bei Rückfragen bitte ich Sie, zunächst die FAQ (häufige Fragen) zu beachten, die Sie auf der
Homepage des BZSt unter http://www.bzst.bund.de oder, sofern Sie für die Verwaltung der
Grundsicherung für Arbeitsuchende nach dem Zweiten Buch Sozialgesetzbuch zuständig sind, im
Intranet der Bundesagentur für Arbeit finden. Sie können sich aber auch an die oben angegebene
Telefonnummer wenden.
Dieses Anschreiben wurde automatisch erstellt und ist ohne Unterschrift gültig.
 Anlage zu GZ: St Il 4 S 0229a KEVIZZ 2874231/25 (Bitte stets angeben)
Ergebnisse
zu der Anfrage von dem/der:
Gerichtsvollzieherin
Rupp
vom:
09.12.2025
Ihr AZ:
DR 1065/25
mit folgenden Anhaltsdaten:
Name:
Nachname:
Weißmann
Vorname:
Richard Johann
Geburtsdatum:
11.07.1946
Kontonummer:
COMMERZBANK Aktiengesellschaft
BAK-Nr.: 100005
Kaiserstraße 16 (Kaiserplatz), 60311 Frankfurt am Main
Trefferanzahl: 2
Kontonummer: DE32763400610829527100
Errichtungsdatum: 12.02.2016
Kontoinfo:
Auflösungsdatum:
Kontoinhaber
Geburtsdatum Seit
Bis
Richard Johann Christian Weißmann
11.07.1946
26.11.2019
Isarstr. 47 91052 Erlangen
Kontonummer: DE05763400610829527101
Errichtungsdatum: 07.06.2018
Kontoinfo:
Auflösungsdatum:
Kontoinhaber
Geburtsdatum Seit
Bis
Richard Johann Christian Weißmann
11.07.1946
26.11.2019
Isarstr. 47 91052 Erlangen
Anfrage von Gerichtsvollzieherin
Seite
1 von
1
Rupp (G09767) zu AZ DR 1065/25",drittauskunft,False,False,688ff55a-847d-553d-9ccf-49d8a4952480,ddec9621-abfc-5930-9e29-5bcc4214c576,b64212be8a46358e539acd3435ea5c5b52461256f03a103cadfef1275d488e22,s3://pair-data-engineering-new/ocr_prepared_output/b64212be8a46358e539acd3435ea5c5b52461256f03a103cadfef1275d488e22.json
data/aftercourt/drittauskunf_with_invoice/1_dr_ii_1239_25_z2_bermittlung_drittausknfte_mit_kr20260226-295-qj184b (1).pdf,"<page_1>
Gerichtsvollzieherin
Waldhofer Straße 17
Katrin Bizer
69123 Heidelberg
Bürozeiten
Amtsgericht
DI. 09:30 10:30 Uhr
Heidelberg
DO. 09:30 10:30 Uhr
Telefon
0157 35729179
Dienstkonto
IBAN DE84 6609 0800 0008 3708 93
GVin Bizer, Waldhofer Str. 17, 69123 Heidelberg
BIC GENODE61BBB
PAIR Finance GmbH
E-Mail
vert. d. d. GF
Katrin.Bizer@agheidelberg.justiz.bwl.de
Knesebeckstraße 62-63
10719 Berlin
Mein Zeichen
Ihr Zeichen
1 DR II 1239/25
178943546162
Heidelberg, 25.02.2026
Bitte immer angeben!
Das Büro ist vom 09.03.2026 bis einschließlich 20.03.2026 geschlossen!
Zwangsvollstreckungssache
Liquandum Capital II GmbH, Knesebeckstraße 62-63, 10719 Berlin
vertr. d.
PAIR Finance GmbH, Knesebeckstraße 62-63, 10719 Berlin
gegen
Herrn Fatih Kandoğmuş, Gerberstraße 13, 68535 Edingen-Neckarhausen
Sehr geehrte Damen und Herren,
in oben genannter Sache ist d. Schuld. dem Termin zur Abgabe der Vermögensauskunft, trotz ordnungsgemäßer
Ladung, unentschuldigt ferngeblieben.
D. Sch. wurde gemäß § 882c ZPO in das zentrale Schuldnerverzeichnis eingetragen.
Antragsgemäß wurden die Drittauskünfte gem. § 8021 ZPO eingeholt. Das Ergebnis erhalten Sie anliegend übersandt.
Ich weise Sie ausdrücklich darauf hin, dass die erlangten Daten nur zu Vollstreckungszwecken genutzt werden dürfen
und nach Zweckerreichung in dieser Sache zu löschen sind (§§ 802 Abs. 3, 802 d Abs. 1 ZPO). Die Weiterleitung
dieser Daten an Dritte ist unzulässig
Nach Zweckerreichung sind erlangte Schuldnerdaten zu löschen.
Informationen zum Schutz personenbezogener Daten bei deren Verarbeitung durch die Justiz nach Artikel 13 und Artikel 14 der Europäischen
Datenschutz-Grundverordnung finden sich auf der Internetseite des Gerichts.
Die entstandenen Kosten bitte ich auf mein Dienstkonto zu überweisen. GiroCode 67,40 €.
Kostenrechnung GvKostG (KV=Kostenverzeichnis) in EUR v. 25.02.26
Mit freundlichen Grüßen
Nr. Bezeichnung
Betrag Anz. Gesamt
1
KV 102 Sonstige Zustellung
3,60 1
3,60
2
KV 604 Nicht erled. Amtshandl.
18,00 1
18,00
zu KV 260
(Katrin Bizer)
3
KV 208 Versuch gütliche Erled.
9,60 1
9,60
Gerichtsvollzieherin
4 KV 440 Auskunft BZSt
15,60 1
15,60
beim Amtsgericht Heidelberg
5
KV 701 Entgelt Zustellung
5,62 2
11,24
6
KV 716 Pauschale
9,36
7
Rechnungs- und Zahlungsbetrag
67,40
D. Kostenschuldn. ist Liquandum Capital II GmbH.
Rechtsbehelfsbelehrung: Gegen diese Kostenrechnung kann Erinnerung
(zweckmäßig begründet) beim Amtsgericht Heidelberg, Kurfürsten-Anlage
15, 69115 Heidelberg,schriftlich oder zu Protokoll der Geschäftsstelle
eingelegt werden. Die Erinnerung kann als ein für die Bearbeitung durch
das Gericht gem. §§ 2 und 5 ERVV geeignetes elektronisches Dokument
eingereicht werden. Die verantwortende Person muss jedes Dokument mit
einer qualifizierten elektronischen Signatur (QES) versehen und gem. § 4
ERVV oder signiert auf sicherem Übermittlungsweg gem. § 130a Abs. 4
ZPO einreichen. Weitere Informationen unter www.justiz.de.
Seite 1
<page_2>
Anlage zu GZ: St II 4 - S 0229a KEVIZZ 243278/26 (Bitte stets angeben)
Ergebnisse
zu der Anfrage von dem/der:
Gerichtsvollzieherin
Katrin Bizer
vom:
27.01.2026
Ihr AZ:
DR II 1239/25
mit folgenden Anhaltsdaten:
Name:
Nachname:
Kandogmus
Vorname:
Fatih
Geburtsdatum:
31.08.1992
Kontonummer:
Sparkasse Rhein Neckar Nord
BAK-Nr.: 100516
D 1, 1 - 3, 68159 Mannheim
Trefferanzahl: 5
Kontonummer: DE67670505050040276203
Errichtungsdatum: 03.04.2023
Kontoinfo:
Auflösungsdatum:
Kontoinhaber
Geburtsdatum
Seit
Bis
I + K Estrichbau GmbH
03.04.2023
Gerberstr. 13, 68535 Edingen-Neckarhausen
Verfügungsberechtigte
Geburtsdatum
Seit
Bis
Fatih Kandogmus
31.08.1992
03.04.2023
Gerberstr. 13, 68535 Edingen-Neckarhausen
Wirtschaftlich Berechtigte
Seit
Bis
Fatih Kandogmus
03.04.2023
Gerberstr. 13, 68535 Edingen-Neckarhausen
Kontonummer: DE55670505050039970287
Errichtungsdatum: 27.05.2020
Kontoinfo:
Auflösungsdatum:
Kontoinhaber
Geburtsdatum
Seit
Bis
Fatih Kandogmus
31.08.1992
27.05.2020
Gerberstr. 13, 68535 Edingen-Neckarhausen
Kontonummer: DE56670505056044205570
Errichtungsdatum: 10.06.2020
Kontoinfo:
Auflösungsdatum:
Kontoinhaber
Geburtsdatum
Seit
Bis
Fatih Kandogmus
31.08.1992
10.06.2020
Gerberstr. 13, 68535 Edingen-Neckarhausen
Anfrage von Gerichtsvollzieherin
Seite
1 von
4
Katrin Bizer (G08858) zu AZ DR II 1239/25
<page_3>
Anlage zu GZ: St II 4 - S 0229a KEVIZZ 243278/26 (Bitte stets angeben)
Kontonummer: DE60670505050040081844
Errichtungsdatum: 18.08.2021
Kontoinfo:
Auflösungsdatum:
Kontoinhaber
Geburtsdatum
Seit
Bis
Fatih Kandogmus
31.08.1992
18.08.2021
Gerberstr. 13, 68535 Edingen-Neckarhausen
Zehranur Kandogmus
06.05.1994
27.08.2021
Gerberstr. 13, 68535 Edingen-Neckarhausen
Kontonummer: DE51670505056044227000
Errichtungsdatum: 19.08.2021
Kontoinfo:
Auflösungsdatum:
Kontoinhaber
Geburtsdatum
Seit
Bis
Fatih Kandogmus
31.08.1992
19.08.2021
Gerberstr. 13, 68535 Edingen-Neckarhausen
Zehranur Kandogmus
06.05.1994
27.08.2021
Gerberstr. 13, 68535 Edingen-Neckarhausen
VR Bank Rhein-Neckar eG
BAK-Nr.: 102105
Augustaanlage 61, 68165 Mannheim
Trefferanzahl: 1
Kontonummer: DE80670900003400389135
Errichtungsdatum: 24.07.2020
Kontoinfo:
Auflösungsdatum:
Kontoinhaber
Geburtsdatum Seit
Bis
I+ K Estrichbau GmbH
24.07.2020
Gerberstr. 13 68535 Edingen-Neckarhausen
Verfügungsberechtigte
Geburtsdatum
Seit
Bis
19.02.2021
16.09.2024
Fatih Kandogmus
Gerberstr. 13 68535 Edingen-Neckarhausen
31.08.1992
24.07.2020
24.07.2020
16.09.2024
Wirtschaftlich Berechtigte
Seit
Bis
Fatih Kandogmus
24.07.2020
Gerberstr. 13 68535 Edingen-Neckarhausen
Anfrage von Gerichtsvollzieherin
Seite
2 von
4
Katrin Bizer (G08858) zu AZ DR II 1239/25
<page_4>
Anlage zu GZ: St II 4 - S 0229a KEVIZZ 243278/26 (Bitte stets angeben)
CreditPlus Bank Aktiengesellschaft
BAK-Nr.: 104127
Augustenstraße 7, 70178 Stuttgart
Trefferanzahl: 1
Kontonummer: DE49600306004001297870
Errichtungsdatum: 12.10.2022
Kontoinfo:
Auflösungsdatum:
Kontoinhaber
Geburtsdatum Seit
Bis
Fatih Kandogmus
31.08.1992
12.10.2022
Gerberstraße 13, 68535 Edingen-Neckarhausen
Deutschland
Fatih Kandogmus
31.08.1992
21.08.2024
11.12.2024
68535 Edingen-Neckarhausen Deutschland
Bausparkasse Schwäbisch Hall Aktiengesellschaft Bausparkasse
BAK-Nr.: 105625
der Volksbanken und Raiffeisenbanken
Crailsheimer Straße 52, 74523 Schwäbisch Hall
Trefferanzahl: 1
Kontonummer: 1391529802
Errichtungsdatum: 14.10.2009
Kontoinfo:
Auflösungsdatum:
Kontoinhaber
Geburtsdatum Seit
Bis
Fatih Kandogmus
31.08.1992
14.10.2009
Gerberstr. 13 68535 Edingen-Neckarhausen
LBS Landesbausparkasse Süd
BAK-Nr.: 105627
Jägerstraße 36, 70174 Stuttgart
Trefferanzahl: 1
Kontonummer: 9025533424
Errichtungsdatum: 22.05.2020
Kontoinfo:
Auflösungsdatum:
Kontoinhaber
Geburtsdatum Seit
Bis
Fatih Kandogmus
31.08.1992
22.05.2020
Gerberstr. 13, 68535 Edingen-Neckarhausen DE
Anfrage von Gerichtsvollzieherin
Seite
3 von
4
Katrin Bizer (G08858) zu AZ DR II 1239/25
<page_5>
Anlage zu GZ: St II 4 - S 0229a KEVIZZ 243278/26 (Bitte stets angeben)
Baader Bank Aktiengesellschaft
BAK-Nr.: 109664
Weihenstephaner Straße 4, 85716 Unterschleißheim
Trefferanzahl: 2
Kontonummer: DE43700331004939891000
Errichtungsdatum: 07.11.2024
Kontoinfo:
Auflösungsdatum:
Kontoinhaber
Geburtsdatum Seit
Bis
Fatih Kandogmus
31.08.1992
07.11.2024
11.11.2024
Gerberstr. 13 68535 Edingen-Neckarhausen
Deutschland
Fatih Kandogmus
31.08.1992
11.11.2024
Gerberstr. 13 68535 Edingen-Neckarhausen
Deutschland
Verfügungsberechtigte
Geburtsdatum Seit
Bis
07.11.2024
Kontonummer: K4939891001
Errichtungsdatum: 07.11.2024
Kontoinfo:
Auflösungsdatum:
Kontoinhaber
Geburtsdatum Seit
Bis
Fatih Kandogmus
31.08.1992
07.11.2024
11.11.2024
Gerberstr. 13 68535 Edingen-Neckarhausen
Deutschland
Fatih Kandogmus
31.08.1992
11.11.2024
Gerberstr. 13 68535 Edingen-Neckarhausen
Deutschland
Verfügungsberechtigte
Geburtsdatum Seit
Bis
07.11.2024
Anfrage von Gerichtsvollzieherin
Seite
4 von
4
Katrin Bizer (G08858) zu AZ DR II 1239/25",True," Gerichtsvollzieherin
Waldhofer Straße 17
Katrin Bizer
69123 Heidelberg
Bürozeiten
Amtsgericht
DI. 09:30 10:30 Uhr
Heidelberg
DO. 09:30 10:30 Uhr
Telefon
0157 35729179
Dienstkonto
IBAN DE84 6609 0800 0008 3708 93
GVin Bizer, Waldhofer Str. 17, 69123 Heidelberg
BIC GENODE61BBB
PAIR Finance GmbH
E-Mail
vert. d. d. GF
Katrin.Bizer@agheidelberg.justiz.bwl.de
Knesebeckstraße 62-63
10719 Berlin
Mein Zeichen
Ihr Zeichen
1 DR II 1239/25
178943546162
Heidelberg, 25.02.2026
Bitte immer angeben!
Das Büro ist vom 09.03.2026 bis einschließlich 20.03.2026 geschlossen!
Zwangsvollstreckungssache
Liquandum Capital II GmbH, Knesebeckstraße 62-63, 10719 Berlin
vertr. d.
PAIR Finance GmbH, Knesebeckstraße 62-63, 10719 Berlin
gegen
Herrn Fatih Kandoğmuş, Gerberstraße 13, 68535 Edingen-Neckarhausen
Sehr geehrte Damen und Herren,
in oben genannter Sache ist d. Schuld. dem Termin zur Abgabe der Vermögensauskunft, trotz ordnungsgemäßer
Ladung, unentschuldigt ferngeblieben.
D. Sch. wurde gemäß § 882c ZPO in das zentrale Schuldnerverzeichnis eingetragen.
Antragsgemäß wurden die Drittauskünfte gem. § 8021 ZPO eingeholt. Das Ergebnis erhalten Sie anliegend übersandt.
Ich weise Sie ausdrücklich darauf hin, dass die erlangten Daten nur zu Vollstreckungszwecken genutzt werden dürfen
und nach Zweckerreichung in dieser Sache zu löschen sind (§§ 802 Abs. 3, 802 d Abs. 1 ZPO). Die Weiterleitung
dieser Daten an Dritte ist unzulässig
Nach Zweckerreichung sind erlangte Schuldnerdaten zu löschen.
Informationen zum Schutz personenbezogener Daten bei deren Verarbeitung durch die Justiz nach Artikel 13 und Artikel 14 der Europäischen
Datenschutz-Grundverordnung finden sich auf der Internetseite des Gerichts.
Die entstandenen Kosten bitte ich auf mein Dienstkonto zu überweisen. GiroCode 67,40 €.
Kostenrechnung GvKostG (KV=Kostenverzeichnis) in EUR v. 25.02.26
Mit freundlichen Grüßen
Nr. Bezeichnung
Betrag Anz. Gesamt
1
KV 102 Sonstige Zustellung
3,60 1
3,60
2
KV 604 Nicht erled. Amtshandl.
18,00 1
18,00
zu KV 260
(Katrin Bizer)
3
KV 208 Versuch gütliche Erled.
9,60 1
9,60
Gerichtsvollzieherin
4 KV 440 Auskunft BZSt
15,60 1
15,60
beim Amtsgericht Heidelberg
5
KV 701 Entgelt Zustellung
5,62 2
11,24
6
KV 716 Pauschale
9,36
7
Rechnungs- und Zahlungsbetrag
67,40
D. Kostenschuldn. ist Liquandum Capital II GmbH.
Rechtsbehelfsbelehrung: Gegen diese Kostenrechnung kann Erinnerung
(zweckmäßig begründet) beim Amtsgericht Heidelberg, Kurfürsten-Anlage
15, 69115 Heidelberg,schriftlich oder zu Protokoll der Geschäftsstelle
eingelegt werden. Die Erinnerung kann als ein für die Bearbeitung durch
das Gericht gem. §§ 2 und 5 ERVV geeignetes elektronisches Dokument
eingereicht werden. Die verantwortende Person muss jedes Dokument mit
einer qualifizierten elektronischen Signatur (QES) versehen und gem. § 4
ERVV oder signiert auf sicherem Übermittlungsweg gem. § 130a Abs. 4
ZPO einreichen. Weitere Informationen unter www.justiz.de.
Seite 1
 Anlage zu GZ: St II 4 - S 0229a KEVIZZ 243278/26 (Bitte stets angeben)
Ergebnisse
zu der Anfrage von dem/der:
Gerichtsvollzieherin
Katrin Bizer
vom:
27.01.2026
Ihr AZ:
DR II 1239/25
mit folgenden Anhaltsdaten:
Name:
Nachname:
Kandogmus
Vorname:
Fatih
Geburtsdatum:
31.08.1992
Kontonummer:
Sparkasse Rhein Neckar Nord
BAK-Nr.: 100516
D 1, 1 - 3, 68159 Mannheim
Trefferanzahl: 5
Kontonummer: DE67670505050040276203
Errichtungsdatum: 03.04.2023
Kontoinfo:
Auflösungsdatum:
Kontoinhaber
Geburtsdatum
Seit
Bis
I + K Estrichbau GmbH
03.04.2023
Gerberstr. 13, 68535 Edingen-Neckarhausen
Verfügungsberechtigte
Geburtsdatum
Seit
Bis
Fatih Kandogmus
31.08.1992
03.04.2023
Gerberstr. 13, 68535 Edingen-Neckarhausen
Wirtschaftlich Berechtigte
Seit
Bis
Fatih Kandogmus
03.04.2023
Gerberstr. 13, 68535 Edingen-Neckarhausen
Kontonummer: DE55670505050039970287
Errichtungsdatum: 27.05.2020
Kontoinfo:
Auflösungsdatum:
Kontoinhaber
Geburtsdatum
Seit
Bis
Fatih Kandogmus
31.08.1992
27.05.2020
Gerberstr. 13, 68535 Edingen-Neckarhausen
Kontonummer: DE56670505056044205570
Errichtungsdatum: 10.06.2020
Kontoinfo:
Auflösungsdatum:
Kontoinhaber
Geburtsdatum
Seit
Bis
Fatih Kandogmus
31.08.1992
10.06.2020
Gerberstr. 13, 68535 Edingen-Neckarhausen
Anfrage von Gerichtsvollzieherin
Seite
1 von
4
Katrin Bizer (G08858) zu AZ DR II 1239/25
 Anlage zu GZ: St II 4 - S 0229a KEVIZZ 243278/26 (Bitte stets angeben)
Kontonummer: DE60670505050040081844
Errichtungsdatum: 18.08.2021
Kontoinfo:
Auflösungsdatum:
Kontoinhaber
Geburtsdatum
Seit
Bis
Fatih Kandogmus
31.08.1992
18.08.2021
Gerberstr. 13, 68535 Edingen-Neckarhausen
Zehranur Kandogmus
06.05.1994
27.08.2021
Gerberstr. 13, 68535 Edingen-Neckarhausen
Kontonummer: DE51670505056044227000
Errichtungsdatum: 19.08.2021
Kontoinfo:
Auflösungsdatum:
Kontoinhaber
Geburtsdatum
Seit
Bis
Fatih Kandogmus
31.08.1992
19.08.2021
Gerberstr. 13, 68535 Edingen-Neckarhausen
Zehranur Kandogmus
06.05.1994
27.08.2021
Gerberstr. 13, 68535 Edingen-Neckarhausen
VR Bank Rhein-Neckar eG
BAK-Nr.: 102105
Augustaanlage 61, 68165 Mannheim
Trefferanzahl: 1
Kontonummer: DE80670900003400389135
Errichtungsdatum: 24.07.2020
Kontoinfo:
Auflösungsdatum:
Kontoinhaber
Geburtsdatum Seit
Bis
I+ K Estrichbau GmbH
24.07.2020
Gerberstr. 13 68535 Edingen-Neckarhausen
Verfügungsberechtigte
Geburtsdatum
Seit
Bis
19.02.2021
16.09.2024
Fatih Kandogmus
Gerberstr. 13 68535 Edingen-Neckarhausen
31.08.1992
24.07.2020
24.07.2020
16.09.2024
Wirtschaftlich Berechtigte
Seit
Bis
Fatih Kandogmus
24.07.2020
Gerberstr. 13 68535 Edingen-Neckarhausen
Anfrage von Gerichtsvollzieherin
Seite
2 von
4
Katrin Bizer (G08858) zu AZ DR II 1239/25
 Anlage zu GZ: St II 4 - S 0229a KEVIZZ 243278/26 (Bitte stets angeben)
CreditPlus Bank Aktiengesellschaft
BAK-Nr.: 104127
Augustenstraße 7, 70178 Stuttgart
Trefferanzahl: 1
Kontonummer: DE49600306004001297870
Errichtungsdatum: 12.10.2022
Kontoinfo:
Auflösungsdatum:
Kontoinhaber
Geburtsdatum Seit
Bis
Fatih Kandogmus
31.08.1992
12.10.2022
Gerberstraße 13, 68535 Edingen-Neckarhausen
Deutschland
Fatih Kandogmus
31.08.1992
21.08.2024
11.12.2024
68535 Edingen-Neckarhausen Deutschland
Bausparkasse Schwäbisch Hall Aktiengesellschaft Bausparkasse
BAK-Nr.: 105625
der Volksbanken und Raiffeisenbanken
Crailsheimer Straße 52, 74523 Schwäbisch Hall
Trefferanzahl: 1
Kontonummer: 1391529802
Errichtungsdatum: 14.10.2009
Kontoinfo:
Auflösungsdatum:
Kontoinhaber
Geburtsdatum Seit
Bis
Fatih Kandogmus
31.08.1992
14.10.2009
Gerberstr. 13 68535 Edingen-Neckarhausen
LBS Landesbausparkasse Süd
BAK-Nr.: 105627
Jägerstraße 36, 70174 Stuttgart
Trefferanzahl: 1
Kontonummer: 9025533424
Errichtungsdatum: 22.05.2020
Kontoinfo:
Auflösungsdatum:
Kontoinhaber
Geburtsdatum Seit
Bis
Fatih Kandogmus
31.08.1992
22.05.2020
Gerberstr. 13, 68535 Edingen-Neckarhausen DE
Anfrage von Gerichtsvollzieherin
Seite
3 von
4
Katrin Bizer (G08858) zu AZ DR II 1239/25
 Anlage zu GZ: St II 4 - S 0229a KEVIZZ 243278/26 (Bitte stets angeben)
Baader Bank Aktiengesellschaft
BAK-Nr.: 109664
Weihenstephaner Straße 4, 85716 Unterschleißheim
Trefferanzahl: 2
Kontonummer: DE43700331004939891000
Errichtungsdatum: 07.11.2024
Kontoinfo:
Auflösungsdatum:
Kontoinhaber
Geburtsdatum Seit
Bis
Fatih Kandogmus
31.08.1992
07.11.2024
11.11.2024
Gerberstr. 13 68535 Edingen-Neckarhausen
Deutschland
Fatih Kandogmus
31.08.1992
11.11.2024
Gerberstr. 13 68535 Edingen-Neckarhausen
Deutschland
Verfügungsberechtigte
Geburtsdatum Seit
Bis
07.11.2024
Kontonummer: K4939891001
Errichtungsdatum: 07.11.2024
Kontoinfo:
Auflösungsdatum:
Kontoinhaber
Geburtsdatum Seit
Bis
Fatih Kandogmus
31.08.1992
07.11.2024
11.11.2024
Gerberstr. 13 68535 Edingen-Neckarhausen
Deutschland
Fatih Kandogmus
31.08.1992
11.11.2024
Gerberstr. 13 68535 Edingen-Neckarhausen
Deutschland
Verfügungsberechtigte
Geburtsdatum Seit
Bis
07.11.2024
Anfrage von Gerichtsvollzieherin
Seite
4 von
4
Katrin Bizer (G08858) zu AZ DR II 1239/25",drittauskunft,False,False,b2b75267-7a21-5120-b909-5c448c1382d9,947820aa-481c-5447-bcfc-646834c2a34a,93d7eb28bf63f36ae24557834751cf47d2cdb256391076697a000c68d9c87b52,s3://pair-data-engineering-new/ocr_prepared_output/93d7eb28bf63f36ae24557834751cf47d2cdb256391076697a000c68d9c87b52.json
data/aftercourt/drittauskunf_with_invoice/combined_pdf_DRII-010626_BZSt_Ergebnis_1_DR-II_010626_Nachr_VA_verweigert___Drittauskuenfte_eingeholt_-20260226-293-1wq46wy (1).pdf,"<page_1>
Bundeszentralamt
für Steuern
POSTANSCHRIFT
Bundeszentralamt für Steuern, 11055 Berlin
HAUSANSCHRIFT
DGZ-Ring 12, 13086 Berlin
BEARBEITET VON
Obergerichtsvollzieher Jetter
Ebertstraße 20
Steuerabteilung National
Kontenabrufverfahren
72336 Balingen
TEL
+49 (0) 2 28 40 6-3600
FAX
+49 (0) 2 28 40 6-4408
E-MAIL
kontenabruf@bzst.bund.de
INTERNET
www.bzst.bund.de
BETREFF
Kontenabrufersuchen nach §§ 93, 93b Abgabenordnung (AO)
BEZUG
Ihr Kontenabrufersuchen vom 24.02.2026 AZ: DR-II 0106_26_1
ANLAGEN
1
GZ
St II 4 S 0229a KEVIZZ 483068/26
(bei Antwort bitte angeben)
DATUM
25.02.2026
Ihr oben genanntes Kontenabrufersuchen ist im Rahmen des automatisierten Abrufs von
Kontoinformationen bearbeitet worden. Die Ergebnisse dieses Abrufs entnehmen Sie bitte der
nachfolgenden Anlage.
Bitte beachten Sie
dass die Verantwortung für die Zulässigkeit des Datenabrufs und die Datenübermittlung die
ersuchende Behörde trägt (§ 93b Abs. 3 AO),
die Informations- und Dokumentationspflichten gemäß § 93 Abs. 9 und 10 AO sowie den
Anwendungserlass zur Abgabenordnung (AEAO),
dass die Kontenstammdaten in der Datei nach § 24c Kreditwesengesetz (KWG) durch die
beteiligten Kreditinstitute vorgehalten werden. Ich kann deshalb keine Haftung dafür
übernehmen, dass die im Rahmen des Kontenabrufs mitgeteilten Daten vollständig und
inhaltlich korrekt sind.
Zum Inhalt des Ergebnisses bemerke ich folgendes:
Aufgrund der gesetzlichen Vorgabe der Unterscheidungsmerkmale in den von den Kreditinstituten
zu führenden Dateien kann die Identität der gemeldeten Personen immer nur im Hinblick auf die
Merkmale Name und Geburtsdatum für die Kontoinhaber und Verfügungsberechtigten bzw. Name
und Anschrift für die abweichend wirtschaftlich Berechtigten festgestellt werden. Insofern muss das
übermittelte Abrufergebnis trotz Übereinstimmung des Namens und des Geburtsdatums nicht
zwingend mit der von Ihnen abgefragten Person identisch sein. Das gilt auch für
Firmenbezeichnungen. Die auf dem Kontenabrufersuchen gleichwohl anzugebende Anschrift des
Kontoinhabers oder des Verfügungsberechtigten wird nicht in die Abfrage einbezogen.
<page_2>
Bundeszentralamt
für Steuern
Bei Rückfragen bitte ich Sie, zunächst die FAQ (häufige Fragen) zu beachten, die Sie auf der
Homepage des BZSt unter http://www.bzst.bund.de oder, sofern Sie für die Verwaltung der
Grundsicherung für Arbeitsuchende nach dem Zweiten Buch Sozialgesetzbuch zuständig sind, im
Intranet der Bundesagentur für Arbeit finden. Sie können sich aber auch an die oben angegebene
Telefonnummer wenden.
Hinweise zum Ergebnis Ihres Kontenabrufs
Das Ergebnis des für Sie durchgeführten Kontenabrufs wurde einer Plausibilitätsprüfung
(Stichprobe) unterzogen.
Falls das Ergebnis keine Treffer enthält oder Sie bereits bekannte Konten dort nicht finden,
kann dies mehrere Ursachen haben.
Ein Abruf von Kontenstammdaten bei der Kreditwirtschaft erfolgt mit den von Ihnen dafür
vorgegeben Personendaten. Welche Daten Sie für den Abruf vorgegeben haben, ersehen Sie
an dem fett gedruckten Eintrag im oberen Teil des Ergebnisausdrucks.
Bitte stellen Sie bei Bedarf ein neues Kontenabrufersuchen, wenn Sie im Nachgang
feststellen, dass die von Ihnen verwendeten Daten fehlerhaft (z. B. Geburtsdatum, Vor-/
Nachnamen vertauscht), unvollständig (z. B. fehlende Namensbestandteile, weitere
Vornamen) oder unzutreffend waren (z. B. unzulässiger Zusätze wie ""c/o ..."", ""v.d.d. GF ..."",
HRB ..."").
Für allgemeine fachliche Fragen wenden Sie sich bitte per E-Mail an den Fachbereich
(kontenabruf@bzst.bund.de).
ACHTUNG! Es wurde(n) eine oder mehrere abweichende Anschrift(en) ermittelt! Bitte prüfen
Sie das Ergebnis besonders sorgfältig!
Dieses Anschreiben wurde automatisch erstellt und ist ohne Unterschrift gültig.
<page_3>
Anlage zu GZ: St Il 4 - S 0229a KEVIZZ 483068/26 (Bitte stets angeben)
Ergebnisse
zu der Anfrage von dem/der:
Obergerichtsvollzieher Jetter
vom:
24.02.2026
Ihr AZ:
DR-II 0106_26_1
mit folgenden Anhaltsdaten:
Name:
Nachname:
Stumpp
Vorname:
Sarah
Geburtsdatum:
20.01.1982
Kontonummer:
COMMERZBANK Aktiengesellschaft
BAK-Nr.: 100005
Kaiserstraße 16 (Kaiserplatz), 60311 Frankfurt am Main
Trefferanzahl: 4
Kontonummer: DE24200411440120924600
Errichtungsdatum: 01.06.2018
Kontoinfo:
Auflösungsdatum:
Kontoinhaber
Geburtsdatum
Seit
Bis
Mathilda Elisabeth Stumpp
02.07.2012
16.08.2021
18.04.2025
Dobelwiesenstr. 28/1 72459 Albstadt
Mathilda Elisabeth |#Mathilda Elisabeth Stumpp
02.07.2012
18.04.2025
21.05.2025
Dobelwiesenstr. 28/1 72459 Albstadt
Mathilda Elisabeth Stumpp
02.07.2012
21.05.2025
Dobelwiesenstr. 28/1 72459 Albstadt
Verfügungsberechtigte
Geburtsdatum
Seit
Bis
Hermann Dr. Stumpp
19.12.1948
19.11.2019
28.03.2023
Steinweg 3 45527 Hattingen
Hermann Josef Dr. Stumpp
19.12.1948
28.03.2023
18.04.2025
Steinweg 3 45527 Hattingen
Sarah Stumpp
20.01.1982
19.11.2019
18.04.2025
Sportplatzstr. 1a 97265 Hettstadt
Christian Bernhard Dr. Stumpp
27.11.1981
16.08.2021
18.04.2025
Dobelwiesenstr. 28/1 72459 Albstadt
Sarah |#Sarah Stumpp
20.01.1982
18.04.2025
21.05.2025
Sportplatzstr. 1a 97265 Hettstadt
Hermann Josef
19.12.1948
18.04.2025
21.05.2025
Dr.
|#Hermann Josef Stumpp
Steinweg 3 45527 Hattingen
Hermann Josef Dr. Stumpp
19.12.1948
21.05.2025
Steinweg 3 45527 Hattingen
Sarah Stumpp
20.01.1982
21.05.2025
Sportplatzstr. 1a 97265 Hettstadt
Christian Bernhard Dr. Stumpp
27.11.1981
18.04.2025
Hechinger Str. 51 72145 Hirrlingen
Anfrage von Obergerichtsvollzieher Jetter (G08020) zu AZ DR-II 0106_26_1
Seite
1 von
6
<page_4>
Anlage zu GZ: St Il 4 S 0229a KEVIZZ 483068/26 (Bitte stets angeben)
Kontonummer: DE42200411440651077000
Errichtungsdatum: 24.08.2018
Kontoinfo:
Auflösungsdatum:
Kontoinhaber
Geburtsdatum
Seit
Bis
Karla Josefine Stumpp
04.05.2015
16.08.2021
18.04.2025
Dobelwiesenstr. 28/1 72459 Albstadt
Karla Josefine |#Karla Josefine Stumpp
04.05.2015
18.04.2025
21.05.2025
Dobelwiesenstr. 28/1 72459 Albstadt
Karla Josefine Stumpp
04.05.2015
21.05.2025
Dobelwiesenstr. 28/1 72459 Albstadt
Verfügungsberechtigte
Geburtsdatum
Seit
Bis
Hermann Dr. Stumpp
19.12.1948
22.11.2019
28.03.2023
Steinweg 3 45527 Hattingen
Hermann Josef Dr. Stumpp
19.12.1948
28.03.2023
18.04.2025
Steinweg 3 45527 Hattingen
Sarah Stumpp
20.01.1982
22.11.2019
18.04.2025
Sportplatzstr. 1a 97265 Hettstadt
Christian Bernhard Dr. Stumpp
27.11.1981
16.08.2021
18.04.2025
Dobelwiesenstr. 28/1 72459 Albstadt
Sarah |#Sarah Stumpp
20.01.1982
18.04.2025
21.05.2025
Sportplatzstr. 1a 97265 Hettstadt
Hermann Josef
19.12.1948
18.04.2025
21.05.2025
Dr.
|#Hermann Josef Stumpp
Steinweg 3 45527 Hattingen
Sarah Stumpp
20.01.1982
21.05.2025
Sportplatzstr. 1a 97265 Hettstadt
Hermann Josef Dr. Stumpp
19.12.1948
21.05.2025
Steinweg 3 45527 Hattingen
Christian Bernhard Dr. Stumpp
27.11.1981
18.04.2025
Hechinger Str. 51 72145 Hirrlingen
Kontonummer: 120924600
Errichtungsdatum: 04.06.2018
Kontoinfo:
Auflösungsdatum:
Kontoinhaber
Geburtsdatum
Seit
Bis
Mathilda Elisabeth Stumpp
02.07.2012
16.08.2021
18.04.2025
Dobelwiesenstr. 28/1 72459 Albstadt
Mathilda Elisabeth |#Mathilda Elisabeth Stumpp
02.07.2012
18.04.2025
21.05.2025
Dobelwiesenstr. 28/1 72459 Albstadt
Mathilda Elisabeth Stumpp
02.07.2012
21.05.2025
Dobelwiesenstr. 28/1 72459 Albstadt
Verfügungsberechtigte
Geburtsdatum
Seit
Bis
Hermann Dr. Stumpp
19.12.1948
19.11.2019
28.03.2023
Steinweg 3 45527 Hattingen
Hermann Josef Dr. Stumpp
19.12.1948
28.03.2023
18.04.2025
Steinweg 3 45527 Hattingen
Sarah Stumpp
20.01.1982
19.11.2019
18.04.2025
Sportplatzstr. 1a 97265 Hettstadt
Anfrage von Obergerichtsvollzieher Jetter (G08020) zu AZ DR-II 0106_26_1
Seite
2 von
6
<page_5>
Anlage zu GZ: St Il 4 - S 0229a KEVIZZ 483068/26 (Bitte stets angeben)
Christian Bernhard Dr. Stumpp
27.11.1981
16.08.2021
18.04.2025
Dobelwiesenstr. 28/1 72459 Albstadt
Sarah |#Sarah Stumpp
20.01.1982
18.04.2025
21.05.2025
Sportplatzstr. 1a 97265 Hettstadt
Hermann Josef
19.12.1948
18.04.2025
21.05.2025
Dr.
|#Hermann Josef Stumpp
Steinweg 3 45527 Hattingen
Hermann Josef Dr. Stumpp
19.12.1948
21.05.2025
Steinweg 3 45527 Hattingen
Sarah Stumpp
20.01.1982
21.05.2025
Sportplatzstr. 1a 97265 Hettstadt
Christian Bernhard Dr. Stumpp
27.11.1981
18.04.2025
Hechinger Str. 51 72145 Hirrlingen
Kontonummer: 651077000
Errichtungsdatum: 24.08.2018
Kontoinfo:
Auflösungsdatum:
Kontoinhaber
Geburtsdatum
Seit
Bis
Karla Josefine Stumpp
04.05.2015
16.08.2021
18.04.2025
Dobelwiesenstr. 28/1 72459 Albstadt
Karla Josefine |#Karla Josefine Stumpp
04.05.2015
18.04.2025
21.05.2025
Dobelwiesenstr. 28/1 72459 Albstadt
Karla Josefine Stumpp
04.05.2015
21.05.2025
Dobelwiesenstr. 28/1 72459 Albstadt
Verfügungsberechtigte
Geburtsdatum
Seit
Bis
Hermann Dr. Stumpp
19.12.1948
22.11.2019
28.03.2023
Steinweg 3 45527 Hattingen
Hermann Josef Dr. Stumpp
19.12.1948
28.03.2023
18.04.2025
Steinweg 3 45527 Hattingen
Sarah Stumpp
20.01.1982
22.11.2019
18.04.2025
Sportplatzstr. 1a 97265 Hettstadt
Christian Bernhard Dr. Stumpp
27.11.1981
16.08.2021
18.04.2025
Dobelwiesenstr. 28/1 72459 Albstadt
Sarah |#Sarah Stumpp
20.01.1982
18.04.2025
21.05.2025
Sportplatzstr. 1a 97265 Hettstadt
Hermann Josef
19.12.1948
18.04.2025
21.05.2025
Dr.
|#Hermann Josef Stumpp
Steinweg 3 45527 Hattingen
Sarah Stumpp
20.01.1982
21.05.2025
Sportplatzstr. 1a 97265 Hettstadt
Hermann Josef Dr. Stumpp
19.12.1948
21.05.2025
Steinweg 3 45527 Hattingen
Christian Bernhard Dr. Stumpp
27.11.1981
18.04.2025
Hechinger Str. 51 72145 Hirrlingen
Anfrage von Obergerichtsvollzieher Jetter (G08020) zu AZ DR-II 0106_26_1
Seite
3 von
6
<page_6>
Anlage zu GZ: St Il 4 - S 0229a KEVIZZ 483068/26 (Bitte stets angeben)
Sparkasse Zollernalb
BAK-Nr.: 100445
Friedrichstraße 3, 72336 Balingen
Trefferanzahl: 3
Kontonummer: DE05653512600124896578
Errichtungsdatum: 04.07.1988
Kontoinfo:
Auflösungsdatum:
Kontoinhaber
Geburtsdatum Seit
Bis
Sarah Mohr
20.01.1982
17.02.2014
06.06.2025
Friebelstr. 4, 01219 Dresden
Sarah Stumpp
20.01.1982
06.06.2025
Schalksbachstr. 12, 72336 Balingen
Kontonummer: DE42653512600162531039
Errichtungsdatum: 27.01.1982
Kontoinfo:
Auflösungsdatum:
Kontoinhaber
Geburtsdatum
Seit
Bis
Sarah Mohr
20.01.1982
17.02.2014
06.06.2025
Friebelstr. 4, 01219 Dresden
Sarah Stumpp
20.01.1982
06.06.2025
Schalksbachstr. 12, 72336 Balingen
Kontonummer: DE70653512601140272687
Errichtungsdatum: 06.06.2025
Kontoinfo:
Auflösungsdatum:
Kontoinhaber
Geburtsdatum
Seit
Bis
Mathilda Elisabeth Stumpp
02.07.2012
06.06.2025
Schalksbachstr. 12, 72336 Balingen
Verfügungsberechtigte
Geburtsdatum
Seit
Bis
Christian DR Stumpp
27.11.1981
06.06.2025
24.11.2025
Hechinger Str. 51, 72145 Hirrlingen
Christian Stumpp
27.11.1981
24.11.2025
Hechinger Str. 51, 72145 Hirrlingen
Sarah Stumpp
20.01.1982
06.06.2025
Schalksbachstr. 12, 72336 Balingen
Ostsächsische Sparkasse Dresden
BAK-Nr.: 101214
Güntzplatz 5 (Sparkassenhaus), 01307 Dresden
Trefferanzahl: 2
Kontonummer: DE75850503001228900775
Errichtungsdatum: 28.09.2024
Kontoinfo:
Auflösungsdatum:
Kontoinhaber
Geburtsdatum Seit
Bis
Sarah Stumpp
20.01.1982
30.09.2024
Schalksbachstr. 12, 72336 Balingen
Anfrage von Obergerichtsvollzieher Jetter (G08020) zu AZ DR-II 0106_26_1
Seite
4 von
6
<page_7>
Anlage zu GZ: St Il 4 - S 0229a KEVIZZ 483068/26 (Bitte stets angeben)
Kontonummer: DE70850503001225079647
Errichtungsdatum: 12.09.2011
Kontoinfo:
Auflösungsdatum:
Kontoinhaber
Geburtsdatum
Seit
Bis
Sarah Stumpp
20.01.1982
04.03.2022
09.07.2024
Dobelwiesenstr. 28/1, 72459 Albstadt
Sarah Stumpp
20.01.1982
09.07.2024
Schalksbachstr. 12, 72336 Balingen
DWS Investment GmbH
BAK-Nr.: 105513
Mainzer Landstr. 11 17, 60329 Frankfurt
Trefferanzahl: 1
Kontonummer: T0006699815
Errichtungsdatum: 19.08.2011
Kontoinfo:
Auflösungsdatum:
Kontoinhaber
Geburtsdatum Seit
Bis
Sarah Stumpp
20.01.1982
18.10.2021
04.06.2025
Dobelwiesenstr. 28/1, 72459 Albstadt Deutschland
Sarah Stumpp
20.01.1982
04.06.2025
Schalksbachstr. 12, 72336 Balingen Deutschland
Ikano Bank AB (publ), Zweigniederlassung Deutschland
BAK-Nr.: 143445
Wettinerstraße 5, 65189 Wiesbaden
Trefferanzahl: 1
Kontonummer: 8644000031215700
Errichtungsdatum: 04.08.2020
Kontoinfo:
Auflösungsdatum:
Kontoinhaber
Geburtsdatum
Seit
Bis
SARAH STUMPP
20.01.1982
27.10.2020
26.08.2023
SPORTPLATZSTR. 1A 97265 HETTSTADT,94
SARAH STUMPP
20.01.1982
26.08.2023
DOBELWIESENSTR. 28/1 72459 ALBSTADT,94
Anfrage von Obergerichtsvollzieher Jetter (G08020) zu AZ DR-II 0106_26_1
Seite
5 von
6
<page_8>
Anlage zu GZ: St Il 4 - S 0229a KEVIZZ 483068/26 (Bitte stets angeben)
bunq B.V. Niederlassung Deutschland
BAK-Nr.: 159131
Landsbergerstr. 302, 80687 München
Trefferanzahl: 2
Kontonummer: DE63370190001010738778
Errichtungsdatum: 10.04.2024
Kontoinfo:
Auflösungsdatum:
Kontoinhaber
Geburtsdatum Seit
Bis
Sarah Stumpp
20.01.1982
10.04.2024
Schalksbachstr. 12 72336 BALINGEN GERMANY
Kontonummer: DE11370190001010878036
Errichtungsdatum: 28.06.2024
Kontoinfo:
Auflösungsdatum:
Kontoinhaber
Geburtsdatum
Seit
Bis
Sarah Stumpp
20.01.1982
28.06.2024
Schalksbachstr. 12 72336 BALINGEN GERMANY
SÜDWESTBANK - BAWAG AG Niederlassung Deutschland
BAK-Nr.: 159414
Büchsenstraße 20, 70174 Stuttgart
Trefferanzahl: 1
Kontonummer: DE95201306002013501563
Errichtungsdatum: 23.08.2019
Kontoinfo:
Auflösungsdatum:
Kontoinhaber
Geburtsdatum Seit
Bis
Christian Bernhard Stumpp
27.11.1981
29.11.2022
29.08.2023
Dobelwiesenstr. 28/1 72459
Albstadt
276
Christian Bernhard Dr. Stumpp
27.11.1981
29.08.2023
18.04.2025
Dobelwiesenstr. 28/1 72459
Albstadt
276
Christian Bernhard Dr. Stumpp
27.11.1981
18.04.2025
Hechinger Str. 72145
Hirrlingen
276
Verfügungsberechtigte
Geburtsdatum
Seit
Bis
Sarah Stumpp
20.01.1982 20.06.2023 03.07.2023
Sportplatzstr. 1a 97265
Hettstadt
276
Sarah Stumpp
20.01.1982
03.07.2023
18.04.2025
Döbelwiesen 28/1 72459
Albstadt
276
Anfrage von Obergerichtsvollzieher Jetter (G08020) zu AZ DR-II 0106_26_1
Seite
6 von
6
<page_9>
Jetter
Gerichtsvollzieher
Rechtsverb. elektr. Kommunikation:
safe-sp1-1354972600889-011714503
bei dem Amtsgericht Balingen
Amtsgericht Balingen
Ebertstraße 20 in 72336 Balingen
Sprechzeiten:
OGV Jetter, Ebertstraße 20, 72336 Balingen
Di.: 08.30 Uhr 09.30 Uhr
NICHT NACHSENDEN
Mi.: 08.30 Uhr - 09.30 Uhr nur mit Termin
Pair Finance GmbH
Tel 0177-5077674 -> 09.30 -11.30 Uhr
Knesebeckstr. 62-63
außer Dienstag und Donnerstag
10719 Berlin
DR-II 0106/26
BITTE BEI ALLEN SCHREIBEN
UND ZAHLUNGEN ANGEBEN
Ihr Zeichen: 128490785093 Stumpp
Datum: 25.02.2026
Sehr geehrte Damen und Herren,
in der Zwangsvollstreckungssache Liquandum Capital GmbH, Knesebeckstrasse 62-63, 10719 Berlin
gegen Stumpp Sarah, Schalksbachstraße 12, 72336 Balingen Stockenhausen
Eine gütliche Erledigung kam nicht zustande.
In oben genannter Sache war Termin zur Abgabe der Vermögensauskunft nach § 802c ZPO in meinem
Geschäftszimmer anberaumt. D. zum Termin ordnungsgemäß geladene Schuldn. ist nicht erschienen. Ein
Entschuldigungsgrund ist nicht erkennbar.
In vorbezeichneter Angelegenheit übersende ich Ihnen anliegend antragsgemäß das Ergebnis der eingeholten
Drittauskünfte. Sie werden darauf hingewiesen, dass gemäß § 802 Abs. 1 und 2 ZPO die Daten nur insoweit
verwendet werden dürfen, als sie zur Zwangsvollstreckung in vorliegendem Rechtsverhältnis erforderlich sind.
Unten genannte Kosten erlaube ich mir gem. §§ 3,4,13 GvKostG zu erheben.
Bitte beachten Sie den Hinweis unter der Kostenrechnung.
(Kostenschuldner ist: Liquandum Capital GmbH Knesebeckstrasse 62-63 in10719 Berlin)
Kostenrechnung nach § 13 GVKostG an Auftraggeber:
Liquandum Capital GmbH
KV 100 Persönliche Zustellung
12,00 €
KV 208 Versuch gütl.Erledigung (erm.)
9,60 €
KV 440 Einholung einer Auskunft
15,60 €
KV 604 N. erl. Amtshandlung
18,00€
KV 701 Zustellentgelte
5,62 €
KV 711 Wegegeld (Zone 1)
3,25 €
KV 716 Auslagenpauschale
7,92 €
KV 716 Auslagenpauschale zu §8021 ZPO
3,12 €
Summe:
75,11 €
Bitte überweisen Sie sofort
Gegen diese Kostenrechnung kann schriftlich oder zu Protokoll der
Geschäftsstelle Erinnerung bei dem Amtsgericht Balingen, Ebertstraße 20,
72336 Balingen oder dem Gerichtsvollzieher eingelegt werden oder als ein für
die Bearbeitung durch das Gericht gem. §§2,4,5 ERVV geeignetes und
signiertes elektronisches Dokument eingereicht werden.
Jetter
Obergerichtsvollzieher
3.3.1619
beim AG Balingen
Dienstkonto: SPARKASSE ZOLLERNALB Inhaber: Jetter Dienstkonto IBAN: DE10 6535 1260 1134 6185 BIC: SOLADES1BAL
Gemäß Artikel 13 der Verordnung (EU) 2016/679 des Europäischen Parlaments und des Rates vom 27.04.2016 (Datenschutz-Grundverordnung) wird darauf
DR-II 0106/26
hingewiesen, dass personenbezogene Daten zum Zwecke der Durchführung des Verfahrens vor dem Gerichtsvollzieher erhoben und verarbeitet werden. Es
besteht sowohl ein Recht auf Auskunft seitens des Gerichtsvollziehers über diese personenbezogenen Daten, sowie auch auf Berichtigung oder ggfls. Löschung.
AD",True," Bundeszentralamt
für Steuern
POSTANSCHRIFT
Bundeszentralamt für Steuern, 11055 Berlin
HAUSANSCHRIFT
DGZ-Ring 12, 13086 Berlin
BEARBEITET VON
Obergerichtsvollzieher Jetter
Ebertstraße 20
Steuerabteilung National
Kontenabrufverfahren
72336 Balingen
TEL
+49 (0) 2 28 40 6-3600
FAX
+49 (0) 2 28 40 6-4408
E-MAIL
kontenabruf@bzst.bund.de
INTERNET
www.bzst.bund.de
BETREFF
Kontenabrufersuchen nach §§ 93, 93b Abgabenordnung (AO)
BEZUG
Ihr Kontenabrufersuchen vom 24.02.2026 AZ: DR-II 0106_26_1
ANLAGEN
1
GZ
St II 4 S 0229a KEVIZZ 483068/26
(bei Antwort bitte angeben)
DATUM
25.02.2026
Ihr oben genanntes Kontenabrufersuchen ist im Rahmen des automatisierten Abrufs von
Kontoinformationen bearbeitet worden. Die Ergebnisse dieses Abrufs entnehmen Sie bitte der
nachfolgenden Anlage.
Bitte beachten Sie
dass die Verantwortung für die Zulässigkeit des Datenabrufs und die Datenübermittlung die
ersuchende Behörde trägt (§ 93b Abs. 3 AO),
die Informations- und Dokumentationspflichten gemäß § 93 Abs. 9 und 10 AO sowie den
Anwendungserlass zur Abgabenordnung (AEAO),
dass die Kontenstammdaten in der Datei nach § 24c Kreditwesengesetz (KWG) durch die
beteiligten Kreditinstitute vorgehalten werden. Ich kann deshalb keine Haftung dafür
übernehmen, dass die im Rahmen des Kontenabrufs mitgeteilten Daten vollständig und
inhaltlich korrekt sind.
Zum Inhalt des Ergebnisses bemerke ich folgendes:
Aufgrund der gesetzlichen Vorgabe der Unterscheidungsmerkmale in den von den Kreditinstituten
zu führenden Dateien kann die Identität der gemeldeten Personen immer nur im Hinblick auf die
Merkmale Name und Geburtsdatum für die Kontoinhaber und Verfügungsberechtigten bzw. Name
und Anschrift für die abweichend wirtschaftlich Berechtigten festgestellt werden. Insofern muss das
übermittelte Abrufergebnis trotz Übereinstimmung des Namens und des Geburtsdatums nicht
zwingend mit der von Ihnen abgefragten Person identisch sein. Das gilt auch für
Firmenbezeichnungen. Die auf dem Kontenabrufersuchen gleichwohl anzugebende Anschrift des
Kontoinhabers oder des Verfügungsberechtigten wird nicht in die Abfrage einbezogen.
 Bundeszentralamt
für Steuern
Bei Rückfragen bitte ich Sie, zunächst die FAQ (häufige Fragen) zu beachten, die Sie auf der
Homepage des BZSt unter http://www.bzst.bund.de oder, sofern Sie für die Verwaltung der
Grundsicherung für Arbeitsuchende nach dem Zweiten Buch Sozialgesetzbuch zuständig sind, im
Intranet der Bundesagentur für Arbeit finden. Sie können sich aber auch an die oben angegebene
Telefonnummer wenden.
Hinweise zum Ergebnis Ihres Kontenabrufs
Das Ergebnis des für Sie durchgeführten Kontenabrufs wurde einer Plausibilitätsprüfung
(Stichprobe) unterzogen.
Falls das Ergebnis keine Treffer enthält oder Sie bereits bekannte Konten dort nicht finden,
kann dies mehrere Ursachen haben.
Ein Abruf von Kontenstammdaten bei der Kreditwirtschaft erfolgt mit den von Ihnen dafür
vorgegeben Personendaten. Welche Daten Sie für den Abruf vorgegeben haben, ersehen Sie
an dem fett gedruckten Eintrag im oberen Teil des Ergebnisausdrucks.
Bitte stellen Sie bei Bedarf ein neues Kontenabrufersuchen, wenn Sie im Nachgang
feststellen, dass die von Ihnen verwendeten Daten fehlerhaft (z. B. Geburtsdatum, Vor-/
Nachnamen vertauscht), unvollständig (z. B. fehlende Namensbestandteile, weitere
Vornamen) oder unzutreffend waren (z. B. unzulässiger Zusätze wie ""c/o ..."", ""v.d.d. GF ..."",
HRB ..."").
Für allgemeine fachliche Fragen wenden Sie sich bitte per E-Mail an den Fachbereich
(kontenabruf@bzst.bund.de).
ACHTUNG! Es wurde(n) eine oder mehrere abweichende Anschrift(en) ermittelt! Bitte prüfen
Sie das Ergebnis besonders sorgfältig!
Dieses Anschreiben wurde automatisch erstellt und ist ohne Unterschrift gültig.
 Anlage zu GZ: St Il 4 - S 0229a KEVIZZ 483068/26 (Bitte stets angeben)
Ergebnisse
zu der Anfrage von dem/der:
Obergerichtsvollzieher Jetter
vom:
24.02.2026
Ihr AZ:
DR-II 0106_26_1
mit folgenden Anhaltsdaten:
Name:
Nachname:
Stumpp
Vorname:
Sarah
Geburtsdatum:
20.01.1982
Kontonummer:
COMMERZBANK Aktiengesellschaft
BAK-Nr.: 100005
Kaiserstraße 16 (Kaiserplatz), 60311 Frankfurt am Main
Trefferanzahl: 4
Kontonummer: DE24200411440120924600
Errichtungsdatum: 01.06.2018
Kontoinfo:
Auflösungsdatum:
Kontoinhaber
Geburtsdatum
Seit
Bis
Mathilda Elisabeth Stumpp
02.07.2012
16.08.2021
18.04.2025
Dobelwiesenstr. 28/1 72459 Albstadt
Mathilda Elisabeth |#Mathilda Elisabeth Stumpp
02.07.2012
18.04.2025
21.05.2025
Dobelwiesenstr. 28/1 72459 Albstadt
Mathilda Elisabeth Stumpp
02.07.2012
21.05.2025
Dobelwiesenstr. 28/1 72459 Albstadt
Verfügungsberechtigte
Geburtsdatum
Seit
Bis
Hermann Dr. Stumpp
19.12.1948
19.11.2019
28.03.2023
Steinweg 3 45527 Hattingen
Hermann Josef Dr. Stumpp
19.12.1948
28.03.2023
18.04.2025
Steinweg 3 45527 Hattingen
Sarah Stumpp
20.01.1982
19.11.2019
18.04.2025
Sportplatzstr. 1a 97265 Hettstadt
Christian Bernhard Dr. Stumpp
27.11.1981
16.08.2021
18.04.2025
Dobelwiesenstr. 28/1 72459 Albstadt
Sarah |#Sarah Stumpp
20.01.1982
18.04.2025
21.05.2025
Sportplatzstr. 1a 97265 Hettstadt
Hermann Josef
19.12.1948
18.04.2025
21.05.2025
Dr.
|#Hermann Josef Stumpp
Steinweg 3 45527 Hattingen
Hermann Josef Dr. Stumpp
19.12.1948
21.05.2025
Steinweg 3 45527 Hattingen
Sarah Stumpp
20.01.1982
21.05.2025
Sportplatzstr. 1a 97265 Hettstadt
Christian Bernhard Dr. Stumpp
27.11.1981
18.04.2025
Hechinger Str. 51 72145 Hirrlingen
Anfrage von Obergerichtsvollzieher Jetter (G08020) zu AZ DR-II 0106_26_1
Seite
1 von
6
 Anlage zu GZ: St Il 4 S 0229a KEVIZZ 483068/26 (Bitte stets angeben)
Kontonummer: DE42200411440651077000
Errichtungsdatum: 24.08.2018
Kontoinfo:
Auflösungsdatum:
Kontoinhaber
Geburtsdatum
Seit
Bis
Karla Josefine Stumpp
04.05.2015
16.08.2021
18.04.2025
Dobelwiesenstr. 28/1 72459 Albstadt
Karla Josefine |#Karla Josefine Stumpp
04.05.2015
18.04.2025
21.05.2025
Dobelwiesenstr. 28/1 72459 Albstadt
Karla Josefine Stumpp
04.05.2015
21.05.2025
Dobelwiesenstr. 28/1 72459 Albstadt
Verfügungsberechtigte
Geburtsdatum
Seit
Bis
Hermann Dr. Stumpp
19.12.1948
22.11.2019
28.03.2023
Steinweg 3 45527 Hattingen
Hermann Josef Dr. Stumpp
19.12.1948
28.03.2023
18.04.2025
Steinweg 3 45527 Hattingen
Sarah Stumpp
20.01.1982
22.11.2019
18.04.2025
Sportplatzstr. 1a 97265 Hettstadt
Christian Bernhard Dr. Stumpp
27.11.1981
16.08.2021
18.04.2025
Dobelwiesenstr. 28/1 72459 Albstadt
Sarah |#Sarah Stumpp
20.01.1982
18.04.2025
21.05.2025
Sportplatzstr. 1a 97265 Hettstadt
Hermann Josef
19.12.1948
18.04.2025
21.05.2025
Dr.
|#Hermann Josef Stumpp
Steinweg 3 45527 Hattingen
Sarah Stumpp
20.01.1982
21.05.2025
Sportplatzstr. 1a 97265 Hettstadt
Hermann Josef Dr. Stumpp
19.12.1948
21.05.2025
Steinweg 3 45527 Hattingen
Christian Bernhard Dr. Stumpp
27.11.1981
18.04.2025
Hechinger Str. 51 72145 Hirrlingen
Kontonummer: 120924600
Errichtungsdatum: 04.06.2018
Kontoinfo:
Auflösungsdatum:
Kontoinhaber
Geburtsdatum
Seit
Bis
Mathilda Elisabeth Stumpp
02.07.2012
16.08.2021
18.04.2025
Dobelwiesenstr. 28/1 72459 Albstadt
Mathilda Elisabeth |#Mathilda Elisabeth Stumpp
02.07.2012
18.04.2025
21.05.2025
Dobelwiesenstr. 28/1 72459 Albstadt
Mathilda Elisabeth Stumpp
02.07.2012
21.05.2025
Dobelwiesenstr. 28/1 72459 Albstadt
Verfügungsberechtigte
Geburtsdatum
Seit
Bis
Hermann Dr. Stumpp
19.12.1948
19.11.2019
28.03.2023
Steinweg 3 45527 Hattingen
Hermann Josef Dr. Stumpp
19.12.1948
28.03.2023
18.04.2025
Steinweg 3 45527 Hattingen
Sarah Stumpp
20.01.1982
19.11.2019
18.04.2025
Sportplatzstr. 1a 97265 Hettstadt
Anfrage von Obergerichtsvollzieher Jetter (G08020) zu AZ DR-II 0106_26_1
Seite
2 von
6
 Anlage zu GZ: St Il 4 - S 0229a KEVIZZ 483068/26 (Bitte stets angeben)
Christian Bernhard Dr. Stumpp
27.11.1981
16.08.2021
18.04.2025
Dobelwiesenstr. 28/1 72459 Albstadt
Sarah |#Sarah Stumpp
20.01.1982
18.04.2025
21.05.2025
Sportplatzstr. 1a 97265 Hettstadt
Hermann Josef
19.12.1948
18.04.2025
21.05.2025
Dr.
|#Hermann Josef Stumpp
Steinweg 3 45527 Hattingen
Hermann Josef Dr. Stumpp
19.12.1948
21.05.2025
Steinweg 3 45527 Hattingen
Sarah Stumpp
20.01.1982
21.05.2025
Sportplatzstr. 1a 97265 Hettstadt
Christian Bernhard Dr. Stumpp
27.11.1981
18.04.2025
Hechinger Str. 51 72145 Hirrlingen
Kontonummer: 651077000
Errichtungsdatum: 24.08.2018
Kontoinfo:
Auflösungsdatum:
Kontoinhaber
Geburtsdatum
Seit
Bis
Karla Josefine Stumpp
04.05.2015
16.08.2021
18.04.2025
Dobelwiesenstr. 28/1 72459 Albstadt
Karla Josefine |#Karla Josefine Stumpp
04.05.2015
18.04.2025
21.05.2025
Dobelwiesenstr. 28/1 72459 Albstadt
Karla Josefine Stumpp
04.05.2015
21.05.2025
Dobelwiesenstr. 28/1 72459 Albstadt
Verfügungsberechtigte
Geburtsdatum
Seit
Bis
Hermann Dr. Stumpp
19.12.1948
22.11.2019
28.03.2023
Steinweg 3 45527 Hattingen
Hermann Josef Dr. Stumpp
19.12.1948
28.03.2023
18.04.2025
Steinweg 3 45527 Hattingen
Sarah Stumpp
20.01.1982
22.11.2019
18.04.2025
Sportplatzstr. 1a 97265 Hettstadt
Christian Bernhard Dr. Stumpp
27.11.1981
16.08.2021
18.04.2025
Dobelwiesenstr. 28/1 72459 Albstadt
Sarah |#Sarah Stumpp
20.01.1982
18.04.2025
21.05.2025
Sportplatzstr. 1a 97265 Hettstadt
Hermann Josef
19.12.1948
18.04.2025
21.05.2025
Dr.
|#Hermann Josef Stumpp
Steinweg 3 45527 Hattingen
Sarah Stumpp
20.01.1982
21.05.2025
Sportplatzstr. 1a 97265 Hettstadt
Hermann Josef Dr. Stumpp
19.12.1948
21.05.2025
Steinweg 3 45527 Hattingen
Christian Bernhard Dr. Stumpp
27.11.1981
18.04.2025
Hechinger Str. 51 72145 Hirrlingen
Anfrage von Obergerichtsvollzieher Jetter (G08020) zu AZ DR-II 0106_26_1
Seite
3 von
6
 Anlage zu GZ: St Il 4 - S 0229a KEVIZZ 483068/26 (Bitte stets angeben)
Sparkasse Zollernalb
BAK-Nr.: 100445
Friedrichstraße 3, 72336 Balingen
Trefferanzahl: 3
Kontonummer: DE05653512600124896578
Errichtungsdatum: 04.07.1988
Kontoinfo:
Auflösungsdatum:
Kontoinhaber
Geburtsdatum Seit
Bis
Sarah Mohr
20.01.1982
17.02.2014
06.06.2025
Friebelstr. 4, 01219 Dresden
Sarah Stumpp
20.01.1982
06.06.2025
Schalksbachstr. 12, 72336 Balingen
Kontonummer: DE42653512600162531039
Errichtungsdatum: 27.01.1982
Kontoinfo:
Auflösungsdatum:
Kontoinhaber
Geburtsdatum
Seit
Bis
Sarah Mohr
20.01.1982
17.02.2014
06.06.2025
Friebelstr. 4, 01219 Dresden
Sarah Stumpp
20.01.1982
06.06.2025
Schalksbachstr. 12, 72336 Balingen
Kontonummer: DE70653512601140272687
Errichtungsdatum: 06.06.2025
Kontoinfo:
Auflösungsdatum:
Kontoinhaber
Geburtsdatum
Seit
Bis
Mathilda Elisabeth Stumpp
02.07.2012
06.06.2025
Schalksbachstr. 12, 72336 Balingen
Verfügungsberechtigte
Geburtsdatum
Seit
Bis
Christian DR Stumpp
27.11.1981
06.06.2025
24.11.2025
Hechinger Str. 51, 72145 Hirrlingen
Christian Stumpp
27.11.1981
24.11.2025
Hechinger Str. 51, 72145 Hirrlingen
Sarah Stumpp
20.01.1982
06.06.2025
Schalksbachstr. 12, 72336 Balingen
Ostsächsische Sparkasse Dresden
BAK-Nr.: 101214
Güntzplatz 5 (Sparkassenhaus), 01307 Dresden
Trefferanzahl: 2
Kontonummer: DE75850503001228900775
Errichtungsdatum: 28.09.2024
Kontoinfo:
Auflösungsdatum:
Kontoinhaber
Geburtsdatum Seit
Bis
Sarah Stumpp
20.01.1982
30.09.2024
Schalksbachstr. 12, 72336 Balingen
Anfrage von Obergerichtsvollzieher Jetter (G08020) zu AZ DR-II 0106_26_1
Seite
4 von
6
 Anlage zu GZ: St Il 4 - S 0229a KEVIZZ 483068/26 (Bitte stets angeben)
Kontonummer: DE70850503001225079647
Errichtungsdatum: 12.09.2011
Kontoinfo:
Auflösungsdatum:
Kontoinhaber
Geburtsdatum
Seit
Bis
Sarah Stumpp
20.01.1982
04.03.2022
09.07.2024
Dobelwiesenstr. 28/1, 72459 Albstadt
Sarah Stumpp
20.01.1982
09.07.2024
Schalksbachstr. 12, 72336 Balingen
DWS Investment GmbH
BAK-Nr.: 105513
Mainzer Landstr. 11 17, 60329 Frankfurt
Trefferanzahl: 1
Kontonummer: T0006699815
Errichtungsdatum: 19.08.2011
Kontoinfo:
Auflösungsdatum:
Kontoinhaber
Geburtsdatum Seit
Bis
Sarah Stumpp
20.01.1982
18.10.2021
04.06.2025
Dobelwiesenstr. 28/1, 72459 Albstadt Deutschland
Sarah Stumpp
20.01.1982
04.06.2025
Schalksbachstr. 12, 72336 Balingen Deutschland
Ikano Bank AB (publ), Zweigniederlassung Deutschland
BAK-Nr.: 143445
Wettinerstraße 5, 65189 Wiesbaden
Trefferanzahl: 1
Kontonummer: 8644000031215700
Errichtungsdatum: 04.08.2020
Kontoinfo:
Auflösungsdatum:
Kontoinhaber
Geburtsdatum
Seit
Bis
SARAH STUMPP
20.01.1982
27.10.2020
26.08.2023
SPORTPLATZSTR. 1A 97265 HETTSTADT,94
SARAH STUMPP
20.01.1982
26.08.2023
DOBELWIESENSTR. 28/1 72459 ALBSTADT,94
Anfrage von Obergerichtsvollzieher Jetter (G08020) zu AZ DR-II 0106_26_1
Seite
5 von
6
 Anlage zu GZ: St Il 4 - S 0229a KEVIZZ 483068/26 (Bitte stets angeben)
bunq B.V. Niederlassung Deutschland
BAK-Nr.: 159131
Landsbergerstr. 302, 80687 München
Trefferanzahl: 2
Kontonummer: DE63370190001010738778
Errichtungsdatum: 10.04.2024
Kontoinfo:
Auflösungsdatum:
Kontoinhaber
Geburtsdatum Seit
Bis
Sarah Stumpp
20.01.1982
10.04.2024
Schalksbachstr. 12 72336 BALINGEN GERMANY
Kontonummer: DE11370190001010878036
Errichtungsdatum: 28.06.2024
Kontoinfo:
Auflösungsdatum:
Kontoinhaber
Geburtsdatum
Seit
Bis
Sarah Stumpp
20.01.1982
28.06.2024
Schalksbachstr. 12 72336 BALINGEN GERMANY
SÜDWESTBANK - BAWAG AG Niederlassung Deutschland
BAK-Nr.: 159414
Büchsenstraße 20, 70174 Stuttgart
Trefferanzahl: 1
Kontonummer: DE95201306002013501563
Errichtungsdatum: 23.08.2019
Kontoinfo:
Auflösungsdatum:
Kontoinhaber
Geburtsdatum Seit
Bis
Christian Bernhard Stumpp
27.11.1981
29.11.2022
29.08.2023
Dobelwiesenstr. 28/1 72459
Albstadt
276
Christian Bernhard Dr. Stumpp
27.11.1981
29.08.2023
18.04.2025
Dobelwiesenstr. 28/1 72459
Albstadt
276
Christian Bernhard Dr. Stumpp
27.11.1981
18.04.2025
Hechinger Str. 72145
Hirrlingen
276
Verfügungsberechtigte
Geburtsdatum
Seit
Bis
Sarah Stumpp
20.01.1982 20.06.2023 03.07.2023
Sportplatzstr. 1a 97265
Hettstadt
276
Sarah Stumpp
20.01.1982
03.07.2023
18.04.2025
Döbelwiesen 28/1 72459
Albstadt
276
Anfrage von Obergerichtsvollzieher Jetter (G08020) zu AZ DR-II 0106_26_1
Seite
6 von
6
 Jetter
Gerichtsvollzieher
Rechtsverb. elektr. Kommunikation:
safe-sp1-1354972600889-011714503
bei dem Amtsgericht Balingen
Amtsgericht Balingen
Ebertstraße 20 in 72336 Balingen
Sprechzeiten:
OGV Jetter, Ebertstraße 20, 72336 Balingen
Di.: 08.30 Uhr 09.30 Uhr
NICHT NACHSENDEN
Mi.: 08.30 Uhr - 09.30 Uhr nur mit Termin
Pair Finance GmbH
Tel 0177-5077674 -> 09.30 -11.30 Uhr
Knesebeckstr. 62-63
außer Dienstag und Donnerstag
10719 Berlin
DR-II 0106/26
BITTE BEI ALLEN SCHREIBEN
UND ZAHLUNGEN ANGEBEN
Ihr Zeichen: 128490785093 Stumpp
Datum: 25.02.2026
Sehr geehrte Damen und Herren,
in der Zwangsvollstreckungssache Liquandum Capital GmbH, Knesebeckstrasse 62-63, 10719 Berlin
gegen Stumpp Sarah, Schalksbachstraße 12, 72336 Balingen Stockenhausen
Eine gütliche Erledigung kam nicht zustande.
In oben genannter Sache war Termin zur Abgabe der Vermögensauskunft nach § 802c ZPO in meinem
Geschäftszimmer anberaumt. D. zum Termin ordnungsgemäß geladene Schuldn. ist nicht erschienen. Ein
Entschuldigungsgrund ist nicht erkennbar.
In vorbezeichneter Angelegenheit übersende ich Ihnen anliegend antragsgemäß das Ergebnis der eingeholten
Drittauskünfte. Sie werden darauf hingewiesen, dass gemäß § 802 Abs. 1 und 2 ZPO die Daten nur insoweit
verwendet werden dürfen, als sie zur Zwangsvollstreckung in vorliegendem Rechtsverhältnis erforderlich sind.
Unten genannte Kosten erlaube ich mir gem. §§ 3,4,13 GvKostG zu erheben.
Bitte beachten Sie den Hinweis unter der Kostenrechnung.
(Kostenschuldner ist: Liquandum Capital GmbH Knesebeckstrasse 62-63 in10719 Berlin)
Kostenrechnung nach § 13 GVKostG an Auftraggeber:
Liquandum Capital GmbH
KV 100 Persönliche Zustellung
12,00 €
KV 208 Versuch gütl.Erledigung (erm.)
9,60 €
KV 440 Einholung einer Auskunft
15,60 €
KV 604 N. erl. Amtshandlung
18,00€
KV 701 Zustellentgelte
5,62 €
KV 711 Wegegeld (Zone 1)
3,25 €
KV 716 Auslagenpauschale
7,92 €
KV 716 Auslagenpauschale zu §8021 ZPO
3,12 €
Summe:
75,11 €
Bitte überweisen Sie sofort
Gegen diese Kostenrechnung kann schriftlich oder zu Protokoll der
Geschäftsstelle Erinnerung bei dem Amtsgericht Balingen, Ebertstraße 20,
72336 Balingen oder dem Gerichtsvollzieher eingelegt werden oder als ein für
die Bearbeitung durch das Gericht gem. §§2,4,5 ERVV geeignetes und
signiertes elektronisches Dokument eingereicht werden.
Jetter
Obergerichtsvollzieher
3.3.1619
beim AG Balingen
Dienstkonto: SPARKASSE ZOLLERNALB Inhaber: Jetter Dienstkonto IBAN: DE10 6535 1260 1134 6185 BIC: SOLADES1BAL
Gemäß Artikel 13 der Verordnung (EU) 2016/679 des Europäischen Parlaments und des Rates vom 27.04.2016 (Datenschutz-Grundverordnung) wird darauf
DR-II 0106/26
hingewiesen, dass personenbezogene Daten zum Zwecke der Durchführung des Verfahrens vor dem Gerichtsvollzieher erhoben und verarbeitet werden. Es
besteht sowohl ein Recht auf Auskunft seitens des Gerichtsvollziehers über diese personenbezogenen Daten, sowie auch auf Berichtigung oder ggfls. Löschung.
AD",drittauskunft,False,False,9aeb7314-a214-556a-ace8-6657d6f4b0c6,d9ba7c3c-a5e6-59a3-823b-c672855e4a34,fd1cfd1579a91cf23869999c9ef106f1522f60c30e64d693d30b072234c05697,s3://pair-data-engineering-new/ocr_prepared_output/fd1cfd1579a91cf23869999c9ef106f1522f60c30e64d693d30b072234c05697.json
data/aftercourt/drittauskunf_with_invoice/Dr_ii_1274_25_an_gl_vollstreckungsunterlagen_zurck_ogv_bast20250919-308-14zl09u.pdf,"<page_1>
Obergerichtsvollzieherin
Europaplatz 11
Beate B. Borren
41061 Mönchengladbach
Amtsgericht Mönchengladbach
Bürozeiten
Montag + Mittwoch
Telefon
12.00 - 13.00 Uhr
02161 9373390
Dienstkonto
IBAN DE36 3706 8001 6890 20
BIC GENODED1ERE
Abs.: OGVin Beate Borren, Europaplatz 11, 41061 Mönchengla
E-Mail
beate.borren@ag-moenchengladbach.nrw.de
PAIR Finance GmbH
Knesebeckstraße 62-63
10719 Berlin
Mein Zeichen
Ihr Zeichen
DR II 1274/25
165052933521
Mönchengladbach, 18.09.2025
Bitte immer angeben!
Urlaub vom 19.09.25 bis 10.10.25
Zwangsvollstreckungssache
PAIR Finance GmbH, Knesebeckstraße 62-63, 10719 Berlin, Tel. 030/340 602 950, E-Mail
aftercourt@pairfinance.de
vertr. d.
PAIR Finance GmbH, Knesebeckstraße 62-63, 10719 Berlin, Tel. 030/340 602 950, E-Mail
aftercourt@pairfinance.de
gegen
Frau Ramona Greiner, Brunnenstraße 249, 41069 Mönchengladbach
Sehr geehrte Damen und Herren,
in o.g. Sache teile ich nach Abschluss des beantragten Vollstreckungsverfahrens mit:
die gütliche Erledigung war erfolglos
Schuldner erschien nicht zur Abgabe der VAK
Das Verfahren zur Eintragungsanordnung gem. § 882c ZPO wurde durchgeführt.
Antrag auf Haftbefehlserlass nicht gestellt.
Ergebnis Drittstellenabfrage in der Anlage
Nach Zweckerreichung sind erlangte Schuldnerdaten zu löschen.
Informationen zur Verarbeitung personenbezogener Daten in Rechtssachen durch die Justiz Nordrhein-Westfalen
finden Sie unter: www.justiz.nrw/datenschutz/rechtssachen.
Die entstandenen Kosten bitte ich auf mein Dienstkonto zu überweisen.
Kostenrechnung GvKostG (KV=Kostenverzeichnis) in EUR v. 18.09.25
Mit freundlichen Grüßen
Nr. Bezeichnung
Betrag
Anz.
Gesamt
1
KV 102 Sonstige Zustellung
3,60 1
3,60
2
KV 604 Nicht erled. Amtshandl.
18,00 1
18,00
zu 260
(Beate Borren)
3 KV 440 Auskunft BZSt
15,60 1
15,60
Obergerichtsvollzieherin
4
KV 208 Versuch gütliche Erled.
9,60 1
9,60
beim Amtsgericht Mönchengladbach
5
KV 701 Entgelt Zustellung
5,62 2
11,24
6
KV 716 Pauschale
9,36
7 Rechnungs- und Zahlungsbetrag
67,40
D. Kostenschuldn. ist PAIR Finance GmbH.
Rechtsbehelfsbelehrung: Gegen diese Kostenrechnung kann Erinnerung
(zweckmäßig begründet) beim Amtsgericht Mönchengladbach, 41065
Hohenzollernstr. 157 schriftlich oder zu Protokoll der Geschäftsstelle
<page_2>
eingelegt werden. Die Erinnerung kann als ein für die Bearbeitung durch
das Gericht gem. §§ 2 und 5 ERVV geeignetes elektronisches Dokument
eingereicht werden. Die verantwortende Person muss jedes Dokument mit
einer qualifizierten elektronischen Signatur (QES) versehen und gem. § 4
ERVV oder signiert auf sicherem Übermittlungsweg gem. § 130a Abs. 4
ZPO einreichen. Weitere Informationen unter www.justiz.de.
<page_3>
Bundeszentralamt
für Steuern
POSTANSCHRIFT
Bundeszentralamt für Steuern, 11055 Berlin
HAUSANSCHRIFT
DGZ-Ring 12, 13086 Berlin
BEARBEITET VON
Obergerichtsvollzieherin
Beate Borren
Steuerabteilung National
Kontenabrufverfahren
Europaplatz 11
TEL
+49 (0) 2 28 40 6-3600
41061 Mönchengladbach
FAX
+49 (0) 2 28 40 6-4408
E-MAIL
kontenabruf@bzst.bund.de
INTERNET
www.bzst.bund.de
BETREFF
Kontenabrufersuchen nach §§ 93, 93b Abgabenordnung (AO)
BEZUG
Ihr Kontenabrufersuchen vom 15.09.2025 AZ: DR Il 1274/25
ANLAGEN
1
GZ
St II 4 S 0229a KEVIZZ 2096018/25
(bei Antwort bitte angeben)
DATUM
15.09.2025
Ihr oben genanntes Kontenabrufersuchen ist im Rahmen des automatisierten Abrufs von
Kontoinformationen bearbeitet worden. Die Ergebnisse dieses Abrufs entnehmen Sie bitte der
nachfolgenden Anlage.
Bitte beachten Sie
dass die Verantwortung für die Zulässigkeit des Datenabrufs und die Datenübermittlung die
ersuchende Behörde trägt (§ 93b Abs. 3 AO),
die Informations- und Dokumentationspflichten gemäß § 93 Abs. 9 und 10 AO sowie den
Anwendungserlass zur Abgabenordnung (AEAO),
dass die Kontenstammdaten in der Datei nach § 24c Kreditwesengesetz (KWG) durch die
beteiligten Kreditinstitute vorgehalten werden. Ich kann deshalb keine Haftung dafür
übernehmen, dass die im Rahmen des Kontenabrufs mitgeteilten Daten vollständig und
inhaltlich korrekt sind.
Zum Inhalt des Ergebnisses bemerke ich folgendes:
Aufgrund der gesetzlichen Vorgabe der Unterscheidungsmerkmale in den von den Kreditinstituten
zu führenden Dateien kann die Identität der gemeldeten Personen immer nur im Hinblick auf die
Merkmale Name und Geburtsdatum für die Kontoinhaber und Verfügungsberechtigten bzw. Name
und Anschrift für die abweichend wirtschaftlich Berechtigten festgestellt werden. Insofern muss das
übermittelte Abrufergebnis trotz Übereinstimmung des Namens und des Geburtsdatums nicht
zwingend mit der von Ihnen abgefragten Person identisch sein. Das gilt auch für
Firmenbezeichnungen. Die auf dem Kontenabrufersuchen gleichwohl anzugebende Anschrift des
Kontoinhabers oder des Verfügungsberechtigten wird nicht in die Abfrage einbezogen.
<page_4>
Bundeszentralamt
für Steuern
Bei Rückfragen bitte ich Sie, zunächst die FAQ (häufige Fragen) zu beachten, die Sie auf der
Homepage des BZSt unter http://www.bzst.bund.de oder, sofern Sie für die Verwaltung der
Grundsicherung für Arbeitsuchende nach dem Zweiten Buch Sozialgesetzbuch zuständig sind, im
Intranet der Bundesagentur für Arbeit finden. Sie können sich aber auch an die oben angegebene
Telefonnummer wenden.
Dieses Anschreiben wurde automatisch erstellt und ist ohne Unterschrift gültig.
<page_5>
Anlage zu GZ: St Il 4 S 0229a KEVIZZ 2096018/25 (Bitte stets angeben)
Ergebnisse
zu der Anfrage von dem/der:
Obergerichtsvollzieherin
Beate Borren
vom:
15.09.2025
Ihr AZ:
DR II 1274/25
mit folgenden Anhaltsdaten:
Name:
Nachname:
Greiner
Vorname:
Ramona
Geburtsdatum:
09.05.1992
Kontonummer:
Stadtsparkasse Mönchengladbach
BAK-Nr.: 100892
Bismarckplatz 10, 41061 Mönchengladbach
Trefferanzahl: 4
Kontonummer: DE18310500000005522966
Errichtungsdatum: 28.06.1984
Kontoinfo:
Auflösungsdatum:
Kontoinhaber
Geburtsdatum
Seit
Bis
Thomas Greiner
28.06.1968
07.04.2014
Brunnenstr. 249, 41069 Mönchengladbach
Verfügungsberechtigte
Geburtsdatum
Seit
Bis
Ramona Greiner
09.05.1992
20.08.2025
Brunnenstr. 249, 41069 Mönchengladbach
Kontonummer: DE98310500001003493028
Errichtungsdatum: 09.06.2022
Kontoinfo:
Auflösungsdatum:
Kontoinhaber
Geburtsdatum
Seit
Bis
Ramona Greiner
09.05.1992
09.06.2022
Brunnenstr. 249, 41069 Mönchengladbach
Kontonummer: DE18310500001004624324
Errichtungsdatum: 20.08.2025
Kontoinfo:
Auflösungsdatum:
Kontoinhaber
Geburtsdatum
Seit
Bis
Thomas Greiner
28.06.1968
20.08.2025
Brunnenstr. 249, 41069 Mönchengladbach
Verfügungsberechtigte
Geburtsdatum
Seit
Bis
Ramona Greiner
09.05.1992
20.08.2025
Brunnenstr. 249, 41069 Mönchengladbach
Anfrage von Obergerichtsvollzieherin
Seite
1 von
2
Beate Borren (G05462) zu AZ DR Il 1274/25
<page_6>
Anlage zu GZ: St Il 4 - S 0229a KEVIZZ - 2096018/25 (Bitte stets angeben)
Kontonummer: DE54310500001003492947
Errichtungsdatum: 09.06.2022
Kontoinfo:
Auflösungsdatum:
Kontoinhaber
Geburtsdatum Seit
Bis
Ramona Greiner
09.05.1992
09.06.2022
Brunnenstr. 249, 41069 Mönchengladbach
Anfrage von Obergerichtsvollzieherin
Seite
2 von
2
Beate Borren (G05462) zu AZ DR Il 1274/25",True," Obergerichtsvollzieherin
Europaplatz 11
Beate B. Borren
41061 Mönchengladbach
Amtsgericht Mönchengladbach
Bürozeiten
Montag + Mittwoch
Telefon
12.00 - 13.00 Uhr
02161 9373390
Dienstkonto
IBAN DE36 3706 8001 6890 20
BIC GENODED1ERE
Abs.: OGVin Beate Borren, Europaplatz 11, 41061 Mönchengla
E-Mail
beate.borren@ag-moenchengladbach.nrw.de
PAIR Finance GmbH
Knesebeckstraße 62-63
10719 Berlin
Mein Zeichen
Ihr Zeichen
DR II 1274/25
165052933521
Mönchengladbach, 18.09.2025
Bitte immer angeben!
Urlaub vom 19.09.25 bis 10.10.25
Zwangsvollstreckungssache
PAIR Finance GmbH, Knesebeckstraße 62-63, 10719 Berlin, Tel. 030/340 602 950, E-Mail
aftercourt@pairfinance.de
vertr. d.
PAIR Finance GmbH, Knesebeckstraße 62-63, 10719 Berlin, Tel. 030/340 602 950, E-Mail
aftercourt@pairfinance.de
gegen
Frau Ramona Greiner, Brunnenstraße 249, 41069 Mönchengladbach
Sehr geehrte Damen und Herren,
in o.g. Sache teile ich nach Abschluss des beantragten Vollstreckungsverfahrens mit:
die gütliche Erledigung war erfolglos
Schuldner erschien nicht zur Abgabe der VAK
Das Verfahren zur Eintragungsanordnung gem. § 882c ZPO wurde durchgeführt.
Antrag auf Haftbefehlserlass nicht gestellt.
Ergebnis Drittstellenabfrage in der Anlage
Nach Zweckerreichung sind erlangte Schuldnerdaten zu löschen.
Informationen zur Verarbeitung personenbezogener Daten in Rechtssachen durch die Justiz Nordrhein-Westfalen
finden Sie unter: www.justiz.nrw/datenschutz/rechtssachen.
Die entstandenen Kosten bitte ich auf mein Dienstkonto zu überweisen.
Kostenrechnung GvKostG (KV=Kostenverzeichnis) in EUR v. 18.09.25
Mit freundlichen Grüßen
Nr. Bezeichnung
Betrag
Anz.
Gesamt
1
KV 102 Sonstige Zustellung
3,60 1
3,60
2
KV 604 Nicht erled. Amtshandl.
18,00 1
18,00
zu 260
(Beate Borren)
3 KV 440 Auskunft BZSt
15,60 1
15,60
Obergerichtsvollzieherin
4
KV 208 Versuch gütliche Erled.
9,60 1
9,60
beim Amtsgericht Mönchengladbach
5
KV 701 Entgelt Zustellung
5,62 2
11,24
6
KV 716 Pauschale
9,36
7 Rechnungs- und Zahlungsbetrag
67,40
D. Kostenschuldn. ist PAIR Finance GmbH.
Rechtsbehelfsbelehrung: Gegen diese Kostenrechnung kann Erinnerung
(zweckmäßig begründet) beim Amtsgericht Mönchengladbach, 41065
Hohenzollernstr. 157 schriftlich oder zu Protokoll der Geschäftsstelle
 eingelegt werden. Die Erinnerung kann als ein für die Bearbeitung durch
das Gericht gem. §§ 2 und 5 ERVV geeignetes elektronisches Dokument
eingereicht werden. Die verantwortende Person muss jedes Dokument mit
einer qualifizierten elektronischen Signatur (QES) versehen und gem. § 4
ERVV oder signiert auf sicherem Übermittlungsweg gem. § 130a Abs. 4
ZPO einreichen. Weitere Informationen unter www.justiz.de.
 Bundeszentralamt
für Steuern
POSTANSCHRIFT
Bundeszentralamt für Steuern, 11055 Berlin
HAUSANSCHRIFT
DGZ-Ring 12, 13086 Berlin
BEARBEITET VON
Obergerichtsvollzieherin
Beate Borren
Steuerabteilung National
Kontenabrufverfahren
Europaplatz 11
TEL
+49 (0) 2 28 40 6-3600
41061 Mönchengladbach
FAX
+49 (0) 2 28 40 6-4408
E-MAIL
kontenabruf@bzst.bund.de
INTERNET
www.bzst.bund.de
BETREFF
Kontenabrufersuchen nach §§ 93, 93b Abgabenordnung (AO)
BEZUG
Ihr Kontenabrufersuchen vom 15.09.2025 AZ: DR Il 1274/25
ANLAGEN
1
GZ
St II 4 S 0229a KEVIZZ 2096018/25
(bei Antwort bitte angeben)
DATUM
15.09.2025
Ihr oben genanntes Kontenabrufersuchen ist im Rahmen des automatisierten Abrufs von
Kontoinformationen bearbeitet worden. Die Ergebnisse dieses Abrufs entnehmen Sie bitte der
nachfolgenden Anlage.
Bitte beachten Sie
dass die Verantwortung für die Zulässigkeit des Datenabrufs und die Datenübermittlung die
ersuchende Behörde trägt (§ 93b Abs. 3 AO),
die Informations- und Dokumentationspflichten gemäß § 93 Abs. 9 und 10 AO sowie den
Anwendungserlass zur Abgabenordnung (AEAO),
dass die Kontenstammdaten in der Datei nach § 24c Kreditwesengesetz (KWG) durch die
beteiligten Kreditinstitute vorgehalten werden. Ich kann deshalb keine Haftung dafür
übernehmen, dass die im Rahmen des Kontenabrufs mitgeteilten Daten vollständig und
inhaltlich korrekt sind.
Zum Inhalt des Ergebnisses bemerke ich folgendes:
Aufgrund der gesetzlichen Vorgabe der Unterscheidungsmerkmale in den von den Kreditinstituten
zu führenden Dateien kann die Identität der gemeldeten Personen immer nur im Hinblick auf die
Merkmale Name und Geburtsdatum für die Kontoinhaber und Verfügungsberechtigten bzw. Name
und Anschrift für die abweichend wirtschaftlich Berechtigten festgestellt werden. Insofern muss das
übermittelte Abrufergebnis trotz Übereinstimmung des Namens und des Geburtsdatums nicht
zwingend mit der von Ihnen abgefragten Person identisch sein. Das gilt auch für
Firmenbezeichnungen. Die auf dem Kontenabrufersuchen gleichwohl anzugebende Anschrift des
Kontoinhabers oder des Verfügungsberechtigten wird nicht in die Abfrage einbezogen.
 Bundeszentralamt
für Steuern
Bei Rückfragen bitte ich Sie, zunächst die FAQ (häufige Fragen) zu beachten, die Sie auf der
Homepage des BZSt unter http://www.bzst.bund.de oder, sofern Sie für die Verwaltung der
Grundsicherung für Arbeitsuchende nach dem Zweiten Buch Sozialgesetzbuch zuständig sind, im
Intranet der Bundesagentur für Arbeit finden. Sie können sich aber auch an die oben angegebene
Telefonnummer wenden.
Dieses Anschreiben wurde automatisch erstellt und ist ohne Unterschrift gültig.
 Anlage zu GZ: St Il 4 S 0229a KEVIZZ 2096018/25 (Bitte stets angeben)
Ergebnisse
zu der Anfrage von dem/der:
Obergerichtsvollzieherin
Beate Borren
vom:
15.09.2025
Ihr AZ:
DR II 1274/25
mit folgenden Anhaltsdaten:
Name:
Nachname:
Greiner
Vorname:
Ramona
Geburtsdatum:
09.05.1992
Kontonummer:
Stadtsparkasse Mönchengladbach
BAK-Nr.: 100892
Bismarckplatz 10, 41061 Mönchengladbach
Trefferanzahl: 4
Kontonummer: DE18310500000005522966
Errichtungsdatum: 28.06.1984
Kontoinfo:
Auflösungsdatum:
Kontoinhaber
Geburtsdatum
Seit
Bis
Thomas Greiner
28.06.1968
07.04.2014
Brunnenstr. 249, 41069 Mönchengladbach
Verfügungsberechtigte
Geburtsdatum
Seit
Bis
Ramona Greiner
09.05.1992
20.08.2025
Brunnenstr. 249, 41069 Mönchengladbach
Kontonummer: DE98310500001003493028
Errichtungsdatum: 09.06.2022
Kontoinfo:
Auflösungsdatum:
Kontoinhaber
Geburtsdatum
Seit
Bis
Ramona Greiner
09.05.1992
09.06.2022
Brunnenstr. 249, 41069 Mönchengladbach
Kontonummer: DE18310500001004624324
Errichtungsdatum: 20.08.2025
Kontoinfo:
Auflösungsdatum:
Kontoinhaber
Geburtsdatum
Seit
Bis
Thomas Greiner
28.06.1968
20.08.2025
Brunnenstr. 249, 41069 Mönchengladbach
Verfügungsberechtigte
Geburtsdatum
Seit
Bis
Ramona Greiner
09.05.1992
20.08.2025
Brunnenstr. 249, 41069 Mönchengladbach
Anfrage von Obergerichtsvollzieherin
Seite
1 von
2
Beate Borren (G05462) zu AZ DR Il 1274/25
 Anlage zu GZ: St Il 4 - S 0229a KEVIZZ - 2096018/25 (Bitte stets angeben)
Kontonummer: DE54310500001003492947
Errichtungsdatum: 09.06.2022
Kontoinfo:
Auflösungsdatum:
Kontoinhaber
Geburtsdatum Seit
Bis
Ramona Greiner
09.05.1992
09.06.2022
Brunnenstr. 249, 41069 Mönchengladbach
Anfrage von Obergerichtsvollzieherin
Seite
2 von
2
Beate Borren (G05462) zu AZ DR Il 1274/25",drittauskunft,False,False,d2b3ca58-b8b9-58bb-9527-8bba49ea1c50,516d518e-33dd-5a69-b1b6-1b7fa89d3819,09bc758a37185c8fc3dd37c6648b712cc1e6f06597def2ce56d1b1ee440a1ac7,s3://pair-data-engineering-new/ocr_prepared_output/09bc758a37185c8fc3dd37c6648b712cc1e6f06597def2ce56d1b1ee440a1ac7.json
data/aftercourt/drittauskunft_without_invoice/Dr_ii_635_25_an_gl_mitt_ergebnis_drittauskunft_ohne_hb20251219-311-1savlpi.pdf,"<page_1>
Gerichtsvollzieherin
Amtsgericht: Besigheim
Resch
Büroanschrift:
Hauptstraße 51
74354 Besigheim
Sprechstunde:
Dienstag 11.00 Uhr bis 12.00 Uhr
Donnerstag 08.30 bis 09.30 Uhr
07143-9623876
Außerhalb der Sprechstunde zu erreichen:
0163-1440605
Abs.: GVin Resch, Hauptstraße 51, 74354 Besigheim
E-Mail: Resch@gypost.de
PAIR Finance GmbH
IBAN: DE59604500501001572000
vdd GF
BIC: SOLADES1LBG
Knesebeckstraße 62-63
10719 Berlin
Mein Zeichen
Ihr Zeichen
DR II 635/25
165772579091
Besigheim, 18.12.2025
Bitte immer angeben!
Zwangsvollstreckungssache
Outfittery GmbH, Mehringdamm 55, 10961 Berlin
vertr. d.
PAIR Finance GmbH, Knesebeckstraße 62-63, 10719 Berlin
gegen
Frau Marina Zart, Lisztstraße 28, 71732 Tamm
Sehr geehrte Damen und Herren,
in O. g. Sache haben Sie mich beauftragt, eine Drittauskunft nach § 8021 ZPO beim Bundeszentralamt für Steuern
einzuholen.
Das Ergebnis teile ich Ihnen unter Übersendung einer Kopie der entsprechenden Stellen mit.
Der Schuldner ist unentschuldigt nicht zum anberaumten Termin erschienen, somit wurden im Termin zur Abgabe der
Vermögensauskunft die Grundlagen für die Ausfertigung eines Haftbefehls geschaffen.
Da Sie keine Verhaftung in Ihrem Antragsschreiben beantragt haben, erhalten Sie die Vollstreckungsunterlagen
(falls im Original übermittelt) zurück.
Das Eintragungsanordnungsverfahren wurde veranlasst.
Ich weise Sie ausdrücklich darauf hin, dass die erlangten Daten nur zu Vollstreckungszwecken genutzt werden dürfen
und nach Zweckerreichung in dieser Sache zu löschen sind (§§ 802 Abs. 3, 802 d Abs. 1 ZPO). Die Weiterleitung
dieser Daten an Dritte ist unzulässig.
Nach Zweckerreichung sind erlangte Schuldnerdaten zu löschen.
Informationen zum Schutz personenbezogener Daten bei deren Verarbeitung durch die Justiz nach Artikel 13 und
Artikel 14 der Europäischen Datenschutz-Grundverordnung finden sich auf der Internetseite des Gerichts unter dem
Menüpunkt Service"" / Informationen zum Datenschutz in der Justiz"". Auf Wunsch kann diese Information auch in
Papierform übersandt werden.
Kostenrechnung GvKostG (KV=Kostenverzeichnis) in EUR V. 18.12.25
Mit freundlichen Grüßen
Nr. Bezeichnung
Betrag Anz. Gesamt
1
KV 100 Pers. Zustellung
12,00 1
12,00
2
KV 440 Auskunft BZSt
15,60 1
15,60
3
KV 701 Entgelt Zustellung
5,62 1
5,62
(Resch)
4
KV 716 Pauschale
1,12
Gerichtsvollzieherin
5 Rechnungs- und Zahlungsbetrag
34,34
beim Amtsgericht Besigheim
D. Kostenschuldn. ist Outfittery GmbH.
Rechtsbehelfsbelehrung: Gegen diese Kostenrechnung kann Erinnerung
(zweckmäßig begründet) beim Amtsgericht Besigheim, schriftlich oder zu
Protokoll der Geschäftsstelle eingelegt werden. Die Erinnerung kann als
ein für die Bearbeitung durch das Gericht gem. §§ 2 und 5 ERVV
<page_2>
geeignetes elektronisches Dokument eingereicht werden. Die
verantwortende Person muss jedes Dokument mit einer qualifizierten
elektronischen Signatur (QES) versehen und gem. § 4 ERVV oder signiert
auf sicherem Übermittlungsweg gem. § 130a Abs. 4 ZPO einreichen.
Weitere Informationen unter www.justiz.de.
<page_3>
Bundeszentralamt
für Steuern
POSTANSCHRIFT
Bundeszentralamt für Steuern, 11055 Berlin
HAUSANSCHRIFT
DGZ-Ring 12, 13086 Berlin
BEARBEITET VON
Gerichtsvollzieherin
Stefanie Resch
Steuerabteilung National
Kontenabrufverfahren
Platanenstraße 59-1
TEL
+49 (0) 2 28 40 6-3600
71665 Vaihingen Enz
FAX
+49 (0) 2 28 40 6-4408
E-MAIL
kontenabruf@bzst.bund.de
INTERNET
www.bzst.bund.de
BETREFF
Kontenabrufersuchen nach §§ 93, 93b Abgabenordnung (AO)
BEZUG
Ihr Kontenabrufersuchen vom 17.12.2025 AZ: DR Il 635/25
ANLAGEN
1
GZ
St II 4 S 0229a KEVIZZ 2942546/25
(bei Antwort bitte angeben)
DATUM
18.12.2025
Ihr oben genanntes Kontenabrufersuchen ist im Rahmen des automatisierten Abrufs von
Kontoinformationen bearbeitet worden. Die Ergebnisse dieses Abrufs entnehmen Sie bitte der
nachfolgenden Anlage.
Bitte beachten Sie
dass die Verantwortung für die Zulässigkeit des Datenabrufs und die Datenübermittlung die
ersuchende Behörde trägt (§ 93b Abs. 3 AO),
die Informations- und Dokumentationspflichten gemäß § 93 Abs. 9 und 10 AO sowie den
Anwendungserlass zur Abgabenordnung (AEAO),
dass die Kontenstammdaten in der Datei nach § 24c Kreditwesengesetz (KWG) durch die
beteiligten Kreditinstitute vorgehalten werden. Ich kann deshalb keine Haftung dafür
übernehmen, dass die im Rahmen des Kontenabrufs mitgeteilten Daten vollständig und
inhaltlich korrekt sind.
Zum Inhalt des Ergebnisses bemerke ich folgendes:
Aufgrund der gesetzlichen Vorgabe der Unterscheidungsmerkmale in den von den Kreditinstituten
zu führenden Dateien kann die Identität der gemeldeten Personen immer nur im Hinblick auf die
Merkmale Name und Geburtsdatum für die Kontoinhaber und Verfügungsberechtigten bzw. Name
und Anschrift für die abweichend wirtschaftlich Berechtigten festgestellt werden. Insofern muss das
übermittelte Abrufergebnis trotz Übereinstimmung des Namens und des Geburtsdatums nicht
zwingend mit der von Ihnen abgefragten Person identisch sein. Das gilt auch für
Firmenbezeichnungen. Die auf dem Kontenabrufersuchen gleichwohl anzugebende Anschrift des
Kontoinhabers oder des Verfügungsberechtigten wird nicht in die Abfrage einbezogen.
<page_4>
Bundeszentralamt
für Steuern
Bei Rückfragen bitte ich Sie, zunächst die FAQ (häufige Fragen) zu beachten, die Sie auf der
Homepage des BZSt unter http://www.bzst.bund.de oder, sofern Sie für die Verwaltung der
Grundsicherung für Arbeitsuchende nach dem Zweiten Buch Sozialgesetzbuch zuständig sind, im
Intranet der Bundesagentur für Arbeit finden. Sie können sich aber auch an die oben angegebene
Telefonnummer wenden.
Dieses Anschreiben wurde automatisch erstellt und ist ohne Unterschrift gültig.
<page_5>
Anlage zu GZ: St Il 4 S 0229a KEVIZZ 2942546/25 (Bitte stets angeben)
Ergebnisse
zu der Anfrage von dem/der:
Gerichtsvollzieherin
Stefanie Resch
vom:
17.12.2025
Ihr AZ:
DR II 635/25
mit folgenden Anhaltsdaten:
Name:
Nachname:
Zart
Vorname:
Marina
Geburtsdatum:
25.05.1988
Kontonummer:
Kreissparkasse Ludwigsburg
BAK-Nr.: 100530
Schillerplatz 6, 71638 Ludwigsburg, Württ
Trefferanzahl: 6
Kontonummer: DE09604500504001036873
Errichtungsdatum: 27.11.2020
Kontoinfo:
Auflösungsdatum:
Kontoinhaber
Geburtsdatum
Seit
Bis
Emma Zart
01.09.2019
27.11.2020
27.03.2024
Ludwigsburger Str. 151, 71642 Ludwigsburg
Emma Zart
01.09.2019
27.03.2024
Lisztstr. 28, 71732 Tamm
Verfügungsberechtigte
Geburtsdatum
Seit
Bis
Alexander Daniel Zart
07.11.1987
15.11.2022
Lisztstr. 28, 71732 Tamm
Marina Zart
25.05.1988
05.12.2022
Lisztstr. 28, 71732 Tamm
Kontonummer: DE91604500500100147320
Errichtungsdatum: 20.02.1996
Kontoinfo:
Auflösungsdatum:
Kontoinhaber
Geburtsdatum
Seit
Bis
Marina Zart
25.05.1988
05.12.2022
Lisztstr. 28, 71732 Tamm
Kontonummer: DE14604500504001036880
Errichtungsdatum: 27.11.2020
Kontoinfo:
Auflösungsdatum:
Kontoinhaber
Geburtsdatum
Seit
Bis
Maximilian Zart
09.03.2015
27.11.2020
16.03.2023
Ludwigsburger Str. 151, 71642 Ludwigsburg
Anfrage von Gerichtsvollzieherin
Seite
1 von
4
Stefanie Resch (G08759) zu AZ DR Il 635/25
<page_6>
Anlage zu GZ: St Il 4 - S 0229a KEVIZZ 2942546/25 (Bitte stets angeben)
Maximilian Zart
09.03.2015
16.03.2023
Lisztstr. 28, 71732 Tamm
Verfügungsberechtigte
Geburtsdatum
Seit
Bis
Alexander Daniel Zart
07.11.1987
15.11.2022
Lisztstr. 28, 71732 Tamm
Marina Zart
25.05.1988
05.12.2022
Lisztstr. 28, 71732 Tamm
Kontonummer: DE25604500501001939272
Errichtungsdatum: 27.11.2020
Kontoinfo:
Auflösungsdatum:
Kontoinhaber
Geburtsdatum
Seit
Bis
Maximilian Zart
09.03.2015
27.11.2020
16.03.2023
Ludwigsburger Str. 151, 71642 Ludwigsburg
Maximilian Zart
09.03.2015
16.03.2023
Lisztstr. 28, 71732 Tamm
Verfügungsberechtigte
Geburtsdatum
Seit
Bis
Alexander Daniel Zart
07.11.1987
15.11.2022
Lisztstr. 28, 71732 Tamm
Marina Zart
25.05.1988
05.12.2022
Lisztstr. 28, 71732 Tamm
Kontonummer: DE19604500501001939186
Errichtungsdatum: 27.11.2020
Kontoinfo:
Auflösungsdatum:
Kontoinhaber
Geburtsdatum
Seit
Bis
Alexander Daniel Zart
07.11.1987
15.11.2022
Lisztstr. 28, 71732 Tamm
Marina Zart
25.05.1988
05.12.2022
Lisztstr. 28, 71732 Tamm
Kontonummer: DE86604500501001939241
Errichtungsdatum: 27.11.2020
Kontoinfo:
Auflösungsdatum:
Kontoinhaber
Geburtsdatum
Seit
Bis
Emma Zart
01.09.2019
27.11.2020
27.03.2024
Ludwigsburger Str. 151, 71642 Ludwigsburg
Emma Zart
01.09.2019
27.03.2024
Lisztstr. 28, 71732 Tamm
Verfügungsberechtigte
Geburtsdatum
Seit
Bis
Alexander Daniel Zart
07.11.1987
15.11.2022
Lisztstr. 28, 71732 Tamm
Marina Zart
25.05.1988
05.12.2022
Lisztstr. 28, 71732 Tamm
Anfrage von Gerichtsvollzieherin
Seite
2 von
4
Stefanie Resch (G08759) zu AZ DR Il 635/25
<page_7>
Anlage zu GZ: St Il 4 - S 0229a KEVIZZ 2942546/25 (Bitte stets angeben)
VR-Bank Ludwigsburg eG
BAK-Nr.: 101316
Schwieberdinger Straße 25, 71636 Ludwigsburg, Württ
Trefferanzahl: 2
Kontonummer: DE40604914300858737000
Errichtungsdatum: 24.03.2015
Kontoinfo:
Auflösungsdatum:
Kontoinhaber
Geburtsdatum
Seit
Bis
Maximilian Zart
09.03.2015
05.11.2021
30.06.2025
Ludwigsburger Str. 151 71642 Ludwigsburg
Maximilian Zart
09.03.2015
30.06.2025
Lisztstr. 28 71732 Tamm
Verfügungsberechtigte
Geburtsdatum
Seit
Bis
Marina Zart
25.05.1988
05.11.2021
Ludwigsburger Str. 151 71642 Ludwigsburg
Alexander Daniel Zart
07.11.1987
05.11.2021
13.12.2024
Ludwigsburger Str. 151 71642 Ludwigsburg
Alexander Daniel Zart
07.11.1987
13.12.2024
Lisztstr. 28 71732 Tamm
Kontonummer: DE02604914300201345404
Errichtungsdatum: 19.02.2014
Kontoinfo:
Auflösungsdatum:
Kontoinhaber
Geburtsdatum
Seit
Bis
Alexander Daniel Zart
07.11.1987
05.11.2021
13.12.2024
Ludwigsburger Str. 151 71642 Ludwigsburg
Alexander Daniel Zart
07.11.1987
13.12.2024
Lisztstr. 28 71732 Tamm
Verfügungsberechtigte
Geburtsdatum
Seit
Bis
Marina Zart
25.05.1988
05.11.2021
Ludwigsburger Str. 151 71642 Ludwigsburg
VR Bank Heilbronn Schwäbisch Hall eG
BAK-Nr.: 101413
Dietrich-Bonhoeffer-Platz 1, 74523 Schwäbisch Hall
Trefferanzahl: 1
Kontonummer: DE74622901100575293217
Errichtungsdatum: 19.08.2022
Kontoinfo:
Auflösungsdatum:
Kontoinhaber
Geburtsdatum Seit
Bis
Marina Zart
25.05.1988
15.12.2022
Lisztstr. 28 71732 Tamm
Anfrage von Gerichtsvollzieherin
Seite
3 von
4
Stefanie Resch (G08759) zu AZ DR Il 635/25
<page_8>
Anlage zu GZ: St Il 4 - S 0229a KEVIZZ 2942546/25 (Bitte stets angeben)
Alexander Daniel Zart
07.11.1987
07.12.2022
Lisztstr. 28 71732 Tamm
TeamBank AG Nürnberg
BAK-Nr.: 115162
Beuthener Straße 25, 90471 Nürnberg, Mittelfr
Trefferanzahl: 1
Kontonummer: DE69760320006001558038
Errichtungsdatum: 20.10.2021
Kontoinfo:
Auflösungsdatum:
Kontoinhaber
Geburtsdatum Seit
Bis
Marina Zart
25.05.1988
20.10.2021
Lugaufstr. 21 71691 Freiberg Bundesrep. Deutschland
Alexander Daniel Zart
07.11.1987
20.10.2021
Lugaufstr. 21 71691 Freiberg Bundesrep. Deutschland
Anfrage von Gerichtsvollzieherin
Seite
4 von
4
Stefanie Resch (G08759) zu AZ DR II 635/25",False," Gerichtsvollzieherin
Amtsgericht: Besigheim
Resch
Büroanschrift:
Hauptstraße 51
74354 Besigheim
Sprechstunde:
Dienstag 11.00 Uhr bis 12.00 Uhr
Donnerstag 08.30 bis 09.30 Uhr
07143-9623876
Außerhalb der Sprechstunde zu erreichen:
0163-1440605
Abs.: GVin Resch, Hauptstraße 51, 74354 Besigheim
E-Mail: Resch@gypost.de
PAIR Finance GmbH
IBAN: DE59604500501001572000
vdd GF
BIC: SOLADES1LBG
Knesebeckstraße 62-63
10719 Berlin
Mein Zeichen
Ihr Zeichen
DR II 635/25
165772579091
Besigheim, 18.12.2025
Bitte immer angeben!
Zwangsvollstreckungssache
Outfittery GmbH, Mehringdamm 55, 10961 Berlin
vertr. d.
PAIR Finance GmbH, Knesebeckstraße 62-63, 10719 Berlin
gegen
Frau Marina Zart, Lisztstraße 28, 71732 Tamm
Sehr geehrte Damen und Herren,
in O. g. Sache haben Sie mich beauftragt, eine Drittauskunft nach § 8021 ZPO beim Bundeszentralamt für Steuern
einzuholen.
Das Ergebnis teile ich Ihnen unter Übersendung einer Kopie der entsprechenden Stellen mit.
Der Schuldner ist unentschuldigt nicht zum anberaumten Termin erschienen, somit wurden im Termin zur Abgabe der
Vermögensauskunft die Grundlagen für die Ausfertigung eines Haftbefehls geschaffen.
Da Sie keine Verhaftung in Ihrem Antragsschreiben beantragt haben, erhalten Sie die Vollstreckungsunterlagen
(falls im Original übermittelt) zurück.
Das Eintragungsanordnungsverfahren wurde veranlasst.
Ich weise Sie ausdrücklich darauf hin, dass die erlangten Daten nur zu Vollstreckungszwecken genutzt werden dürfen
und nach Zweckerreichung in dieser Sache zu löschen sind (§§ 802 Abs. 3, 802 d Abs. 1 ZPO). Die Weiterleitung
dieser Daten an Dritte ist unzulässig.
Nach Zweckerreichung sind erlangte Schuldnerdaten zu löschen.
Informationen zum Schutz personenbezogener Daten bei deren Verarbeitung durch die Justiz nach Artikel 13 und
Artikel 14 der Europäischen Datenschutz-Grundverordnung finden sich auf der Internetseite des Gerichts unter dem
Menüpunkt Service"" / Informationen zum Datenschutz in der Justiz"". Auf Wunsch kann diese Information auch in
Papierform übersandt werden.
Kostenrechnung GvKostG (KV=Kostenverzeichnis) in EUR V. 18.12.25
Mit freundlichen Grüßen
Nr. Bezeichnung
Betrag Anz. Gesamt
1
KV 100 Pers. Zustellung
12,00 1
12,00
2
KV 440 Auskunft BZSt
15,60 1
15,60
3
KV 701 Entgelt Zustellung
5,62 1
5,62
(Resch)
4
KV 716 Pauschale
1,12
Gerichtsvollzieherin
5 Rechnungs- und Zahlungsbetrag
34,34
beim Amtsgericht Besigheim
D. Kostenschuldn. ist Outfittery GmbH.
Rechtsbehelfsbelehrung: Gegen diese Kostenrechnung kann Erinnerung
(zweckmäßig begründet) beim Amtsgericht Besigheim, schriftlich oder zu
Protokoll der Geschäftsstelle eingelegt werden. Die Erinnerung kann als
ein für die Bearbeitung durch das Gericht gem. §§ 2 und 5 ERVV
 geeignetes elektronisches Dokument eingereicht werden. Die
verantwortende Person muss jedes Dokument mit einer qualifizierten
elektronischen Signatur (QES) versehen und gem. § 4 ERVV oder signiert
auf sicherem Übermittlungsweg gem. § 130a Abs. 4 ZPO einreichen.
Weitere Informationen unter www.justiz.de.
 Bundeszentralamt
für Steuern
POSTANSCHRIFT
Bundeszentralamt für Steuern, 11055 Berlin
HAUSANSCHRIFT
DGZ-Ring 12, 13086 Berlin
BEARBEITET VON
Gerichtsvollzieherin
Stefanie Resch
Steuerabteilung National
Kontenabrufverfahren
Platanenstraße 59-1
TEL
+49 (0) 2 28 40 6-3600
71665 Vaihingen Enz
FAX
+49 (0) 2 28 40 6-4408
E-MAIL
kontenabruf@bzst.bund.de
INTERNET
www.bzst.bund.de
BETREFF
Kontenabrufersuchen nach §§ 93, 93b Abgabenordnung (AO)
BEZUG
Ihr Kontenabrufersuchen vom 17.12.2025 AZ: DR Il 635/25
ANLAGEN
1
GZ
St II 4 S 0229a KEVIZZ 2942546/25
(bei Antwort bitte angeben)
DATUM
18.12.2025
Ihr oben genanntes Kontenabrufersuchen ist im Rahmen des automatisierten Abrufs von
Kontoinformationen bearbeitet worden. Die Ergebnisse dieses Abrufs entnehmen Sie bitte der
nachfolgenden Anlage.
Bitte beachten Sie
dass die Verantwortung für die Zulässigkeit des Datenabrufs und die Datenübermittlung die
ersuchende Behörde trägt (§ 93b Abs. 3 AO),
die Informations- und Dokumentationspflichten gemäß § 93 Abs. 9 und 10 AO sowie den
Anwendungserlass zur Abgabenordnung (AEAO),
dass die Kontenstammdaten in der Datei nach § 24c Kreditwesengesetz (KWG) durch die
beteiligten Kreditinstitute vorgehalten werden. Ich kann deshalb keine Haftung dafür
übernehmen, dass die im Rahmen des Kontenabrufs mitgeteilten Daten vollständig und
inhaltlich korrekt sind.
Zum Inhalt des Ergebnisses bemerke ich folgendes:
Aufgrund der gesetzlichen Vorgabe der Unterscheidungsmerkmale in den von den Kreditinstituten
zu führenden Dateien kann die Identität der gemeldeten Personen immer nur im Hinblick auf die
Merkmale Name und Geburtsdatum für die Kontoinhaber und Verfügungsberechtigten bzw. Name
und Anschrift für die abweichend wirtschaftlich Berechtigten festgestellt werden. Insofern muss das
übermittelte Abrufergebnis trotz Übereinstimmung des Namens und des Geburtsdatums nicht
zwingend mit der von Ihnen abgefragten Person identisch sein. Das gilt auch für
Firmenbezeichnungen. Die auf dem Kontenabrufersuchen gleichwohl anzugebende Anschrift des
Kontoinhabers oder des Verfügungsberechtigten wird nicht in die Abfrage einbezogen.
 Bundeszentralamt
für Steuern
Bei Rückfragen bitte ich Sie, zunächst die FAQ (häufige Fragen) zu beachten, die Sie auf der
Homepage des BZSt unter http://www.bzst.bund.de oder, sofern Sie für die Verwaltung der
Grundsicherung für Arbeitsuchende nach dem Zweiten Buch Sozialgesetzbuch zuständig sind, im
Intranet der Bundesagentur für Arbeit finden. Sie können sich aber auch an die oben angegebene
Telefonnummer wenden.
Dieses Anschreiben wurde automatisch erstellt und ist ohne Unterschrift gültig.
 Anlage zu GZ: St Il 4 S 0229a KEVIZZ 2942546/25 (Bitte stets angeben)
Ergebnisse
zu der Anfrage von dem/der:
Gerichtsvollzieherin
Stefanie Resch
vom:
17.12.2025
Ihr AZ:
DR II 635/25
mit folgenden Anhaltsdaten:
Name:
Nachname:
Zart
Vorname:
Marina
Geburtsdatum:
25.05.1988
Kontonummer:
Kreissparkasse Ludwigsburg
BAK-Nr.: 100530
Schillerplatz 6, 71638 Ludwigsburg, Württ
Trefferanzahl: 6
Kontonummer: DE09604500504001036873
Errichtungsdatum: 27.11.2020
Kontoinfo:
Auflösungsdatum:
Kontoinhaber
Geburtsdatum
Seit
Bis
Emma Zart
01.09.2019
27.11.2020
27.03.2024
Ludwigsburger Str. 151, 71642 Ludwigsburg
Emma Zart
01.09.2019
27.03.2024
Lisztstr. 28, 71732 Tamm
Verfügungsberechtigte
Geburtsdatum
Seit
Bis
Alexander Daniel Zart
07.11.1987
15.11.2022
Lisztstr. 28, 71732 Tamm
Marina Zart
25.05.1988
05.12.2022
Lisztstr. 28, 71732 Tamm
Kontonummer: DE91604500500100147320
Errichtungsdatum: 20.02.1996
Kontoinfo:
Auflösungsdatum:
Kontoinhaber
Geburtsdatum
Seit
Bis
Marina Zart
25.05.1988
05.12.2022
Lisztstr. 28, 71732 Tamm
Kontonummer: DE14604500504001036880
Errichtungsdatum: 27.11.2020
Kontoinfo:
Auflösungsdatum:
Kontoinhaber
Geburtsdatum
Seit
Bis
Maximilian Zart
09.03.2015
27.11.2020
16.03.2023
Ludwigsburger Str. 151, 71642 Ludwigsburg
Anfrage von Gerichtsvollzieherin
Seite
1 von
4
Stefanie Resch (G08759) zu AZ DR Il 635/25
 Anlage zu GZ: St Il 4 - S 0229a KEVIZZ 2942546/25 (Bitte stets angeben)
Maximilian Zart
09.03.2015
16.03.2023
Lisztstr. 28, 71732 Tamm
Verfügungsberechtigte
Geburtsdatum
Seit
Bis
Alexander Daniel Zart
07.11.1987
15.11.2022
Lisztstr. 28, 71732 Tamm
Marina Zart
25.05.1988
05.12.2022
Lisztstr. 28, 71732 Tamm
Kontonummer: DE25604500501001939272
Errichtungsdatum: 27.11.2020
Kontoinfo:
Auflösungsdatum:
Kontoinhaber
Geburtsdatum
Seit
Bis
Maximilian Zart
09.03.2015
27.11.2020
16.03.2023
Ludwigsburger Str. 151, 71642 Ludwigsburg
Maximilian Zart
09.03.2015
16.03.2023
Lisztstr. 28, 71732 Tamm
Verfügungsberechtigte
Geburtsdatum
Seit
Bis
Alexander Daniel Zart
07.11.1987
15.11.2022
Lisztstr. 28, 71732 Tamm
Marina Zart
25.05.1988
05.12.2022
Lisztstr. 28, 71732 Tamm
Kontonummer: DE19604500501001939186
Errichtungsdatum: 27.11.2020
Kontoinfo:
Auflösungsdatum:
Kontoinhaber
Geburtsdatum
Seit
Bis
Alexander Daniel Zart
07.11.1987
15.11.2022
Lisztstr. 28, 71732 Tamm
Marina Zart
25.05.1988
05.12.2022
Lisztstr. 28, 71732 Tamm
Kontonummer: DE86604500501001939241
Errichtungsdatum: 27.11.2020
Kontoinfo:
Auflösungsdatum:
Kontoinhaber
Geburtsdatum
Seit
Bis
Emma Zart
01.09.2019
27.11.2020
27.03.2024
Ludwigsburger Str. 151, 71642 Ludwigsburg
Emma Zart
01.09.2019
27.03.2024
Lisztstr. 28, 71732 Tamm
Verfügungsberechtigte
Geburtsdatum
Seit
Bis
Alexander Daniel Zart
07.11.1987
15.11.2022
Lisztstr. 28, 71732 Tamm
Marina Zart
25.05.1988
05.12.2022
Lisztstr. 28, 71732 Tamm
Anfrage von Gerichtsvollzieherin
Seite
2 von
4
Stefanie Resch (G08759) zu AZ DR Il 635/25
 Anlage zu GZ: St Il 4 - S 0229a KEVIZZ 2942546/25 (Bitte stets angeben)
VR-Bank Ludwigsburg eG
BAK-Nr.: 101316
Schwieberdinger Straße 25, 71636 Ludwigsburg, Württ
Trefferanzahl: 2
Kontonummer: DE40604914300858737000
Errichtungsdatum: 24.03.2015
Kontoinfo:
Auflösungsdatum:
Kontoinhaber
Geburtsdatum
Seit
Bis
Maximilian Zart
09.03.2015
05.11.2021
30.06.2025
Ludwigsburger Str. 151 71642 Ludwigsburg
Maximilian Zart
09.03.2015
30.06.2025
Lisztstr. 28 71732 Tamm
Verfügungsberechtigte
Geburtsdatum
Seit
Bis
Marina Zart
25.05.1988
05.11.2021
Ludwigsburger Str. 151 71642 Ludwigsburg
Alexander Daniel Zart
07.11.1987
05.11.2021
13.12.2024
Ludwigsburger Str. 151 71642 Ludwigsburg
Alexander Daniel Zart
07.11.1987
13.12.2024
Lisztstr. 28 71732 Tamm
Kontonummer: DE02604914300201345404
Errichtungsdatum: 19.02.2014
Kontoinfo:
Auflösungsdatum:
Kontoinhaber
Geburtsdatum
Seit
Bis
Alexander Daniel Zart
07.11.1987
05.11.2021
13.12.2024
Ludwigsburger Str. 151 71642 Ludwigsburg
Alexander Daniel Zart
07.11.1987
13.12.2024
Lisztstr. 28 71732 Tamm
Verfügungsberechtigte
Geburtsdatum
Seit
Bis
Marina Zart
25.05.1988
05.11.2021
Ludwigsburger Str. 151 71642 Ludwigsburg
VR Bank Heilbronn Schwäbisch Hall eG
BAK-Nr.: 101413
Dietrich-Bonhoeffer-Platz 1, 74523 Schwäbisch Hall
Trefferanzahl: 1
Kontonummer: DE74622901100575293217
Errichtungsdatum: 19.08.2022
Kontoinfo:
Auflösungsdatum:
Kontoinhaber
Geburtsdatum Seit
Bis
Marina Zart
25.05.1988
15.12.2022
Lisztstr. 28 71732 Tamm
Anfrage von Gerichtsvollzieherin
Seite
3 von
4
Stefanie Resch (G08759) zu AZ DR Il 635/25
 Anlage zu GZ: St Il 4 - S 0229a KEVIZZ 2942546/25 (Bitte stets angeben)
Alexander Daniel Zart
07.11.1987
07.12.2022
Lisztstr. 28 71732 Tamm
TeamBank AG Nürnberg
BAK-Nr.: 115162
Beuthener Straße 25, 90471 Nürnberg, Mittelfr
Trefferanzahl: 1
Kontonummer: DE69760320006001558038
Errichtungsdatum: 20.10.2021
Kontoinfo:
Auflösungsdatum:
Kontoinhaber
Geburtsdatum Seit
Bis
Marina Zart
25.05.1988
20.10.2021
Lugaufstr. 21 71691 Freiberg Bundesrep. Deutschland
Alexander Daniel Zart
07.11.1987
20.10.2021
Lugaufstr. 21 71691 Freiberg Bundesrep. Deutschland
Anfrage von Gerichtsvollzieherin
Seite
4 von
4
Stefanie Resch (G08759) zu AZ DR II 635/25",drittauskunft,False,False,aa7e27d2-0962-5d93-99d6-9d278a2411e3,ef376efd-2805-5742-a6cf-d13118d7db83,3c63835fd0cbf6a7d3bea27dd388b74395287544adfac7774c328024ea4f554f,s3://pair-data-engineering-new/ocr_prepared_output/3c63835fd0cbf6a7d3bea27dd388b74395287544adfac7774c328024ea4f554f.json
data/aftercourt/drittauskunft_without_invoice/0_sammel120251218-310-1m86won.pdf,"<page_1>
Gerichtsvollzieherin
Postfach 60 02 11
S. Czirpka
58138 Hagen
Bürozeiten
Amtsgericht
Montag: 09:00 10:00 Uhr
Hagen
Mittwoch: 09:00 10:00 Uhr
Telefonsprechzeiten:
Montag und Mittwoch 13:30 14:30 Uhr
Telefon: 0176/20740658 (erreichbar während
Abs.: GVin S. Czirpka, Postfach 60 02 11, 58138 Hagen
der Telefonsprechstunden)
PAIR Finance GmbH
Dienstkonto
Knesebeckstraße 62-63
Zahlungsempfänger: Sabrina Czirpka
10719 Berlin
IBAN: DE58 4505 0001 1000 4465 46
Sparkasse an Volme und Ruhr
Mein Zeichen
Ihr Zeichen
DR II 1949/25
168611061909
Hagen, 17.12.2025
Bitte immer angeben!
Das Büro ist vom 24.12.25 bis 04.01.26 geschlossen!
Zwangsvollstreckungssache
PAIR Finance GmbH, Knesebeckstraße 62-63, 10719 Berlin
vertr. d.
PAIR Finance GmbH, Knesebeckstraße 62-63, 10719 Berlin
gegen
Frau Enrica Donghia, Freiligrathstraße 26, 58099 Hagen
Sehr geehrte Damen und Herren,
in o.g. Sache haben Sie mich beauftragt, eine Drittauskunft nach § 8021 ZPO beim Bundeszentralamt für Steuern
einzuholen.
Das E Ergebnis teile ich Ihnen unter Übersendung einer Kopie der entsprechenden Stelle mit.
Ich weise Sie ausdrücklich darauf hin, dass die erlangten Daten nur zu Vollstreckungszwecken genutzt werden dürfen
und nach Zweckerreichung in dieser Sache zu löschen sind (§§ 802 Abs. 3, 802 d Abs. 1 ZPO). Die Weiterleitung
dieser Daten an Dritte ist unzulässig.
Mit freundlichen Grüßen
S. Caipha
(S. Czirpka)
Gerichtsvollzieherin
beim Amtsgericht Hagen
Seite 1 des Dokuments zu ""DR Il 1949/25
<page_2>
Bundeszentralamt
für Steuern
POSTANSCHRIFT
Bundeszentralamt für Steuem, 11055 Berlin
HAUSANSCHRIFT
DGZ-Ring 12, 13086 Berlin
BEARBEITET VON
Gerichtsvollzieherin
Sabrina Czirpka
Steuerabteilung National
Kontenabrufverfahren
Postfach 600211
TEL
+49 (0) 2 28 40 6-3600
58138 Hagen
FAX
+49 (0) 2 28 40 6-4408
E-MAIL
kontenabruf@bzst.bund.de
INTERNET
www.bzst.bund.de
BETREFF
Kontenabrufersuchen nach §§ 93, 93b Abgabenordnung (AO)
BEZUG
Ihr Kontenabrufersuchen vom 16.12.2025 AZ: DR Il 1949/25
ANLAGEN
1
GZ
St II 4 S 0229a KEVIZZ 2933120/25
(bei Antwort bitte angeben)
DATUM
17.12.2025
Ihr oben genanntes Kontenabrufersuchen ist im Rahmen des automatisierten Abrufs von
Kontoinformationen bearbeitet worden. Die Ergebnisse dieses Abrufs entnehmen Sie bitte der
nachfolgenden Anlage.
Bitte beachten Sie
dass die Verantwortung für die Zulässigkeit des Datenabrufs und die Datenübermittlung die
ersuchende Behörde trägt (§ 93b Abs. 3 AO),
die Informations- und Dokumentationspflichten gemäß § 93 Abs. 9 und 10 AO sowie den
Anwendungserlass zur Abgabenordnung (AEAO),
dass die Kontenstammdaten in der Datei nach § 24c Kreditwesengesetz (KWG) durch die
beteiligten Kreditinstitute vorgehalten werden. Ich kann deshalb keine Haftung dafür
übernehmen, dass die im Rahmen des Kontenabrufs mitgeteilten Daten vollständig und
inhaltlich korrekt sind.
Zum Inhalt des Ergebnisses bemerke ich folgendes:
Aufgrund der gesetzlichen Vorgabe der Unterscheidungsmerkmale in den von den Kreditinstituten
zu führenden Dateien kann die Identität der gemeldeten Personen immer nur im Hinblick auf die
Merkmale Name und Geburtsdatum für die Kontoinhaber und Verfügungsberechtigten bzw. Name
und Anschrift für die abweichend wirtschaftlich Berechtigten festgestellt werden. Insofern muss das
übermittelte Abrufergebnis trotz Übereinstimmung des Namens und des Geburtsdatums nicht
zwingend mit der von Ihnen abgefragten Person identisch sein. Das gilt auch für
Firmenbezeichnungen. Die auf dem Kontenabrufersuchen gleichwohl anzugebende Anschrift des
Kontoinhabers oder des Verfügungsberechtigten wird nicht in die Abfrage einbezogen.
<page_3>
Bundeszentralamt
für Steuern
Bei Rückfragen bitte ich Sie, zunächst die FAQ (häufige Fragen) zu beachten, die Sie auf der
Homepage des BZSt unter http://www.bzst.bund.de oder, sofern Sie für die Verwaltung der
Grundsicherung für Arbeitsuchende nach dem Zweiten Buch Sozialgesetzbuch zuständig sind, im
Intranet der Bundesagentur für Arbeit finden. Sie können sich aber auch an die oben angegebene
Telefonnummer wenden.
Dieses Anschreiben wurde automatisch erstellt und ist ohne Unterschrift gültig.
<page_4>
Anlage zu GZ: St Il 4 S 0229a KEVIZZ 2933120/25 (Bitte stets angeben)
Ergebnisse
zu der Anfrage von dem/der:
Gerichtsvollzieherin
Sabrina Czirpka
vom:
16.12.2025
Ihr AZ:
DR Il 1949/25
mit folgenden Anhaltsdaten:
Name:
Nachname:
Donghia
Vorname:
Enrica
Geburtsdatum:
13.08.1974
Kontonummer:
TARGOBANK AG
BAK-Nr.: 100180
Kasernenstraße 10, 40213 Düsseldorf
Trefferanzahl: 1
Kontonummer: DE38300209005300010230
Errichtungsdatum: 06.10.2009
Kontoinfo:
Auflösungsdatum:
Kontoinhaber
Geburtsdatum
Seit
Bis
LEONARDA DEPALMA
30.06.2020
KöLNER STR. 30 58135 HAGEN DEUTSCHLAND
Verfügungsberechtigte
Geburtsdatum
Seit
Bis
ENRICA DONGHIA
13.08.1974
30.06.2020
07.12.2023
SELBECKER STR. 28 58091 HAGEN DEUTSCHLAND
ENRICA DONGHIA
13.08.1974
07.12.2023
04.10.2024
EPPENHAUSER STR. 41 58093 HAGEN
DEUTSCHLAND
Anfrage von Gerichtsvollzieherin
Seite
1 von
1
Sabrina Czirpka (G21343) zu AZ DR II 1949/25",False," Gerichtsvollzieherin
Postfach 60 02 11
S. Czirpka
58138 Hagen
Bürozeiten
Amtsgericht
Montag: 09:00 10:00 Uhr
Hagen
Mittwoch: 09:00 10:00 Uhr
Telefonsprechzeiten:
Montag und Mittwoch 13:30 14:30 Uhr
Telefon: 0176/20740658 (erreichbar während
Abs.: GVin S. Czirpka, Postfach 60 02 11, 58138 Hagen
der Telefonsprechstunden)
PAIR Finance GmbH
Dienstkonto
Knesebeckstraße 62-63
Zahlungsempfänger: Sabrina Czirpka
10719 Berlin
IBAN: DE58 4505 0001 1000 4465 46
Sparkasse an Volme und Ruhr
Mein Zeichen
Ihr Zeichen
DR II 1949/25
168611061909
Hagen, 17.12.2025
Bitte immer angeben!
Das Büro ist vom 24.12.25 bis 04.01.26 geschlossen!
Zwangsvollstreckungssache
PAIR Finance GmbH, Knesebeckstraße 62-63, 10719 Berlin
vertr. d.
PAIR Finance GmbH, Knesebeckstraße 62-63, 10719 Berlin
gegen
Frau Enrica Donghia, Freiligrathstraße 26, 58099 Hagen
Sehr geehrte Damen und Herren,
in o.g. Sache haben Sie mich beauftragt, eine Drittauskunft nach § 8021 ZPO beim Bundeszentralamt für Steuern
einzuholen.
Das E Ergebnis teile ich Ihnen unter Übersendung einer Kopie der entsprechenden Stelle mit.
Ich weise Sie ausdrücklich darauf hin, dass die erlangten Daten nur zu Vollstreckungszwecken genutzt werden dürfen
und nach Zweckerreichung in dieser Sache zu löschen sind (§§ 802 Abs. 3, 802 d Abs. 1 ZPO). Die Weiterleitung
dieser Daten an Dritte ist unzulässig.
Mit freundlichen Grüßen
S. Caipha
(S. Czirpka)
Gerichtsvollzieherin
beim Amtsgericht Hagen
Seite 1 des Dokuments zu ""DR Il 1949/25
 Bundeszentralamt
für Steuern
POSTANSCHRIFT
Bundeszentralamt für Steuem, 11055 Berlin
HAUSANSCHRIFT
DGZ-Ring 12, 13086 Berlin
BEARBEITET VON
Gerichtsvollzieherin
Sabrina Czirpka
Steuerabteilung National
Kontenabrufverfahren
Postfach 600211
TEL
+49 (0) 2 28 40 6-3600
58138 Hagen
FAX
+49 (0) 2 28 40 6-4408
E-MAIL
kontenabruf@bzst.bund.de
INTERNET
www.bzst.bund.de
BETREFF
Kontenabrufersuchen nach §§ 93, 93b Abgabenordnung (AO)
BEZUG
Ihr Kontenabrufersuchen vom 16.12.2025 AZ: DR Il 1949/25
ANLAGEN
1
GZ
St II 4 S 0229a KEVIZZ 2933120/25
(bei Antwort bitte angeben)
DATUM
17.12.2025
Ihr oben genanntes Kontenabrufersuchen ist im Rahmen des automatisierten Abrufs von
Kontoinformationen bearbeitet worden. Die Ergebnisse dieses Abrufs entnehmen Sie bitte der
nachfolgenden Anlage.
Bitte beachten Sie
dass die Verantwortung für die Zulässigkeit des Datenabrufs und die Datenübermittlung die
ersuchende Behörde trägt (§ 93b Abs. 3 AO),
die Informations- und Dokumentationspflichten gemäß § 93 Abs. 9 und 10 AO sowie den
Anwendungserlass zur Abgabenordnung (AEAO),
dass die Kontenstammdaten in der Datei nach § 24c Kreditwesengesetz (KWG) durch die
beteiligten Kreditinstitute vorgehalten werden. Ich kann deshalb keine Haftung dafür
übernehmen, dass die im Rahmen des Kontenabrufs mitgeteilten Daten vollständig und
inhaltlich korrekt sind.
Zum Inhalt des Ergebnisses bemerke ich folgendes:
Aufgrund der gesetzlichen Vorgabe der Unterscheidungsmerkmale in den von den Kreditinstituten
zu führenden Dateien kann die Identität der gemeldeten Personen immer nur im Hinblick auf die
Merkmale Name und Geburtsdatum für die Kontoinhaber und Verfügungsberechtigten bzw. Name
und Anschrift für die abweichend wirtschaftlich Berechtigten festgestellt werden. Insofern muss das
übermittelte Abrufergebnis trotz Übereinstimmung des Namens und des Geburtsdatums nicht
zwingend mit der von Ihnen abgefragten Person identisch sein. Das gilt auch für
Firmenbezeichnungen. Die auf dem Kontenabrufersuchen gleichwohl anzugebende Anschrift des
Kontoinhabers oder des Verfügungsberechtigten wird nicht in die Abfrage einbezogen.
 Bundeszentralamt
für Steuern
Bei Rückfragen bitte ich Sie, zunächst die FAQ (häufige Fragen) zu beachten, die Sie auf der
Homepage des BZSt unter http://www.bzst.bund.de oder, sofern Sie für die Verwaltung der
Grundsicherung für Arbeitsuchende nach dem Zweiten Buch Sozialgesetzbuch zuständig sind, im
Intranet der Bundesagentur für Arbeit finden. Sie können sich aber auch an die oben angegebene
Telefonnummer wenden.
Dieses Anschreiben wurde automatisch erstellt und ist ohne Unterschrift gültig.
 Anlage zu GZ: St Il 4 S 0229a KEVIZZ 2933120/25 (Bitte stets angeben)
Ergebnisse
zu der Anfrage von dem/der:
Gerichtsvollzieherin
Sabrina Czirpka
vom:
16.12.2025
Ihr AZ:
DR Il 1949/25
mit folgenden Anhaltsdaten:
Name:
Nachname:
Donghia
Vorname:
Enrica
Geburtsdatum:
13.08.1974
Kontonummer:
TARGOBANK AG
BAK-Nr.: 100180
Kasernenstraße 10, 40213 Düsseldorf
Trefferanzahl: 1
Kontonummer: DE38300209005300010230
Errichtungsdatum: 06.10.2009
Kontoinfo:
Auflösungsdatum:
Kontoinhaber
Geburtsdatum
Seit
Bis
LEONARDA DEPALMA
30.06.2020
KöLNER STR. 30 58135 HAGEN DEUTSCHLAND
Verfügungsberechtigte
Geburtsdatum
Seit
Bis
ENRICA DONGHIA
13.08.1974
30.06.2020
07.12.2023
SELBECKER STR. 28 58091 HAGEN DEUTSCHLAND
ENRICA DONGHIA
13.08.1974
07.12.2023
04.10.2024
EPPENHAUSER STR. 41 58093 HAGEN
DEUTSCHLAND
Anfrage von Gerichtsvollzieherin
Seite
1 von
1
Sabrina Czirpka (G21343) zu AZ DR II 1949/25",drittauskunft,False,False,472c6cb2-5c1e-51c2-8767-ba1785af8ec5,10e09d46-9c80-5667-b087-25f32d1d8ae7,fd409356ed3d32e300a993543d8c2321d086d16069042e6beb90366cb6682369,s3://pair-data-engineering-new/ocr_prepared_output/fd409356ed3d32e300a993543d8c2321d086d16069042e6beb90366cb6682369.json
data/aftercourt/drittauskunft_without_invoice/combined_pdf_DR-II_149625_Nachr_GKB-ERVQ_01_01_2026_BZSt__v__29_12_202520260102-311-6s6h3v.pdf,"<page_1>
Neue Büroanschrift ab 01.12.2024
Dortmunder Str. 14, 45665 Recklinghausen
Krokusweg 4
RICHARD STIPP
44652 Herne
Obergerichtsvollzieher
Tel. 02325/46267
Fax 02325-652160
richard.stipp@ag-recklinghausen.nrw.de
SPRECHSTUNDEN
Montag 14.00-15.00
OGV STIPP, Krokusweg 4, 44652 Herne
Mittwoch 12.00-13.00
Falls verzogen oder Nachsendeantrag zurück an Absender
Dortmunder Str. 14
Pair Finance GmbH
45665 Recklinghausen
Tel.: 02361-14422
Knesebeckstr. 62-63
10719 Berlin
DR-II 1496/25
BITTE BEI ALLEN SCHREIBEN
UND ZAHLUNGEN ANGEBEN
Ihr Zeichen: 184527517678
Datum: 01.01.2026
Sehr geehrte Damen und Herren
In der Zwangsvollstreckungssache Liquandum Capital GmbH vertr. d.d. GF, Knesebeckstr. 62-63, 10719 Berlin
gegen Lütje, Elena, Haempenkamp 7, 45699 Herten
wurde die Vollstreckung eingestellt:
Die von dem Gläubiger/Vertreter beantragten Drittauskünfte gem. § 8021 ZPO liegen nunmehr vollständig vor.
Der Gläubiger/Vertreter wird darauf hingewiesen, dass gem. § 8021 Abs. 1 und 2 ZPO die Daten nur insoweit
verwendet werden dürfen, als sie zur Zwangsvollstreckung in vorliegendem Rechtsverhältnis erforderlich sind.
Der Schuldner wird über die Einholung der Drittauskünfte und dessen Ergebnis, nach Ablauf einer Frist von 4
Wochen, unterrichtet, § 8021 Abs. 3 ZPO.
Es sind die nachstehend berechneten Kosten entstanden in Höhe von 0,00 €
Hochachtungsvoll
Berrentsyolizieher
3.3.1612 AD 3.3.1612 GKB-ERVQ
beidem
bei
dem
STIPP
Obergerichtsvollzieher
beim AG Recklinghausen
Dienstkonto:
COMMERZBANK BOCHUM Kto: 579512500 BLZ: 43040036
IBAN: DE17 4304 0036 0579 5125 00 BIC: COBADEFFXXX
<page_2>
Bundeszentralamt
für Steuern
POSTANSCHRIFT
Bundeszentralamt für Steuern, 11055 Berlin
HAUSANSCHRIFT
DGZ-Ring 12, 13086 Berlin
BEARBEITET VON
Obergerichtsvollzieher
Richard Stipp
Steuerabteilung National
Kontenabrufverfahren
Krokusweg 4
TEL
+49 (0) 2 28 40 6-3600
44652 Herne
FAX
+49 (0) 2 28 40 6-4408
E-MAIL
kontenabruf@bzst.bund.de
INTERNET
www.bzst.bund.de
R. Stipp, Obergerichtsvollzieher
BETREFF
Kontenabrufersuchen nach §§ 93, 93b Abgabenordnung (AO)
BEZUG
Ihr Kontenabrufersuchen vom 29.12.2025 AZ: DR-II 1496_25_1
Eing.: 31. DEZ. 2025
ANLAGEN
1
GZ
St II 4 S 0229a KEVIZZ 2990871/25
(bei Antwort bitte angeben)
DATUM
29.12.2025
DR I-II Nr.
1436
Ihr oben genanntes Kontenabrufersuchen ist im Rahmen des automatisierten Abrufs von
Kontoinformationen bearbeitet worden. Die Ergebnisse dieses Abrufs entnehmen Sie bitte der
nachfolgenden Anlage.
Bitte beachten Sie
dass die Verantwortung für die Zulässigkeit des Datenabrufs und die Datenübermittlung die
ersuchende Behörde trägt (§ 93b Abs. 3 AO),
die Informations- und Dokumentationspflichten gemäß § 93 Abs. 9 und 10 AO sowie den
Anwendungserlass zur Abgabenordnung (AEAO),
dass die Kontenstammdaten in der Datei nach § 24c Kreditwesengesetz (KWG) durch die
beteiligten Kreditinstitute vorgehalten werden. Ich kann deshalb keine Haftung dafür
übernehmen, dass die im Rahmen des Kontenabrufs mitgeteilten Daten vollständig und
inhaltlich korrekt sind.
Zum Inhalt des Ergebnisses bemerke ich folgendes:
Aufgrund der gesetzlichen Vorgabe der Unterscheidungsmerkmale in den von den Kreditinstituten
zu führenden Dateien kann die Identität der gemeldeten Personen immer nur im Hinblick auf die
Merkmale Name und Geburtsdatum für die Kontoinhaber und Verfügungsberechtigten bzw. Name
und Anschrift für die abweichend wirtschaftlich Berechtigten festgestellt werden. Insofern muss das
übermittelte Abrufergebnis trotz Übereinstimmung des Namens und des Geburtsdatums nicht
zwingend mit der von Ihnen abgefragten Person identisch sein. Das gilt auch für
Firmenbezeichnungen. Die auf dem Kontenabrufersuchen gleichwohl anzugebende Anschrift des
Kontoinhabers oder des Verfügungsberechtigten wird nicht in die Abfrage einbezogen.
<page_3>
Bundeszentralamt
für Steuern
STATEM
Bei Rückfragen bitte ich Sie, zunächst die FAQ (häufige Fragen) zu beachten, die Sie auf der
Homepage des BZSt unter http://www.bzst.bund.de oder, sofern Sie für die Verwaltung der
Grundsicherung für Arbeitsuchende nach dem Zweiten Buch Sozialgesetzbuch zuständig sind, im
Intranet der Bundesagentur für Arbeit finden. Sie können sich aber auch an die oben angegebene
Telefonnummer wenden.
Dieses Anschreiben wurde automatisch erstellt und ist ohne Unterschrift gültig.
<page_4>
Anlage zu GZ: St II 4 - S 0229a - KEVIZZ 2990871/25 (Bitte stets angeben)
Ergebnisse
zu der Anfrage von dem/der:
Obergerichtsvollzieher
Richard Stipp
vom:
29.12.2025
Ihr AZ:
DR-II 1496_25_1
mit folgenden Anhaltsdaten:
Name:
Nachname:
Lütje
Vorname:
Elena
Geburtsdatum:
09.11.2006
Kontonummer:
Sparkasse Vest Recklinghausen
BAK-Nr.: 100909
Herzogswall 5, 45657 Recklinghausen, Westf
Trefferanzahl: 2
Kontonummer: DE94426501501001047867
Errichtungsdatum: 01.12.2022
Kontoinfo:
Auflösungsdatum:
Geburtsdatum Seit
Bis
Kontoinhaber
Elena Lütje
09.11.2006
01.12.2022
Haempenkamp 7, 45699 Herten
Bis
Verfügungsberechtigte
Geburtsdatum
Seit
Jrsula Lütie
23.09.1967
01.12.2022
11.11.2024
Haempenkamp 7, 45699 Herten
Kontonummer: DE50426501503050029614
Errichtungsdatum: 02.01.2007
Auflösungsdatum:
Kontoinfo:
Geburtsdatum
Seit
Bis
Kontoinhaber
09.11.2006
01.12.2022
Elena Lütje
Haempenkamp 7, 45699 Herten
Geburtsdatum Seit
Bis
Verfügungsberechtigte
23.09.1967
28.04.2014
11.11.2024
Jrsuia Lütje
Haempenkamp 45699 Herten
Seite
1 von
1
Anfrage von Obergerichtsvollzieher
Richard Stipp (G05444) zu AZ DR-II 1496_25_1",False," Neue Büroanschrift ab 01.12.2024
Dortmunder Str. 14, 45665 Recklinghausen
Krokusweg 4
RICHARD STIPP
44652 Herne
Obergerichtsvollzieher
Tel. 02325/46267
Fax 02325-652160
richard.stipp@ag-recklinghausen.nrw.de
SPRECHSTUNDEN
Montag 14.00-15.00
OGV STIPP, Krokusweg 4, 44652 Herne
Mittwoch 12.00-13.00
Falls verzogen oder Nachsendeantrag zurück an Absender
Dortmunder Str. 14
Pair Finance GmbH
45665 Recklinghausen
Tel.: 02361-14422
Knesebeckstr. 62-63
10719 Berlin
DR-II 1496/25
BITTE BEI ALLEN SCHREIBEN
UND ZAHLUNGEN ANGEBEN
Ihr Zeichen: 184527517678
Datum: 01.01.2026
Sehr geehrte Damen und Herren
In der Zwangsvollstreckungssache Liquandum Capital GmbH vertr. d.d. GF, Knesebeckstr. 62-63, 10719 Berlin
gegen Lütje, Elena, Haempenkamp 7, 45699 Herten
wurde die Vollstreckung eingestellt:
Die von dem Gläubiger/Vertreter beantragten Drittauskünfte gem. § 8021 ZPO liegen nunmehr vollständig vor.
Der Gläubiger/Vertreter wird darauf hingewiesen, dass gem. § 8021 Abs. 1 und 2 ZPO die Daten nur insoweit
verwendet werden dürfen, als sie zur Zwangsvollstreckung in vorliegendem Rechtsverhältnis erforderlich sind.
Der Schuldner wird über die Einholung der Drittauskünfte und dessen Ergebnis, nach Ablauf einer Frist von 4
Wochen, unterrichtet, § 8021 Abs. 3 ZPO.
Es sind die nachstehend berechneten Kosten entstanden in Höhe von 0,00 €
Hochachtungsvoll
Berrentsyolizieher
3.3.1612 AD 3.3.1612 GKB-ERVQ
beidem
bei
dem
STIPP
Obergerichtsvollzieher
beim AG Recklinghausen
Dienstkonto:
COMMERZBANK BOCHUM Kto: 579512500 BLZ: 43040036
IBAN: DE17 4304 0036 0579 5125 00 BIC: COBADEFFXXX
 Bundeszentralamt
für Steuern
POSTANSCHRIFT
Bundeszentralamt für Steuern, 11055 Berlin
HAUSANSCHRIFT
DGZ-Ring 12, 13086 Berlin
BEARBEITET VON
Obergerichtsvollzieher
Richard Stipp
Steuerabteilung National
Kontenabrufverfahren
Krokusweg 4
TEL
+49 (0) 2 28 40 6-3600
44652 Herne
FAX
+49 (0) 2 28 40 6-4408
E-MAIL
kontenabruf@bzst.bund.de
INTERNET
www.bzst.bund.de
R. Stipp, Obergerichtsvollzieher
BETREFF
Kontenabrufersuchen nach §§ 93, 93b Abgabenordnung (AO)
BEZUG
Ihr Kontenabrufersuchen vom 29.12.2025 AZ: DR-II 1496_25_1
Eing.: 31. DEZ. 2025
ANLAGEN
1
GZ
St II 4 S 0229a KEVIZZ 2990871/25
(bei Antwort bitte angeben)
DATUM
29.12.2025
DR I-II Nr.
1436
Ihr oben genanntes Kontenabrufersuchen ist im Rahmen des automatisierten Abrufs von
Kontoinformationen bearbeitet worden. Die Ergebnisse dieses Abrufs entnehmen Sie bitte der
nachfolgenden Anlage.
Bitte beachten Sie
dass die Verantwortung für die Zulässigkeit des Datenabrufs und die Datenübermittlung die
ersuchende Behörde trägt (§ 93b Abs. 3 AO),
die Informations- und Dokumentationspflichten gemäß § 93 Abs. 9 und 10 AO sowie den
Anwendungserlass zur Abgabenordnung (AEAO),
dass die Kontenstammdaten in der Datei nach § 24c Kreditwesengesetz (KWG) durch die
beteiligten Kreditinstitute vorgehalten werden. Ich kann deshalb keine Haftung dafür
übernehmen, dass die im Rahmen des Kontenabrufs mitgeteilten Daten vollständig und
inhaltlich korrekt sind.
Zum Inhalt des Ergebnisses bemerke ich folgendes:
Aufgrund der gesetzlichen Vorgabe der Unterscheidungsmerkmale in den von den Kreditinstituten
zu führenden Dateien kann die Identität der gemeldeten Personen immer nur im Hinblick auf die
Merkmale Name und Geburtsdatum für die Kontoinhaber und Verfügungsberechtigten bzw. Name
und Anschrift für die abweichend wirtschaftlich Berechtigten festgestellt werden. Insofern muss das
übermittelte Abrufergebnis trotz Übereinstimmung des Namens und des Geburtsdatums nicht
zwingend mit der von Ihnen abgefragten Person identisch sein. Das gilt auch für
Firmenbezeichnungen. Die auf dem Kontenabrufersuchen gleichwohl anzugebende Anschrift des
Kontoinhabers oder des Verfügungsberechtigten wird nicht in die Abfrage einbezogen.
 Bundeszentralamt
für Steuern
STATEM
Bei Rückfragen bitte ich Sie, zunächst die FAQ (häufige Fragen) zu beachten, die Sie auf der
Homepage des BZSt unter http://www.bzst.bund.de oder, sofern Sie für die Verwaltung der
Grundsicherung für Arbeitsuchende nach dem Zweiten Buch Sozialgesetzbuch zuständig sind, im
Intranet der Bundesagentur für Arbeit finden. Sie können sich aber auch an die oben angegebene
Telefonnummer wenden.
Dieses Anschreiben wurde automatisch erstellt und ist ohne Unterschrift gültig.
 Anlage zu GZ: St II 4 - S 0229a - KEVIZZ 2990871/25 (Bitte stets angeben)
Ergebnisse
zu der Anfrage von dem/der:
Obergerichtsvollzieher
Richard Stipp
vom:
29.12.2025
Ihr AZ:
DR-II 1496_25_1
mit folgenden Anhaltsdaten:
Name:
Nachname:
Lütje
Vorname:
Elena
Geburtsdatum:
09.11.2006
Kontonummer:
Sparkasse Vest Recklinghausen
BAK-Nr.: 100909
Herzogswall 5, 45657 Recklinghausen, Westf
Trefferanzahl: 2
Kontonummer: DE94426501501001047867
Errichtungsdatum: 01.12.2022
Kontoinfo:
Auflösungsdatum:
Geburtsdatum Seit
Bis
Kontoinhaber
Elena Lütje
09.11.2006
01.12.2022
Haempenkamp 7, 45699 Herten
Bis
Verfügungsberechtigte
Geburtsdatum
Seit
Jrsula Lütie
23.09.1967
01.12.2022
11.11.2024
Haempenkamp 7, 45699 Herten
Kontonummer: DE50426501503050029614
Errichtungsdatum: 02.01.2007
Auflösungsdatum:
Kontoinfo:
Geburtsdatum
Seit
Bis
Kontoinhaber
09.11.2006
01.12.2022
Elena Lütje
Haempenkamp 7, 45699 Herten
Geburtsdatum Seit
Bis
Verfügungsberechtigte
23.09.1967
28.04.2014
11.11.2024
Jrsuia Lütje
Haempenkamp 45699 Herten
Seite
1 von
1
Anfrage von Obergerichtsvollzieher
Richard Stipp (G05444) zu AZ DR-II 1496_25_1",drittauskunft,False,False,d9f6ba15-63cf-5743-aa24-12f26140ace4,8b976e45-a27a-5f35-8f19-9c04a4a315bb,1d6062807bfb02abacfe2291ee4b68bcd1568d401b1acd1b9c2a0d6d60e470c7,s3://pair-data-engineering-new/ocr_prepared_output/1d6062807bfb02abacfe2291ee4b68bcd1568d401b1acd1b9c2a0d6d60e470c7.json
data/aftercourt/drittauskunft_without_invoice/0_sammel120251216-308-iu9c0o (1).pdf,"<page_1>
Obergerichtsvollzieher
Hellersdorfer Weg 35
Markus Fuckel
12689 Berlin
Bürozeiten
Amtsgericht
Die. 10.00 11.00 Uhr
Berlin Mitte
Mi. 13.00 - 14.00 Uhr
Telefon
030/93023003
0178/2963834
Abs.: OGV Fuckel, Hellersdorfer Weg 35, 12689 Berlin
Telefax
Firma
030/93023004
PAIR Finance GmbH
vertr.d.d. GF
Dienstkonto
Knesebeckstraße 62-63
DE16 66090800 00008533 56
10719 Berlin
E-Mail
gerichtsvollzieher-mitte@gmx.de
Mein Zeichen
Ihr Zeichen
DR II 3758/25
179795494188
Berlin, 15.12.2025
Bitte immer angeben!
Zwangsvollstreckungssache
E.ON Energie Deutschland GmbH, Arnulfstraße 203, 80634 München
vertr. d.
Firma PAIR Finance GmbH, Knesebeckstraße 62-63, 10719 Berlin, E-Mail verfahren@pairfinance.de
gegen
Frau Marietta Constanze Margrete von Gaffron, Fischerinsel 9, 10179 Berlin
Sehr geehrte Damen und Herren,
in o.g. Sache haben Sie mich beauftragt, eine Drittauskunft nach § 8021 ZPO beim Bundeszentralamt für Steuern
einzuholen, wenn die Schuldnerin nicht zur Abgabe der Vermögensauskunft erscheint und eine Zahlung nicht oder
nicht fristgemäß eingeht.
Das Ergebnis teile ich Ihnen unter Übersendung einer Kopie der entsprechenden Stellen mit.
Ich weise Sie ausdrücklich darauf hin, dass die erlangten Daten nur zu Vollstreckungszwecken genutzt werden dürfen
und nach Zweckerreichung in dieser Sache zu löschen sind (§§ 802 I Abs. 3, 802 d Abs. 1 ZPO). Die Weiterleitung
dieser Daten an Dritte ist unzulässig.
Nach Zweckerreichung sind erlangte Schuldnerdaten zu löschen.
Mit freundlichen Grüßen
(Fuckel)
Obergerichtsvollzieher
beim Amtsgericht Berlin Mitte
Seite 1 des Dokuments zu ""DR Il 3758/25 08""
<page_2>
Bundeszentralamt
für Steuern
POSTANSCHRIFT
Bundeszentralamt für Steuern, 11055 Berlin
HAUSANSCHRIFT
DGZ-Ring 12, 13086 Berlin
BEARBEITET VON
Gerichtsvollzieher
Markus Fuckel
Steuerabteilung National
Kontenabrufverfahren
Hellersdorfer Weg 35
TEL
+49 (0) 2 28 40 6-3600
12623 Berlin
FAX
+49 (0) 2 28 40 6-4408
E-MAIL
kontenabruf@bzst.bund.de
INTERNET
www.bzst.bund.de
BETREFF
Kontenabrufersuchen nach §§ 93, 93b Abgabenordnung (AO)
BEZUG
Ihr Kontenabrufersuchen vom 10.12.2025 AZ: DR Il 3758/25
ANLAGEN
1
GZ
St II 4 S 0229a KEVIZZ 2888458/25
(bei Antwort bitte angeben)
DATUM
14.12.2025
Ihr oben genanntes Kontenabrufersuchen ist im Rahmen des automatisierten Abrufs von
Kontoinformationen bearbeitet worden. Die Ergebnisse dieses Abrufs entnehmen Sie bitte der
nachfolgenden Anlage.
Bitte beachten Sie
dass die Verantwortung für die Zulässigkeit des Datenabrufs und die Datenübermittlung die
ersuchende Behörde trägt (§ 93b Abs. 3 AO),
die Informations- und Dokumentationspflichten gemäß § 93 Abs. 9 und 10 AO sowie den
Anwendungserlass zur Abgabenordnung (AEAO),
dass die Kontenstammdaten in der Datei nach § 24c Kreditwesengesetz (KWG) durch die
beteiligten Kreditinstitute vorgehalten werden. Ich kann deshalb keine Haftung dafür
übernehmen, dass die im Rahmen des Kontenabrufs mitgeteilten Daten vollständig und
inhaltlich korrekt sind.
Zum Inhalt des Ergebnisses bemerke ich folgendes:
Aufgrund der gesetzlichen Vorgabe der Unterscheidungsmerkmale in den von den Kreditinstituten
zu führenden Dateien kann die Identität der gemeldeten Personen immer nur im Hinblick auf die
Merkmale Name und Geburtsdatum für die Kontoinhaber und Verfügungsberechtigten bzw. Name
und Anschrift für die abweichend wirtschaftlich Berechtigten festgestellt werden. Insofern muss das
übermittelte Abrufergebnis trotz Übereinstimmung des Namens und des Geburtsdatums nicht
zwingend mit der von Ihnen abgefragten Person identisch sein. Das gilt auch für
Firmenbezeichnungen. Die auf dem Kontenabrufersuchen gleichwohl anzugebende Anschrift des
Kontoinhabers oder des Verfügungsberechtigten wird nicht in die Abfrage einbezogen.
<page_3>
Bundeszentralamt
für Steuern
Bei Rückfragen bitte ich Sie, zunächst die FAQ (häufige Fragen) zu beachten, die Sie auf der
Homepage des BZSt unter http://www.bzst.bund.de oder, sofern Sie für die Verwaltung der
Grundsicherung für Arbeitsuchende nach dem Zweiten Buch Sozialgesetzbuch zuständig sind, im
Intranet der Bundesagentur für Arbeit finden. Sie können sich aber auch an die oben angegebene
Telefonnummer wenden.
Dieses Anschreiben wurde automatisch erstellt und ist ohne Unterschrift gültig.
<page_4>
Anlage zu GZ: St Il 4 S 0229a KEVIZZ 2888458/25 (Bitte stets angeben)
Ergebnisse
zu der Anfrage von dem/der:
Gerichtsvollzieher
Markus Fuckel
vom:
10.12.2025
Ihr AZ:
DR II 3758/25
mit folgenden Anhaltsdaten:
Name:
Nachname:
von Gaffron
Vorname:
Marietta Constanze
Geburtsdatum:
14.12.1991
Kontonummer:
COMMERZBANK Aktiengesellschaft
BAK-Nr.: 100005
Kaiserstraße 16 (Kaiserplatz), 60311 Frankfurt am Main
Trefferanzahl: 3
Kontonummer: DE75200411660135838100
Errichtungsdatum: 02.04.2024
Kontoinfo:
Auflösungsdatum:
Kontoinhaber
Geburtsdatum
Seit
Bis
Marietta Constanze Margarete Von Gaffron
14.12.1991
02.04.2024
15.04.2024
Fischerinsel 9 10179 Berlin
Marietta Constanze Margarete Von Gaffron
14.12.1991
15.04.2024
Fischerinsel 9 10179 Berlin
Kontonummer: 135838100
Errichtungsdatum: 01.04.2024
Kontoinfo:
Auflösungsdatum:
Kontoinhaber
Geburtsdatum
Seit
Bis
Marietta Constanze Margarete Von Gaffron
14.12.1991
02.04.2024
15.04.2024
Fischerinsel 9 10179 Berlin
Marietta Constanze Margarete Von Gaffron
14.12.1991
15.04.2024
Fischerinsel 9 10179 Berlin
Kontonummer: DE37200411660135838105
Errichtungsdatum: 02.04.2024
Kontoinfo:
Auflösungsdatum:
Kontoinhaber
Geburtsdatum
Seit
Bis
Marietta Constanze Margarete Von Gaffron
14.12.1991
02.04.2024
15.04.2024
Fischerinsel 9 10179 Berlin
Marietta Constanze Margarete Von Gaffron
14.12.1991
15.04.2024
Fischerinsel 9 10179 Berlin
Anfrage von Gerichtsvollzieher
Seite
1 von
7
Markus Fuckel (G11287) zu AZ DR Il 3758/25
<page_5>
Anlage zu GZ: St Il 4 - S 0229a KEVIZZ 2888458/25 (Bitte stets angeben)
UniCredit Bank GmbH
BAK-Nr.: 100027
Arabellastraße 12, 81925 München
Trefferanzahl: 1
Kontonummer: DE69100208900039429705
Errichtungsdatum: 08.09.2023
Kontoinfo:
Auflösungsdatum:
Kontoinhaber
Geburtsdatum Seit
Bis
Marietta Constanze Margarete Von Gaffron
14.12.1991
08.09.2023
12.09.2023
Fischerinsel 9 10179 Berlin Deutschland
Marietta Constanze Margarete Von Gaffron
14.12.1991
12.09.2023
Fischerinsel 9 10179 Berlin Deutschland
Volkswagen Bank Gesellschaft mit beschränkter Haftung
BAK-Nr.: 100178
Gifhorner Straße 57, 38112 Braunschweig
Trefferanzahl: 1
Kontonummer: DE55270200011519609141
Errichtungsdatum: 14.07.2016
Kontoinfo:
Auflösungsdatum:
Kontoinhaber
Geburtsdatum Seit
Bis
Marietta Constanze Margarete von Gaffron
14.12.1991
28.04.2022
Fischerinsel 9 10179 Berlin DE
Deutsche Kreditbank Aktiengesellschaft
BAK-Nr.: 100215
Taubenstraße 7 9, 10117 Berlin
Trefferanzahl: 2
Kontonummer: DE14120300001302799703
Errichtungsdatum: 13.09.2023
Kontoinfo:
Auflösungsdatum:
Kontoinhaber
Geburtsdatum Seit
Bis
Marietta Constanze Margarete von Gaffron
14.12.1991
13.09.2023
Fischerinsel 9, 10179 Berlin
Kontonummer: DE95120300001014338287
Errichtungsdatum: 27.09.2011
Kontoinfo:
Auflösungsdatum:
Kontoinhaber
Geburtsdatum
Seit
Bis
Marietta Constanze Margarete von Gaffron
14.12.1991
05.05.2014
Fischerinsel 9, 10179 Berlin
Anfrage von Gerichtsvollzieher
Seite
2 von
7
Markus Fuckel (G11287) zu AZ DR II 3758/25
<page_6>
Anlage zu GZ: St Il 4 - S 0229a KEVIZZ 2888458/25 (Bitte stets angeben)
Sparkasse Ulm
BAK-Nr.: 100512
Hans-und-Sophie-Scholl-Platz 2, 89073 Ulm, Donau
Trefferanzahl: 1
Kontonummer: DE20630500003001636188
Errichtungsdatum: 16.03.2012
Kontoinfo:
Auflösungsdatum:
Kontoinhaber
Geburtsdatum Seit
Bis
Marietta Constanze Margarete von Gaffron
14.12.1991
02.11.2022
Fischerinsel 9, 10179 Berlin
Sparda-Bank Baden-Württemberg eG
BAK-Nr.: 101976
Am Hauptbahnhof 3, 70173 Stuttgart
Trefferanzahl: 2
Kontonummer: DE75600908000006626397
Errichtungsdatum: 09.03.2022
Kontoinfo:
Auflösungsdatum:
Kontoinhaber
Geburtsdatum Seit
Bis
Marietta Constanze Margarete Von Gaffron
14.12.1991
18.03.2022
Birkenweg 7 89143 Blaubeuren
Kontonummer: DE81600908003106626397
Errichtungsdatum: 22.04.2013
Kontoinfo:
Auflösungsdatum:
Kontoinhaber
Geburtsdatum Seit
Bis
Marietta Constanze Margarete Von Gaffron
14.12.1991
18.03.2022
Birkenweg 7 89143 Blaubeuren
BNP Paribas S.A. Niederlassung Deutschland
BAK-Nr.: 108556
Senckenberganlage 19, 60325 Frankfurt
Trefferanzahl: 1
Kontonummer: DE38760300800223536306
Errichtungsdatum: 13.07.2016
Kontoinfo:
Auflösungsdatum:
Kontoinhaber
Geburtsdatum Seit
Bis
Marietta Constanze Margarete von Gaffron
14.12.1991
30.11.2020
Fischerinsel 9 10179 Berlin Bundesrep. Deutschland
Anfrage von Gerichtsvollzieher
Seite
3 von
7
Markus Fuckel (G11287) zu AZ DR II 3758/25
<page_7>
Anlage zu GZ: St Il 4 - S 0229a KEVIZZ 2888458/25 (Bitte stets angeben)
Baader Bank Aktiengesellschaft
BAK-Nr.: 109664
Weihenstephaner Straße 4, 85716 Unterschleißheim
Trefferanzahl: 4
Kontonummer: DE70700331004419334000
Errichtungsdatum: 01.08.2024
Kontoinfo:
Auflösungsdatum:
Kontoinhaber
Geburtsdatum
Seit
Bis
Marietta Constanze Margarete von Gaffron
14.12.1991
01.08.2024
06.08.2024
Fischerinsel 9 10179 Berlin Deutschland
Marietta Constanze Margarete von Gaffron
14.12.1991
06.08.2024
Fischerinsel 9 10179 Berlin Deutschland
Verfügungsberechtigte
Geburtsdatum
Seit
Bis
Traders Place GmbH & Co. KGaA
01.08.2024
Sägewerkstraße 3 83395 Freilassing Deutschland
Kontonummer: K4419334001
Errichtungsdatum: 01.08.2024
Kontoinfo:
Auflösungsdatum:
Kontoinhaber
Geburtsdatum
Seit
Bis
Marietta Constanze Margarete von Gaffron
14.12.1991
01.08.2024
06.08.2024
Fischerinsel 9 10179 Berlin Deutschland
Marietta Constanze Margarete von Gaffron
14.12.1991
06.08.2024
Fischerinsel 9 10179 Berlin Deutschland
Verfügungsberechtigte
Geburtsdatum
Seit
Bis
Traders Place GmbH & Co. KGaA
01.08.2024
Sägewerkstraße 3 83395 Freilassing Deutschland
Kontonummer: DE75700331005169283008
Errichtungsdatum: 03.06.2025
Kontoinfo:
Auflösungsdatum:
Kontoinhaber
Geburtsdatum
Seit
Bis
Marietta Constanze Margarete Von Gaffron
14.12.1991
03.06.2025
05.06.2025
Fischerinsel 9 10179 Berlin Deutschland
Marietta Constanze Margarete Von Gaffron
14.12.1991
05.06.2025
10.09.2025
Fischerinsel 9 10179 Berlin Deutschland
Marietta Constanze Margarete von Gaffron
14.12.1991
10.09.2025
Fischerinsel 9 10179 Berlin Deutschland
Verfügungsberechtigte
Geburtsdatum
Seit
Bis
finanzen.net zero Haftungsdach-DonauCapital
03.06.2025
Wertpapier GmbH
Passauer Str. 5 94161 Ruderting Deutschland
Anfrage von Gerichtsvollzieher
Seite
4 von
7
Markus Fuckel (G11287) zu AZ DR II 3758/25
<page_8>
Anlage zu GZ: St Il 4 - S 0229a KEVIZZ 2888458/25 (Bitte stets angeben)
Kontonummer: K5169283001
Errichtungsdatum: 03.06.2025
Kontoinfo:
Auflösungsdatum:
Kontoinhaber
Geburtsdatum
Seit
Bis
Marietta Constanze Margarete Von Gaffron
14.12.1991
03.06.2025
05.06.2025
Fischerinsel 9 10179 Berlin Deutschland
Marietta Constanze Margarete Von Gaffron
14.12.1991
05.06.2025
10.09.2025
Fischerinsel 9 10179 Berlin Deutschland
Marietta Constanze Margarete von Gaffron
14.12.1991
10.09.2025
Fischerinsel 9 10179 Berlin Deutschland
Verfügungsberechtigte
Geburtsdatum
Seit
Bis
finanzen.net zero Haftungsdach-DonauCapital
03.06.2025
Wertpapier GmbH
Passauer Str. 5 94161 Ruderting Deutschland
Quirin Privatbank AG
BAK-Nr.: 115319
Kurfürstendamm 119, 10711 Berlin
Trefferanzahl: 3
Kontonummer: DE09101106003250461320
Errichtungsdatum: 19.08.2025
Kontoinfo:
Auflösungsdatum:
Kontoinhaber
Geburtsdatum
Seit
Bis
Marietta Constanze Margarete von Gaffron
14.12.1991
19.08.2025
Fischerinsel 9 10179 Berlin
Kontonummer: DE33101106003250460500
Errichtungsdatum: 19.08.2025
Kontoinfo:
Auflösungsdatum:
Kontoinhaber
Geburtsdatum
Seit
Bis
Marietta Constanze Margarete von Gaffron
14.12.1991
19.08.2025
Fischerinsel 9 10179 Berlin
Kontonummer: 3250461320
Errichtungsdatum: 19.08.2025
Kontoinfo:
Auflösungsdatum:
Kontoinhaber
Geburtsdatum Seit
Bis
Marietta Constanze Margarete von Gaffron
14.12.1991
19.08.2025
Fischerinsel 9 10179 Berlin
Anfrage von Gerichtsvollzieher
Seite
5 von
7
Markus Fuckel (G11287) zu AZ DR II 3758/25
<page_9>
Anlage zu GZ: St Il 4 S 0229a KEVIZZ 2888458/25 (Bitte stets angeben)
N26 Bank SE
BAK-Nr.: 145827
Voltairestraße 8, 10179 Berlin
Trefferanzahl: 1
Kontonummer: DE67100110012621768055
Errichtungsdatum: 03.12.2020
Kontoinfo:
Auflösungsdatum:
Kontoinhaber
Geburtsdatum
Seit
Bis
MARIETTA CONSTANZE MARGARETE VON
14.12.1991
05.12.2020
GAFFRON
FISCHERINSEL 9 10179 BERLIN DEU
Klarna Bank AB, German Branch
BAK-Nr.: 157210
Chausseestr. 117, 10115 Berlin
Trefferanzahl: 4
Kontonummer: DE61100103003855927207
Errichtungsdatum: 23.10.2023
Kontoinfo:
Auflösungsdatum:
Kontoinhaber
Geburtsdatum Seit
Bis
MARIETTA CONSTANZE MARGARETE VON
14.12.1991
23.10.2023
22.12.2023
GAFFRON
Fischerinsel 9 10179 Berlin
MARIETTA CONSTANZE MARGARETE VON
14.12.1991
22.12.2023
GAFFRON
Fischerinsel 9 10179 Berlin
Kontonummer: 4a841c72-12a9-4467-a795-b09defb9e 9bf
Errichtungsdatum: 22.12.2023
Kontoinfo:
Auflösungsdatum:
Kontoinhaber
Geburtsdatum
Seit
Bis
MARIETTA CONSTANZE MARGARETE VON
14.12.1991
22.12.2023
GAFFRON
Fischerinsel 9 10179 Berlin
Kontonummer: 28aa8f1a-3d18-4bb4-97f6-64a3b655d dc7
Errichtungsdatum: 02.04.2024
Kontoinfo:
Auflösungsdatum:
Kontoinhaber
Geburtsdatum
Seit
Bis
MARIETTA CONSTANZE MARGARETE VON
14.12.1991
02.04.2024
GAFFRON
Fischerinsel 9 10179 Berlin
Anfrage von Gerichtsvollzieher
Seite
6 von
7
Markus Fuckel (G11287) zu AZ DR II 3758/25
<page_10>
Anlage zu GZ: St Il 4 - S 0229a KEVIZZ 2888458/25 (Bitte stets angeben)
Kontonummer: cf6d4d07-0793-4504-999e-9bf6a4131 d65
Errichtungsdatum: 02.04.2024
Kontoinfo:
Auflösungsdatum:
Kontoinhaber
Geburtsdatum Seit
Bis
MARIETTA CONSTANZE MARGARETE VON
14.12.1991
02.04.2024
GAFFRON
Fischerinsel 9 10179 Berlin
Anfrage von Gerichtsvollzieher
Seite
7 von
7
Markus Fuckel (G11287) zu AZ DR II 3758/25",False," Obergerichtsvollzieher
Hellersdorfer Weg 35
Markus Fuckel
12689 Berlin
Bürozeiten
Amtsgericht
Die. 10.00 11.00 Uhr
Berlin Mitte
Mi. 13.00 - 14.00 Uhr
Telefon
030/93023003
0178/2963834
Abs.: OGV Fuckel, Hellersdorfer Weg 35, 12689 Berlin
Telefax
Firma
030/93023004
PAIR Finance GmbH
vertr.d.d. GF
Dienstkonto
Knesebeckstraße 62-63
DE16 66090800 00008533 56
10719 Berlin
E-Mail
gerichtsvollzieher-mitte@gmx.de
Mein Zeichen
Ihr Zeichen
DR II 3758/25
179795494188
Berlin, 15.12.2025
Bitte immer angeben!
Zwangsvollstreckungssache
E.ON Energie Deutschland GmbH, Arnulfstraße 203, 80634 München
vertr. d.
Firma PAIR Finance GmbH, Knesebeckstraße 62-63, 10719 Berlin, E-Mail verfahren@pairfinance.de
gegen
Frau Marietta Constanze Margrete von Gaffron, Fischerinsel 9, 10179 Berlin
Sehr geehrte Damen und Herren,
in o.g. Sache haben Sie mich beauftragt, eine Drittauskunft nach § 8021 ZPO beim Bundeszentralamt für Steuern
einzuholen, wenn die Schuldnerin nicht zur Abgabe der Vermögensauskunft erscheint und eine Zahlung nicht oder
nicht fristgemäß eingeht.
Das Ergebnis teile ich Ihnen unter Übersendung einer Kopie der entsprechenden Stellen mit.
Ich weise Sie ausdrücklich darauf hin, dass die erlangten Daten nur zu Vollstreckungszwecken genutzt werden dürfen
und nach Zweckerreichung in dieser Sache zu löschen sind (§§ 802 I Abs. 3, 802 d Abs. 1 ZPO). Die Weiterleitung
dieser Daten an Dritte ist unzulässig.
Nach Zweckerreichung sind erlangte Schuldnerdaten zu löschen.
Mit freundlichen Grüßen
(Fuckel)
Obergerichtsvollzieher
beim Amtsgericht Berlin Mitte
Seite 1 des Dokuments zu ""DR Il 3758/25 08""
 Bundeszentralamt
für Steuern
POSTANSCHRIFT
Bundeszentralamt für Steuern, 11055 Berlin
HAUSANSCHRIFT
DGZ-Ring 12, 13086 Berlin
BEARBEITET VON
Gerichtsvollzieher
Markus Fuckel
Steuerabteilung National
Kontenabrufverfahren
Hellersdorfer Weg 35
TEL
+49 (0) 2 28 40 6-3600
12623 Berlin
FAX
+49 (0) 2 28 40 6-4408
E-MAIL
kontenabruf@bzst.bund.de
INTERNET
www.bzst.bund.de
BETREFF
Kontenabrufersuchen nach §§ 93, 93b Abgabenordnung (AO)
BEZUG
Ihr Kontenabrufersuchen vom 10.12.2025 AZ: DR Il 3758/25
ANLAGEN
1
GZ
St II 4 S 0229a KEVIZZ 2888458/25
(bei Antwort bitte angeben)
DATUM
14.12.2025
Ihr oben genanntes Kontenabrufersuchen ist im Rahmen des automatisierten Abrufs von
Kontoinformationen bearbeitet worden. Die Ergebnisse dieses Abrufs entnehmen Sie bitte der
nachfolgenden Anlage.
Bitte beachten Sie
dass die Verantwortung für die Zulässigkeit des Datenabrufs und die Datenübermittlung die
ersuchende Behörde trägt (§ 93b Abs. 3 AO),
die Informations- und Dokumentationspflichten gemäß § 93 Abs. 9 und 10 AO sowie den
Anwendungserlass zur Abgabenordnung (AEAO),
dass die Kontenstammdaten in der Datei nach § 24c Kreditwesengesetz (KWG) durch die
beteiligten Kreditinstitute vorgehalten werden. Ich kann deshalb keine Haftung dafür
übernehmen, dass die im Rahmen des Kontenabrufs mitgeteilten Daten vollständig und
inhaltlich korrekt sind.
Zum Inhalt des Ergebnisses bemerke ich folgendes:
Aufgrund der gesetzlichen Vorgabe der Unterscheidungsmerkmale in den von den Kreditinstituten
zu führenden Dateien kann die Identität der gemeldeten Personen immer nur im Hinblick auf die
Merkmale Name und Geburtsdatum für die Kontoinhaber und Verfügungsberechtigten bzw. Name
und Anschrift für die abweichend wirtschaftlich Berechtigten festgestellt werden. Insofern muss das
übermittelte Abrufergebnis trotz Übereinstimmung des Namens und des Geburtsdatums nicht
zwingend mit der von Ihnen abgefragten Person identisch sein. Das gilt auch für
Firmenbezeichnungen. Die auf dem Kontenabrufersuchen gleichwohl anzugebende Anschrift des
Kontoinhabers oder des Verfügungsberechtigten wird nicht in die Abfrage einbezogen.
 Bundeszentralamt
für Steuern
Bei Rückfragen bitte ich Sie, zunächst die FAQ (häufige Fragen) zu beachten, die Sie auf der
Homepage des BZSt unter http://www.bzst.bund.de oder, sofern Sie für die Verwaltung der
Grundsicherung für Arbeitsuchende nach dem Zweiten Buch Sozialgesetzbuch zuständig sind, im
Intranet der Bundesagentur für Arbeit finden. Sie können sich aber auch an die oben angegebene
Telefonnummer wenden.
Dieses Anschreiben wurde automatisch erstellt und ist ohne Unterschrift gültig.
 Anlage zu GZ: St Il 4 S 0229a KEVIZZ 2888458/25 (Bitte stets angeben)
Ergebnisse
zu der Anfrage von dem/der:
Gerichtsvollzieher
Markus Fuckel
vom:
10.12.2025
Ihr AZ:
DR II 3758/25
mit folgenden Anhaltsdaten:
Name:
Nachname:
von Gaffron
Vorname:
Marietta Constanze
Geburtsdatum:
14.12.1991
Kontonummer:
COMMERZBANK Aktiengesellschaft
BAK-Nr.: 100005
Kaiserstraße 16 (Kaiserplatz), 60311 Frankfurt am Main
Trefferanzahl: 3
Kontonummer: DE75200411660135838100
Errichtungsdatum: 02.04.2024
Kontoinfo:
Auflösungsdatum:
Kontoinhaber
Geburtsdatum
Seit
Bis
Marietta Constanze Margarete Von Gaffron
14.12.1991
02.04.2024
15.04.2024
Fischerinsel 9 10179 Berlin
Marietta Constanze Margarete Von Gaffron
14.12.1991
15.04.2024
Fischerinsel 9 10179 Berlin
Kontonummer: 135838100
Errichtungsdatum: 01.04.2024
Kontoinfo:
Auflösungsdatum:
Kontoinhaber
Geburtsdatum
Seit
Bis
Marietta Constanze Margarete Von Gaffron
14.12.1991
02.04.2024
15.04.2024
Fischerinsel 9 10179 Berlin
Marietta Constanze Margarete Von Gaffron
14.12.1991
15.04.2024
Fischerinsel 9 10179 Berlin
Kontonummer: DE37200411660135838105
Errichtungsdatum: 02.04.2024
Kontoinfo:
Auflösungsdatum:
Kontoinhaber
Geburtsdatum
Seit
Bis
Marietta Constanze Margarete Von Gaffron
14.12.1991
02.04.2024
15.04.2024
Fischerinsel 9 10179 Berlin
Marietta Constanze Margarete Von Gaffron
14.12.1991
15.04.2024
Fischerinsel 9 10179 Berlin
Anfrage von Gerichtsvollzieher
Seite
1 von
7
Markus Fuckel (G11287) zu AZ DR Il 3758/25
 Anlage zu GZ: St Il 4 - S 0229a KEVIZZ 2888458/25 (Bitte stets angeben)
UniCredit Bank GmbH
BAK-Nr.: 100027
Arabellastraße 12, 81925 München
Trefferanzahl: 1
Kontonummer: DE69100208900039429705
Errichtungsdatum: 08.09.2023
Kontoinfo:
Auflösungsdatum:
Kontoinhaber
Geburtsdatum Seit
Bis
Marietta Constanze Margarete Von Gaffron
14.12.1991
08.09.2023
12.09.2023
Fischerinsel 9 10179 Berlin Deutschland
Marietta Constanze Margarete Von Gaffron
14.12.1991
12.09.2023
Fischerinsel 9 10179 Berlin Deutschland
Volkswagen Bank Gesellschaft mit beschränkter Haftung
BAK-Nr.: 100178
Gifhorner Straße 57, 38112 Braunschweig
Trefferanzahl: 1
Kontonummer: DE55270200011519609141
Errichtungsdatum: 14.07.2016
Kontoinfo:
Auflösungsdatum:
Kontoinhaber
Geburtsdatum Seit
Bis
Marietta Constanze Margarete von Gaffron
14.12.1991
28.04.2022
Fischerinsel 9 10179 Berlin DE
Deutsche Kreditbank Aktiengesellschaft
BAK-Nr.: 100215
Taubenstraße 7 9, 10117 Berlin
Trefferanzahl: 2
Kontonummer: DE14120300001302799703
Errichtungsdatum: 13.09.2023
Kontoinfo:
Auflösungsdatum:
Kontoinhaber
Geburtsdatum Seit
Bis
Marietta Constanze Margarete von Gaffron
14.12.1991
13.09.2023
Fischerinsel 9, 10179 Berlin
Kontonummer: DE95120300001014338287
Errichtungsdatum: 27.09.2011
Kontoinfo:
Auflösungsdatum:
Kontoinhaber
Geburtsdatum
Seit
Bis
Marietta Constanze Margarete von Gaffron
14.12.1991
05.05.2014
Fischerinsel 9, 10179 Berlin
Anfrage von Gerichtsvollzieher
Seite
2 von
7
Markus Fuckel (G11287) zu AZ DR II 3758/25
 Anlage zu GZ: St Il 4 - S 0229a KEVIZZ 2888458/25 (Bitte stets angeben)
Sparkasse Ulm
BAK-Nr.: 100512
Hans-und-Sophie-Scholl-Platz 2, 89073 Ulm, Donau
Trefferanzahl: 1
Kontonummer: DE20630500003001636188
Errichtungsdatum: 16.03.2012
Kontoinfo:
Auflösungsdatum:
Kontoinhaber
Geburtsdatum Seit
Bis
Marietta Constanze Margarete von Gaffron
14.12.1991
02.11.2022
Fischerinsel 9, 10179 Berlin
Sparda-Bank Baden-Württemberg eG
BAK-Nr.: 101976
Am Hauptbahnhof 3, 70173 Stuttgart
Trefferanzahl: 2
Kontonummer: DE75600908000006626397
Errichtungsdatum: 09.03.2022
Kontoinfo:
Auflösungsdatum:
Kontoinhaber
Geburtsdatum Seit
Bis
Marietta Constanze Margarete Von Gaffron
14.12.1991
18.03.2022
Birkenweg 7 89143 Blaubeuren
Kontonummer: DE81600908003106626397
Errichtungsdatum: 22.04.2013
Kontoinfo:
Auflösungsdatum:
Kontoinhaber
Geburtsdatum Seit
Bis
Marietta Constanze Margarete Von Gaffron
14.12.1991
18.03.2022
Birkenweg 7 89143 Blaubeuren
BNP Paribas S.A. Niederlassung Deutschland
BAK-Nr.: 108556
Senckenberganlage 19, 60325 Frankfurt
Trefferanzahl: 1
Kontonummer: DE38760300800223536306
Errichtungsdatum: 13.07.2016
Kontoinfo:
Auflösungsdatum:
Kontoinhaber
Geburtsdatum Seit
Bis
Marietta Constanze Margarete von Gaffron
14.12.1991
30.11.2020
Fischerinsel 9 10179 Berlin Bundesrep. Deutschland
Anfrage von Gerichtsvollzieher
Seite
3 von
7
Markus Fuckel (G11287) zu AZ DR II 3758/25
 Anlage zu GZ: St Il 4 - S 0229a KEVIZZ 2888458/25 (Bitte stets angeben)
Baader Bank Aktiengesellschaft
BAK-Nr.: 109664
Weihenstephaner Straße 4, 85716 Unterschleißheim
Trefferanzahl: 4
Kontonummer: DE70700331004419334000
Errichtungsdatum: 01.08.2024
Kontoinfo:
Auflösungsdatum:
Kontoinhaber
Geburtsdatum
Seit
Bis
Marietta Constanze Margarete von Gaffron
14.12.1991
01.08.2024
06.08.2024
Fischerinsel 9 10179 Berlin Deutschland
Marietta Constanze Margarete von Gaffron
14.12.1991
06.08.2024
Fischerinsel 9 10179 Berlin Deutschland
Verfügungsberechtigte
Geburtsdatum
Seit
Bis
Traders Place GmbH & Co. KGaA
01.08.2024
Sägewerkstraße 3 83395 Freilassing Deutschland
Kontonummer: K4419334001
Errichtungsdatum: 01.08.2024
Kontoinfo:
Auflösungsdatum:
Kontoinhaber
Geburtsdatum
Seit
Bis
Marietta Constanze Margarete von Gaffron
14.12.1991
01.08.2024
06.08.2024
Fischerinsel 9 10179 Berlin Deutschland
Marietta Constanze Margarete von Gaffron
14.12.1991
06.08.2024
Fischerinsel 9 10179 Berlin Deutschland
Verfügungsberechtigte
Geburtsdatum
Seit
Bis
Traders Place GmbH & Co. KGaA
01.08.2024
Sägewerkstraße 3 83395 Freilassing Deutschland
Kontonummer: DE75700331005169283008
Errichtungsdatum: 03.06.2025
Kontoinfo:
Auflösungsdatum:
Kontoinhaber
Geburtsdatum
Seit
Bis
Marietta Constanze Margarete Von Gaffron
14.12.1991
03.06.2025
05.06.2025
Fischerinsel 9 10179 Berlin Deutschland
Marietta Constanze Margarete Von Gaffron
14.12.1991
05.06.2025
10.09.2025
Fischerinsel 9 10179 Berlin Deutschland
Marietta Constanze Margarete von Gaffron
14.12.1991
10.09.2025
Fischerinsel 9 10179 Berlin Deutschland
Verfügungsberechtigte
Geburtsdatum
Seit
Bis
finanzen.net zero Haftungsdach-DonauCapital
03.06.2025
Wertpapier GmbH
Passauer Str. 5 94161 Ruderting Deutschland
Anfrage von Gerichtsvollzieher
Seite
4 von
7
Markus Fuckel (G11287) zu AZ DR II 3758/25
 Anlage zu GZ: St Il 4 - S 0229a KEVIZZ 2888458/25 (Bitte stets angeben)
Kontonummer: K5169283001
Errichtungsdatum: 03.06.2025
Kontoinfo:
Auflösungsdatum:
Kontoinhaber
Geburtsdatum
Seit
Bis
Marietta Constanze Margarete Von Gaffron
14.12.1991
03.06.2025
05.06.2025
Fischerinsel 9 10179 Berlin Deutschland
Marietta Constanze Margarete Von Gaffron
14.12.1991
05.06.2025
10.09.2025
Fischerinsel 9 10179 Berlin Deutschland
Marietta Constanze Margarete von Gaffron
14.12.1991
10.09.2025
Fischerinsel 9 10179 Berlin Deutschland
Verfügungsberechtigte
Geburtsdatum
Seit
Bis
finanzen.net zero Haftungsdach-DonauCapital
03.06.2025
Wertpapier GmbH
Passauer Str. 5 94161 Ruderting Deutschland
Quirin Privatbank AG
BAK-Nr.: 115319
Kurfürstendamm 119, 10711 Berlin
Trefferanzahl: 3
Kontonummer: DE09101106003250461320
Errichtungsdatum: 19.08.2025
Kontoinfo:
Auflösungsdatum:
Kontoinhaber
Geburtsdatum
Seit
Bis
Marietta Constanze Margarete von Gaffron
14.12.1991
19.08.2025
Fischerinsel 9 10179 Berlin
Kontonummer: DE33101106003250460500
Errichtungsdatum: 19.08.2025
Kontoinfo:
Auflösungsdatum:
Kontoinhaber
Geburtsdatum
Seit
Bis
Marietta Constanze Margarete von Gaffron
14.12.1991
19.08.2025
Fischerinsel 9 10179 Berlin
Kontonummer: 3250461320
Errichtungsdatum: 19.08.2025
Kontoinfo:
Auflösungsdatum:
Kontoinhaber
Geburtsdatum Seit
Bis
Marietta Constanze Margarete von Gaffron
14.12.1991
19.08.2025
Fischerinsel 9 10179 Berlin
Anfrage von Gerichtsvollzieher
Seite
5 von
7
Markus Fuckel (G11287) zu AZ DR II 3758/25
 Anlage zu GZ: St Il 4 S 0229a KEVIZZ 2888458/25 (Bitte stets angeben)
N26 Bank SE
BAK-Nr.: 145827
Voltairestraße 8, 10179 Berlin
Trefferanzahl: 1
Kontonummer: DE67100110012621768055
Errichtungsdatum: 03.12.2020
Kontoinfo:
Auflösungsdatum:
Kontoinhaber
Geburtsdatum
Seit
Bis
MARIETTA CONSTANZE MARGARETE VON
14.12.1991
05.12.2020
GAFFRON
FISCHERINSEL 9 10179 BERLIN DEU
Klarna Bank AB, German Branch
BAK-Nr.: 157210
Chausseestr. 117, 10115 Berlin
Trefferanzahl: 4
Kontonummer: DE61100103003855927207
Errichtungsdatum: 23.10.2023
Kontoinfo:
Auflösungsdatum:
Kontoinhaber
Geburtsdatum Seit
Bis
MARIETTA CONSTANZE MARGARETE VON
14.12.1991
23.10.2023
22.12.2023
GAFFRON
Fischerinsel 9 10179 Berlin
MARIETTA CONSTANZE MARGARETE VON
14.12.1991
22.12.2023
GAFFRON
Fischerinsel 9 10179 Berlin
Kontonummer: 4a841c72-12a9-4467-a795-b09defb9e 9bf
Errichtungsdatum: 22.12.2023
Kontoinfo:
Auflösungsdatum:
Kontoinhaber
Geburtsdatum
Seit
Bis
MARIETTA CONSTANZE MARGARETE VON
14.12.1991
22.12.2023
GAFFRON
Fischerinsel 9 10179 Berlin
Kontonummer: 28aa8f1a-3d18-4bb4-97f6-64a3b655d dc7
Errichtungsdatum: 02.04.2024
Kontoinfo:
Auflösungsdatum:
Kontoinhaber
Geburtsdatum
Seit
Bis
MARIETTA CONSTANZE MARGARETE VON
14.12.1991
02.04.2024
GAFFRON
Fischerinsel 9 10179 Berlin
Anfrage von Gerichtsvollzieher
Seite
6 von
7
Markus Fuckel (G11287) zu AZ DR II 3758/25
 Anlage zu GZ: St Il 4 - S 0229a KEVIZZ 2888458/25 (Bitte stets angeben)
Kontonummer: cf6d4d07-0793-4504-999e-9bf6a4131 d65
Errichtungsdatum: 02.04.2024
Kontoinfo:
Auflösungsdatum:
Kontoinhaber
Geburtsdatum Seit
Bis
MARIETTA CONSTANZE MARGARETE VON
14.12.1991
02.04.2024
GAFFRON
Fischerinsel 9 10179 Berlin
Anfrage von Gerichtsvollzieher
Seite
7 von
7
Markus Fuckel (G11287) zu AZ DR II 3758/25",drittauskunft,False,False,352168c8-d418-5023-bfa1-f6c53a62e738,8af270a0-0aac-5f09-be68-40ce4bf1b041,db6f409de21c9073aba585d6eb9d1e037633723e7ec830b9a6ad01d66b63ef58,s3://pair-data-engineering-new/ocr_prepared_output/db6f409de21c9073aba585d6eb9d1e037633723e7ec830b9a6ad01d66b63ef58.json
data/aftercourt/drittauskunft_without_invoice/dokumente_69025_12012026_10332320260113-315-c1crge.pdf,"<page_1>
Sylvia Niemeyer
Schloßstraße 4
Obergerichtsvollzieherin
31303 Burgdorf
Sprechstunden:
Mi. 16-17 Uhr, Vor d.Hann.Tor 30, Geb.
C,Burgdorf
Mo. Fr. telef.
Telefon 0177-7311679
Abs. OGV'in Niemeyer, Schloßstraße 4, 31303 Burgdorf
EGVP-Nutzer-ID für ERV:
Pair Finance GmbH
safe-sp1-1405606728936-015635478
Knesebeckstr. 62-63
Dienstkonto:
10719 Berlin
Empfänger: Sylvia Niemeyer
IBAN: DE31 2704 0080 0601 0284 00
BIC: COBADEFFXXX
Bank: Commerzbank Braunschweig
DR II 690/25
Bitte bei Schreiben und Zahlungen angeben!
170236877081
Burgdorf, 12.01.2026
Zwangsvollstreckungssache
E.ON.Energie Deutschland GmbH Arnulfstraße 203, 80634 München
vertreten durch: Pair Finance GmbH , Knesebeckstr. 62-63, 10719 Berlin, Az.170236877081
gegen
Feremez Sacik, Rotkehlchenweg 7 A, 31303 Burgdorf
Sehr geehrte Damen und Herren,
in obiger Sache erhalten Sie anliegend wie von Ihnen beantragt:
Auskunft vom Bundeszentralamt für Steuern
Die erlangten Angaben dürfen nur zu Vollstreckungszwecken verwendet werden. Nach Zweckerreichung
(insbesondere bei vollständiger Zahlung) sind die Daten zu löschen.
Mit freundlichen Grüßen
Niemeyer
Obergerichtsvollzieherin
beim Amtsgericht Burgdorf
Informationen nach Art. 13 und 14 DSGVO zum Schutz personenbezogener Daten bei der Justiz erhalten Sie am Amtsgericht Burgdorf, Schloßstraße 4, 31303
Burgdorf, bzw. auf der Internetseite dieses Gerichtes.
DR II 690/25, Seite 1
<page_2>
Anlage zu GZ: St II 4 S 0229a - KEVIZZ 2942388/25 (Bitte stets angeben)
Ergebnisse
zu der Anfrage von dem/der:
Obergerichtsvollzieherin
Sylvia Niemeyer
vom:
17.12.2025
Ihr AZ:
DR_II_00690_25
mit folgenden Anhaltsdaten:
Name:
Nachname:
Sacik
Vorname:
Feremez
Geburtsdatum:
01.01.1973
Kontonummer:
Bank11 für Privatkunden und Handel GmbH
BAK-Nr.: 100072
Hammer Landstraße 91, 41460 Neuss
Trefferanzahl: 1
Kontonummer: DE47305305000739501931
Errichtungsdatum: 22.11.2024
Kontoinfo:
Auflösungsdatum:
Kontoinhaber
Geburtsdatum Seit
Bis
Feremez Sacik
01.01.1973
22.11.2024
Rotkehlchenweg 7a 31303 Burgdorf
Volkswagen Bank Gesellschaft mit beschränkter Haftung
BAK-Nr.: 100178
Gifhorner Straße 57, 38112 Braunschweig
Trefferanzahl: 4
Kontonummer: 12663591
Errichtungsdatum: 16.12.2024
Kontoinfo:
Auflösungsdatum:
Kontoinhaber
Geburtsdatum Seit
Bis
AS-Bau GmbH
16.12.2024
Lavesstr. 18 30159 Hannover DE
Verfügungsberechtigte
Geburtsdatum
Seit
Bis
Ayhan Yavsan
01.03.1973
16.12.2024
06.06.2025
Lavesstr. 7b 30851 Langenhagen DE
Ayhan Yavsan
01.03.1973
06.06.2025
Birkenallee 7b 30855 Langenhagen DE
Wirtschaftlich Berechtigte
Seit
Bis
Feremez Sacik
16.12.2024
Rotkehlchenweg 7a 31303 Burgdorf DE
Anfrage von Obergerichtsvollzieherin
Seite
1 von
10
Sylvia Niemeyer (G03284) zu AZ DR_11_00690_25
<page_3>
Anlage zu GZ: St II 4 S 0229a KEVIZZ 2942388/25 (Bitte stets angeben)
Ayhan Yavsan
16.12.2024
Birkenallee 7b 30855 Langenhagen DE
Kontonummer: 12827783
Errichtungsdatum: 19.06.2025
Kontoinfo:
Auflösungsdatum:
Kontoinhaber
Geburtsdatum Seit
Bis
AS-Bau GmbH
19.06.2025
Lavesstr. 18 30159 Hannover DE
Verfügungsberechtigte
Geburtsdatum Seit
Bis
Ayhan Yavsan
01.03.1973
19.06.2025
Birkenallee 7b 30855 Langenhagen DE
Wirtschaftlich Berechtigte
Seit
Bis
Feremez Sacik
19.06.2025
Rotkehlchenweg 7a 31303 Burgdorf DE
Ayhan Yavsan
19.06.2025
Birkenallee 7b 30855 Langenhagen DE
Kontonummer: 12829433
Errichtungsdatum: 19.06.2025
Kontoinfo:
Auflösungsdatum:
Kontoinhaber
Geburtsdatum Seit
Bis
AS-Bau GmbH
19.06.2025
Lavesstr. 18 30159 Hannover DE
Verfügungsberechtigte
Geburtsdatum Seit
Bis
Ayhan Yavsan
01.03.1973
19.06.2025
Birkenallee 7b 30855 Langenhagen DE
Wirtschaftlich Berechtigte
Seit
Bis
Feremez Sacik
19.06.2025
Rotkehlchenweg 7a 31303 Burgdorf DE
Ayhan Yavsan
19.06.2025
Birkenallee 7b 30855 Langenhagen DE
Kontonummer: 12829434
Errichtungsdatum: 20.06.2025
Kontoinfo:
Auflösungsdatum:
Kontoinhaber
Geburtsdatum Seit
Bis
AS-Bau GmbH
20.06.2025
Lavesstr. 18 30159 Hannover DE
Anfrage von Obergerichtsvollzieherin
Seite
2 von
10
Sylvia Niemeyer (G03284) zu AZ DR_11_00690_25
<page_4>
Anlage zu GZ: St II 4 S 0229a KEVIZZ 2942388/25 (Bitte stets angeben)
Verfügungsberechtigte
Geburtsdatum Seit
Bis
Ayhan Yavsan
01.03.1973
20.06.2025
Birkenallee 7b 30855 Langenhagen DE
Wirtschaftlich Berechtigte
Seit
Bis
Feremez Sacik
20.06.2025
Rotkehlchenweg 7a 31303 Burgdorf DE
Ayhan Yavsan
20.06.2025
Birkenallee 7b 30855 Langenhagen DE
Norddeutsche Landesbank Girozentrale
BAK-Nr.: 100436
Friedrichswall 10, 30159 Hannover
Trefferanzahl: 5
Kontonummer: DE48250500000202234142
Errichtungsdatum: 01.07.2024
Kontoinfo:
Auflösungsdatum:
Kontoinhaber
Geburtsdatum Seit
Bis
Feremez Sacik
01.01.1973
01.07.2024
Rotkehlchenweg 7 A, 31303 Burgdorf
Kontonummer: DE45250500006000435677
Errichtungsdatum: 07.02.2025
Kontoinfo:
Auflösungsdatum:
Kontoinhaber
Geburtsdatum Seit
Bis
Feremez Sacik
01.01.1973
07.02.2025
Rotkehlchenweg 7 A, 31303 Burgdorf
Hidayet Sacik
27.02.1975
07.02.2025
Rotkehlchenweg 7 A, 31303 Burgdorf
Kontonummer: DE66250500006000435881
Errichtungsdatum: 23.01.2025
Kontoinfo:
Auflösungsdatum:
Kontoinhaber
Geburtsdatum Seit
Bis
Feremez Sacik
01.01.1973
23.01.2025
Rotkehlchenweg 7 A, 31303 Burgdorf
Hidayet Sacik
27.02.1975
23.01.2025
Rotkehlchenweg 7 A, 31303 Burgdorf
Kontonummer: DE89250500006000435661
Errichtungsdatum: 07.02.2025
Kontoinfo:
Auflösungsdatum:
Kontoinhaber
Geburtsdatum
Seit
Bis
Feremez Sacik
01.01.1973
07.02.2025
Rotkehlchenweg 7 A, 31303 Burgdorf
Anfrage von Obergerichtsvollzieherin
Seite
3 von
10
Sylvia Niemeyer (G03284) zu AZ DR_11_00690_25
<page_5>
Anlage zu GZ: St II 4 S 0229a KEVIZZ 2942388/25 (Bitte stets angeben)
Hidayet Sacik
27.02.1975
07.02.2025
Rotkehlchenweg 7 A, 31303 Burgdorf
Kontonummer: DE77250500006000435683
Errichtungsdatum: 07.02.2025
Kontoinfo:
Auflösungsdatum:
Kontoinhaber
Geburtsdatum Seit
Bis
Feremez Sacik
01.01.1973
07.02.2025
Rotkehlchenweg 7 A, 31303 Burgdorf
Hidayet Sacik
27.02.1975
07.02.2025
Rotkehlchenweg 7 A, 31303 Burgdorf
Stadtsparkasse Burgdorf
BAK-Nr.: 100721
Marktstraße 59, 31303 Burgdorf, Kr Hannover
Trefferanzahl: 9
Kontonummer: DE73251513716621029336
Errichtungsdatum: 04.06.2021
Kontoinfo:
Auflösungsdatum:
Kontoinhaber
Geburtsdatum Seit
Bis
Olomu/Sacik Verwaltungs- GbR
04.06.2021
Eulenkamp 20, 31303 Burgdorf
Wirtschaftlich Berechtigte
Seit
Bis
Olushola Olomu
04.06.2021
Hollige 18 A, 29664 Walsrode
Feremez Sacik
04.06.2021
Rotkehlchenweg 7 A, 31303 Burgdorf
Kontonummer: DE61251513710270094329
Errichtungsdatum: 08.02.2021
Kontoinfo:
Auflösungsdatum:
Kontoinhaber
Geburtsdatum Seit
Bis
Feremez Sacik
01.01.1973
08.02.2021
Rotkehlchenweg 7 A, 31303 Burgdorf
Hidayet Sacik
27.02.1975
08.02.2021
Rotkehlchenweg 7 A, 31303 Burgdorf
Kontonummer: DE16251513710270088446
Errichtungsdatum: 14.02.2020
Kontoinfo:
Auflösungsdatum:
Kontolnhaber
Geburtsdatum
Seit
Bis
Hidayet Sacik
27.02.1975
14.02.2020
Rotkehlchenweg 7 A, 31303 Burgdorf
Anfrage von Obergerichtsvollzieherin
Seite
4 von
10
Sylvia Niemeyer (G03284) zu AZ DR_11_00690_25
<page_6>
Anlage zu GZ: St II 4 S 0229a KEVIZZ 2942388/25 (Bitte stets angeben)
Verfügungsberechtigte
Geburtsdatum Seit
Bis
Feremez Sacik
01.01.1973
14.02.2020
Rotkehlchenweg 7 A, 31303 Burgdorf
Kontonummer: DE23251513716621034310
Errichtungsdatum: 19.01.2024
Kontoinfo:
Auflösungsdatum:
Kontoinhaber
Geburtsdatum Seit
Bis
Olomu/Sacik Verwaltungs- GbR
19.01.2024
Eulenkamp 20, 31303 Burgdorf
Wirtschaftlich Berechtigte
Seit
Bis
Olushola Olomu
19.01.2024
Hollige 18 A, 29664 Walsrode
Feremez Sacik
19.01.2024
Rotkehlchenweg 7 A, 31303 Burgdorf
Kontonummer: DE16251513710270110174
Errichtungsdatum: 10.05.2023
Kontoinfo:
Auflösungsdatum:
Kontoinhaber
Geburtsdatum
Seit
Bis
AS-Bau GmbH
06.06.2023
18.03.2024
Am Ortfelde 38c, 30916 Isernhagen
AS-Bau GmbH
18.03.2024
Lavesstr. 18, 30159 Hannover
AS-Bau GmbH i.G.
10.05.2023
06.06.2023
Am Ortfelde 38c, 30916 Isernhagen
Verfügungsberechtigte
Geburtsdatum
Seit
Bis
Feremez Sacik
01.01.1973
10.05.2023
Rotkehlchenweg 7 A, 31303 Burgdorf
Ayhan Yavsan
01.03.1973
10.05.2023
Birkenallee 7b, 30855 Langenhagen
Wirtschaftlich Berechtigte
Seit
Bis
Feremez Sacik
10.05.2023
Rotkehlchenweg 7 A, 31303 Burgdorf
Ayhan Yavsan
10.05.2023
Birkenallee 7b, 30855 Langenhagen
Kontonummer: DE21251513710270088065
Errichtungsdatum: 28.01.2020
Kontoinfo:
Auflösungsdatum:
Kontoinhaber
Geburtsdatum
Seit
Bis
Feremez Sacik
01.01.1973
06.02.2020
Rotkehlchenweg 7 A, 31303 Burgdorf
Anfrage von Obergerichtsvollzieherin
Seite
5 von
10
Sylvia Niemeyer (G03284) zu AZ DR_11_00690_25
<page_7>
Anlage zu GZ: St II 4 S 0229a KEVIZZ 2942388/25 (Bitte stets angeben)
Verfügungsberechtigte
Geburtsdatum
Seit
Bis
Hidayet Sacik
27.02.1975
28.01.2020
Rotkehlchenweg 7 A, 31303 Burgdorf
Kontonummer: DE78251513710270102171
Errichtungsdatum: 19.05.2022
Kontoinfo:
Auflösungsdatum:
Kontoinhaber
Geburtsdatum
Seit
Bis
Baris Sacik
05.03.2005
19.05.2022
Rotkehlchenweg 7a, 31303 Burgdorf
Verfügungsberechtigte
Geburtsdatum
Seit
Bis
Feremez Sacik
01.01.1973
19.05.2022
06.03.2023
Rotkehlchenweg 7 A, 31303 Burgdorf
Hidayet Sacik
27.02.1975
19.05.2022
06.03.2023
Rotkehlchenweg 7 A, 31303 Burgdorf
Kontonummer: DE78251513710270095284
Errichtungsdatum: 08.04.2021
Kontoinfo:
Auflösungsdatum:
Kontoinhaber
Geburtsdatum
Seit
Bis
Olomu/Sacik Verwaltungs- GbR
15.04.2021
Eulenkamp 20, 31303 Burgdorf
Verfügungsberechtigte
Geburtsdatum
Seit
Bis
Carola Maria Fernau
13.10.1963
29.01.2024
Sieverdinger Kirchweg 21, 29664 Walsrode
Olushola Olomu
06.03.1979
08.04.2021
Hollige 18 A, 29664 Walsrode
Feremez Sacik
01.01.1973
15.04.2021
Rotkehlchenweg 7 A, 31303 Burgdorf
Wirtschaftlich Berechtigte
Seit
Bis
Olushola Olomu
15.04.2021
Hollige 18 A, 29664 Walsrode
Feremez Sacik
15.04.2021
Rotkehlchenweg 7 A, 31303 Burgdorf
Kontonummer: DE58251513716621033486
Errichtungsdatum: 19.09.2023
Kontoinfo:
Auflösungsdatum:
Kontoinhaber
Geburtsdatum
Seit
Bis
AS-Bau GmbH
19.09.2023
18.03.2024
Am Ortfelde 38c, 30916 Isernhagen
AS-Bau GmbH
18.03.2024
Lavesstr. 18, 30159 Hannover
Anfrage von Obergerichtsvollzieherin
Seite
6 von
10
Sylvia Niemeyer (G03284) zu AZ DR_11_00690_25
<page_8>
Anlage zu GZ: St II 4 S 0229a KEVIZZ 2942388/25 (Bitte stets angeben)
Wirtschaftlich Berechtigte
Seit
Bis
Feremez Sacik
19.09.2023
Rotkehlchenweg 7 A, 31303 Burgdorf
Ayhan Yavsan
19.09.2023
Birkenallee 7b, 30855 Langenhagen
Sparkasse Celle-Gifhorn-Wolfsburg
BAK-Nr.: 100732
Nordhoffstraße 1, 38518 Gifhorn
Trefferanzahl: 2
Kontonummer: SF8202990259
Errichtungsdatum: 06.10.2022
Kontoinfo:
Auflösungsdatum:
Kontoinhaber
Geburtsdatum Seit
Bis
Hidayet Sacik
27.02.1975
06.10.2022
Rotkehlchenweg 7 A, 31303 Burgdorf
Verfügungsberechtigte
Geburtsdatum
Seit
Bis
Feremez Sacik
01.01.1973
07.11.2022
Rotkehlchenweg 7 A, 31303 Burgdorf
Kontonummer: DE11269513116557198337
Errichtungsdatum: 15.02.2002
Kontoinfo:
Auflösungsdatum:
Kontoinhaber
Geburtsdatum Seit
Bis
Feremez Sacik
01.01.1973
25.05.2020
Rotkehlchenweg 7 A, 31303 Burgdorf
Hidayet Sacik
27.02.1975
25.05.2020
Rotkehlchenweg 7 A, 31303 Burgdorf
Hannoversche Volksbank eG
BAK-Nr.: 101659
Kurt-Schumacher-Straße 19, 30159 Hannover
Trefferanzahl: 2
Kontonummer: DE04251900010683492271
Errichtungsdatum: 26.06.2015
Kontoinfo:
Auflösungsdatum:
Kontoinhaber
Geburtsdatum Seit
Bis
Hidayet Sacik
27.02.1975
09.07.2020
Rotkehlchenweg 7 A 31303 Burgdorf
Verfügungsberechtigte
Geburtsdatum
Seit
Bis
Feremez Sacik
01.01.1973
26.06.2015
Rotkehlchenweg 7 A 31303 Burgdorf
Anfrage von Obergerichtsvollzieherin
Seite
7 von
10
Sylvia Niemeyer (G03284) zu AZ DR_11_00690_25
<page_9>
Anlage zu GZ: St II 4 S 0229a KEVIZZ 2942388/25 (Bitte stets angeben)
Kontonummer: DE78251900010683492200
Errichtungsdatum: 10.07.2014
Kontoinfo:
Auflösungsdatum:
Kontoinhaber
Geburtsdatum
Seit
Bis
Hidayet Sacik
27.02.1975
09.07.2020
Rotkehlchenweg 7 A 31303 Burgdorf
Verfügungsberechtigte
Geburtsdatum
Seit
Bis
Feremez Sacik
01.01.1973
22.08.2014
Rotkehlchenweg 7 A 31303 Burgdorf
Mercedes-Benz Bank AG
BAK-Nr.: 104078
Siemensstraße 7, 70469 Stuttgart
Trefferanzahl: 1
Kontonummer: 71427592
Errichtungsdatum: 18.02.2025
Kontoinfo:
Auflösungsdatum:
Kontoinhaber
Geburtsdatum Seit
Bis
Feremez Sacik
01.01.1973
18.02.2025
25.10.2025
Rotkehlchenweg 7a 31303 Burgdorf DE
Feremez Sacik
01.01.1973
25.10.2025
Rotkehlchenweg 7a 31303 Burgdorf DE
Bausparkasse Schwäbisch Hall Aktiengesellschaft Bausparkasse
BAK-Nr.: 105625
der Volksbanken und Raiffeisenbanken
Crailsheimer Straße 52, 74523 Schwäbisch Hall
Trefferanzahl: 4
Kontonummer: 2376190308
Errichtungsdatum: 17.07.2018
Kontoinfo:
Auflösungsdatum:
Kontolnhaber
Geburtsdatum
Seit
Bis
Feremez Sacik
01.01.1973
17.07.2018
Rotkehlchenweg 7a 31303 Burgdorf
Hidayet Sacik
27.02.1975
17.07.2018
Rotkehlchenweg 7a 31303 Burgdorf
Kontonummer: 2376190304
Errichtungsdatum: 30.05.2017
Kontoinfo:
Auflösungsdatum:
Kontoinhaber
Geburtsdatum Seit
Bis
Feremez Sacik
01.01.1973
30.05.2017
Rotkehlchenweg 7a 31303 Burgdorf
Anfrage von Obergerichtsvollzleherin
Seite
8 von
10
Sylvia Niemeyer (G03284) zu AZ DR_11_00690_25
<page_10>
Anlage zu GZ: St II 4 S 0229a KEVIZZ 2942388/25 (Bitte stets angeben)
Hidayet Sacik
27.02.1975
30.05.2017
Rotkehlchenweg 7a 31303 Burgdorf
Kontonummer: 2376190302
Errichtungsdatum: 25.09.2015
Kontoinfo:
Auflösungsdatum:
Kontoinhaber
Geburtsdatum
Seit
Bis
Feremez Sacik
01.01.1973
25.09.2015
Rotkehlchenweg 7a 31303 Burgdorf
Hidayet Sacik
27.02.1975
25.09.2015
Rotkehlchenweg 7a 31303 Burgdorf
Kontonummer: 2376190301
Errichtungsdatum: 11.07.2014
Kontoinfo:
Auflösungsdatum:
Kontoinhaber
Geburtsdatum
Seit
Bis
Feremez Sacik
01.01.1973
11.07.2014
Rotkehlchenweg 7a 31303 Burgdorf
Hidayet Sacik
27.02.1975
11.07.2014
Rotkehlchenweg 7a 31303 Burgdorf
LBS Landesbausparkasse NordWest
BAK-Nr.: 118635
Himmelreichallee 40, 48149 Münster, Westf
Trefferanzahl: 3
Kontonummer: 5033984633
Errichtungsdatum: 15.11.2024
Kontoinfo:
Auflösungsdatum:
Kontoinhaber
Geburtsdatum
Seit
Bis
Feremez Sacik
01.01.1973
15.11.2024
Rotkehlchenweg 7 A, 31303 Burgdorf DE
Hidayet Sacik
27.02.1975
15.11.2024
Rotkehlchenweg 7 A, 31303 Burgdorf DE
Kontonummer: 3033114616
Errichtungsdatum: 10.05.2021
Kontoinfo:
Auflösungsdatum:
Kontoinhaber
Geburtsdatum
Seit
Bis
Olomu/Sacik Verwaltungs- GbR
10.05.2021
Eulenkamp 20, 31303 Burgdorf DE
Verfügungsberechtigte
Geburtsdatum
Seit
Bis
Olushola Olomu
06.03.1979
10.05.2021
Hollige 18 A, 29664 Walsrode DE
Feremez Sacik
01.01.1973
10.05.2021
Rotkehlchenweg 7 A, 31303 Burgdorf DE
Anfrage von Obergerichtsvollzieherin
Seite
9 von
10
Sylvia Niemeyer (G03284) zu AZ DR_11_00690_25
<page_11>
Anlage zu GZ: St II 4 S 0229a KEVIZZ - 2942388/25 (Bitte stets angeben)
Wirtschaftlich Berechtigte
Seit
Bis
Olushola Olomu
10.05.2021
Hollige 18 A, 29664 Walsrode DE
Feremez Sacik
10.05.2021
Rotkehlchenweg 7 A, 31303 Burgdorf DE
Kontonummer: 5033459834
Errichtungsdatum: 04.11.2024
Kontoinfo:
Auflösungsdatum:
Kontoinhaber
Geburtsdatum Seit
Bis
Feremez Sacik
01.01.1973
04.11.2024
Rotkehlchenweg 7 A, 31303 Burgdorf DE
Hidayet Sacik
27.02.1975
04.11.2024
Rotkehlchenweg 7 A, 31303 Burgdorf DE
Investitions- und Förderbank Niedersachsen (NBank)
BAK-Nr.: 118881
Günther-Wagner-Allee 12 - 16, 30177 Hannover
Trefferanzahl: 1
Kontonummer: 0000007560003774
Errichtungsdatum: 29.04.2020
Kontoinfo:
Auflösungsdatum:
Kontoinhaber
Geburtsdatum Seit
Bis
Feremez Sacik
29.04.2020
Eulenkamp 20, 31303 Burgdorf DE
Wirtschaftlich Berechtigte
Seit
Bis
Feremez Sacik
21.05.2021
Rotkehlchenweg 7 A, 31303 Burgdorf DE
Anfrage von Obergerichtsvollzieherin
Seite
10 von
10
Sylvia Niemeyer (G03284) zu AZ DR_11_00690_25",False," Sylvia Niemeyer
Schloßstraße 4
Obergerichtsvollzieherin
31303 Burgdorf
Sprechstunden:
Mi. 16-17 Uhr, Vor d.Hann.Tor 30, Geb.
C,Burgdorf
Mo. Fr. telef.
Telefon 0177-7311679
Abs. OGV'in Niemeyer, Schloßstraße 4, 31303 Burgdorf
EGVP-Nutzer-ID für ERV:
Pair Finance GmbH
safe-sp1-1405606728936-015635478
Knesebeckstr. 62-63
Dienstkonto:
10719 Berlin
Empfänger: Sylvia Niemeyer
IBAN: DE31 2704 0080 0601 0284 00
BIC: COBADEFFXXX
Bank: Commerzbank Braunschweig
DR II 690/25
Bitte bei Schreiben und Zahlungen angeben!
170236877081
Burgdorf, 12.01.2026
Zwangsvollstreckungssache
E.ON.Energie Deutschland GmbH Arnulfstraße 203, 80634 München
vertreten durch: Pair Finance GmbH , Knesebeckstr. 62-63, 10719 Berlin, Az.170236877081
gegen
Feremez Sacik, Rotkehlchenweg 7 A, 31303 Burgdorf
Sehr geehrte Damen und Herren,
in obiger Sache erhalten Sie anliegend wie von Ihnen beantragt:
Auskunft vom Bundeszentralamt für Steuern
Die erlangten Angaben dürfen nur zu Vollstreckungszwecken verwendet werden. Nach Zweckerreichung
(insbesondere bei vollständiger Zahlung) sind die Daten zu löschen.
Mit freundlichen Grüßen
Niemeyer
Obergerichtsvollzieherin
beim Amtsgericht Burgdorf
Informationen nach Art. 13 und 14 DSGVO zum Schutz personenbezogener Daten bei der Justiz erhalten Sie am Amtsgericht Burgdorf, Schloßstraße 4, 31303
Burgdorf, bzw. auf der Internetseite dieses Gerichtes.
DR II 690/25, Seite 1
 Anlage zu GZ: St II 4 S 0229a - KEVIZZ 2942388/25 (Bitte stets angeben)
Ergebnisse
zu der Anfrage von dem/der:
Obergerichtsvollzieherin
Sylvia Niemeyer
vom:
17.12.2025
Ihr AZ:
DR_II_00690_25
mit folgenden Anhaltsdaten:
Name:
Nachname:
Sacik
Vorname:
Feremez
Geburtsdatum:
01.01.1973
Kontonummer:
Bank11 für Privatkunden und Handel GmbH
BAK-Nr.: 100072
Hammer Landstraße 91, 41460 Neuss
Trefferanzahl: 1
Kontonummer: DE47305305000739501931
Errichtungsdatum: 22.11.2024
Kontoinfo:
Auflösungsdatum:
Kontoinhaber
Geburtsdatum Seit
Bis
Feremez Sacik
01.01.1973
22.11.2024
Rotkehlchenweg 7a 31303 Burgdorf
Volkswagen Bank Gesellschaft mit beschränkter Haftung
BAK-Nr.: 100178
Gifhorner Straße 57, 38112 Braunschweig
Trefferanzahl: 4
Kontonummer: 12663591
Errichtungsdatum: 16.12.2024
Kontoinfo:
Auflösungsdatum:
Kontoinhaber
Geburtsdatum Seit
Bis
AS-Bau GmbH
16.12.2024
Lavesstr. 18 30159 Hannover DE
Verfügungsberechtigte
Geburtsdatum
Seit
Bis
Ayhan Yavsan
01.03.1973
16.12.2024
06.06.2025
Lavesstr. 7b 30851 Langenhagen DE
Ayhan Yavsan
01.03.1973
06.06.2025
Birkenallee 7b 30855 Langenhagen DE
Wirtschaftlich Berechtigte
Seit
Bis
Feremez Sacik
16.12.2024
Rotkehlchenweg 7a 31303 Burgdorf DE
Anfrage von Obergerichtsvollzieherin
Seite
1 von
10
Sylvia Niemeyer (G03284) zu AZ DR_11_00690_25
 Anlage zu GZ: St II 4 S 0229a KEVIZZ 2942388/25 (Bitte stets angeben)
Ayhan Yavsan
16.12.2024
Birkenallee 7b 30855 Langenhagen DE
Kontonummer: 12827783
Errichtungsdatum: 19.06.2025
Kontoinfo:
Auflösungsdatum:
Kontoinhaber
Geburtsdatum Seit
Bis
AS-Bau GmbH
19.06.2025
Lavesstr. 18 30159 Hannover DE
Verfügungsberechtigte
Geburtsdatum Seit
Bis
Ayhan Yavsan
01.03.1973
19.06.2025
Birkenallee 7b 30855 Langenhagen DE
Wirtschaftlich Berechtigte
Seit
Bis
Feremez Sacik
19.06.2025
Rotkehlchenweg 7a 31303 Burgdorf DE
Ayhan Yavsan
19.06.2025
Birkenallee 7b 30855 Langenhagen DE
Kontonummer: 12829433
Errichtungsdatum: 19.06.2025
Kontoinfo:
Auflösungsdatum:
Kontoinhaber
Geburtsdatum Seit
Bis
AS-Bau GmbH
19.06.2025
Lavesstr. 18 30159 Hannover DE
Verfügungsberechtigte
Geburtsdatum Seit
Bis
Ayhan Yavsan
01.03.1973
19.06.2025
Birkenallee 7b 30855 Langenhagen DE
Wirtschaftlich Berechtigte
Seit
Bis
Feremez Sacik
19.06.2025
Rotkehlchenweg 7a 31303 Burgdorf DE
Ayhan Yavsan
19.06.2025
Birkenallee 7b 30855 Langenhagen DE
Kontonummer: 12829434
Errichtungsdatum: 20.06.2025
Kontoinfo:
Auflösungsdatum:
Kontoinhaber
Geburtsdatum Seit
Bis
AS-Bau GmbH
20.06.2025
Lavesstr. 18 30159 Hannover DE
Anfrage von Obergerichtsvollzieherin
Seite
2 von
10
Sylvia Niemeyer (G03284) zu AZ DR_11_00690_25
 Anlage zu GZ: St II 4 S 0229a KEVIZZ 2942388/25 (Bitte stets angeben)
Verfügungsberechtigte
Geburtsdatum Seit
Bis
Ayhan Yavsan
01.03.1973
20.06.2025
Birkenallee 7b 30855 Langenhagen DE
Wirtschaftlich Berechtigte
Seit
Bis
Feremez Sacik
20.06.2025
Rotkehlchenweg 7a 31303 Burgdorf DE
Ayhan Yavsan
20.06.2025
Birkenallee 7b 30855 Langenhagen DE
Norddeutsche Landesbank Girozentrale
BAK-Nr.: 100436
Friedrichswall 10, 30159 Hannover
Trefferanzahl: 5
Kontonummer: DE48250500000202234142
Errichtungsdatum: 01.07.2024
Kontoinfo:
Auflösungsdatum:
Kontoinhaber
Geburtsdatum Seit
Bis
Feremez Sacik
01.01.1973
01.07.2024
Rotkehlchenweg 7 A, 31303 Burgdorf
Kontonummer: DE45250500006000435677
Errichtungsdatum: 07.02.2025
Kontoinfo:
Auflösungsdatum:
Kontoinhaber
Geburtsdatum Seit
Bis
Feremez Sacik
01.01.1973
07.02.2025
Rotkehlchenweg 7 A, 31303 Burgdorf
Hidayet Sacik
27.02.1975
07.02.2025
Rotkehlchenweg 7 A, 31303 Burgdorf
Kontonummer: DE66250500006000435881
Errichtungsdatum: 23.01.2025
Kontoinfo:
Auflösungsdatum:
Kontoinhaber
Geburtsdatum Seit
Bis
Feremez Sacik
01.01.1973
23.01.2025
Rotkehlchenweg 7 A, 31303 Burgdorf
Hidayet Sacik
27.02.1975
23.01.2025
Rotkehlchenweg 7 A, 31303 Burgdorf
Kontonummer: DE89250500006000435661
Errichtungsdatum: 07.02.2025
Kontoinfo:
Auflösungsdatum:
Kontoinhaber
Geburtsdatum
Seit
Bis
Feremez Sacik
01.01.1973
07.02.2025
Rotkehlchenweg 7 A, 31303 Burgdorf
Anfrage von Obergerichtsvollzieherin
Seite
3 von
10
Sylvia Niemeyer (G03284) zu AZ DR_11_00690_25
 Anlage zu GZ: St II 4 S 0229a KEVIZZ 2942388/25 (Bitte stets angeben)
Hidayet Sacik
27.02.1975
07.02.2025
Rotkehlchenweg 7 A, 31303 Burgdorf
Kontonummer: DE77250500006000435683
Errichtungsdatum: 07.02.2025
Kontoinfo:
Auflösungsdatum:
Kontoinhaber
Geburtsdatum Seit
Bis
Feremez Sacik
01.01.1973
07.02.2025
Rotkehlchenweg 7 A, 31303 Burgdorf
Hidayet Sacik
27.02.1975
07.02.2025
Rotkehlchenweg 7 A, 31303 Burgdorf
Stadtsparkasse Burgdorf
BAK-Nr.: 100721
Marktstraße 59, 31303 Burgdorf, Kr Hannover
Trefferanzahl: 9
Kontonummer: DE73251513716621029336
Errichtungsdatum: 04.06.2021
Kontoinfo:
Auflösungsdatum:
Kontoinhaber
Geburtsdatum Seit
Bis
Olomu/Sacik Verwaltungs- GbR
04.06.2021
Eulenkamp 20, 31303 Burgdorf
Wirtschaftlich Berechtigte
Seit
Bis
Olushola Olomu
04.06.2021
Hollige 18 A, 29664 Walsrode
Feremez Sacik
04.06.2021
Rotkehlchenweg 7 A, 31303 Burgdorf
Kontonummer: DE61251513710270094329
Errichtungsdatum: 08.02.2021
Kontoinfo:
Auflösungsdatum:
Kontoinhaber
Geburtsdatum Seit
Bis
Feremez Sacik
01.01.1973
08.02.2021
Rotkehlchenweg 7 A, 31303 Burgdorf
Hidayet Sacik
27.02.1975
08.02.2021
Rotkehlchenweg 7 A, 31303 Burgdorf
Kontonummer: DE16251513710270088446
Errichtungsdatum: 14.02.2020
Kontoinfo:
Auflösungsdatum:
Kontolnhaber
Geburtsdatum
Seit
Bis
Hidayet Sacik
27.02.1975
14.02.2020
Rotkehlchenweg 7 A, 31303 Burgdorf
Anfrage von Obergerichtsvollzieherin
Seite
4 von
10
Sylvia Niemeyer (G03284) zu AZ DR_11_00690_25
 Anlage zu GZ: St II 4 S 0229a KEVIZZ 2942388/25 (Bitte stets angeben)
Verfügungsberechtigte
Geburtsdatum Seit
Bis
Feremez Sacik
01.01.1973
14.02.2020
Rotkehlchenweg 7 A, 31303 Burgdorf
Kontonummer: DE23251513716621034310
Errichtungsdatum: 19.01.2024
Kontoinfo:
Auflösungsdatum:
Kontoinhaber
Geburtsdatum Seit
Bis
Olomu/Sacik Verwaltungs- GbR
19.01.2024
Eulenkamp 20, 31303 Burgdorf
Wirtschaftlich Berechtigte
Seit
Bis
Olushola Olomu
19.01.2024
Hollige 18 A, 29664 Walsrode
Feremez Sacik
19.01.2024
Rotkehlchenweg 7 A, 31303 Burgdorf
Kontonummer: DE16251513710270110174
Errichtungsdatum: 10.05.2023
Kontoinfo:
Auflösungsdatum:
Kontoinhaber
Geburtsdatum
Seit
Bis
AS-Bau GmbH
06.06.2023
18.03.2024
Am Ortfelde 38c, 30916 Isernhagen
AS-Bau GmbH
18.03.2024
Lavesstr. 18, 30159 Hannover
AS-Bau GmbH i.G.
10.05.2023
06.06.2023
Am Ortfelde 38c, 30916 Isernhagen
Verfügungsberechtigte
Geburtsdatum
Seit
Bis
Feremez Sacik
01.01.1973
10.05.2023
Rotkehlchenweg 7 A, 31303 Burgdorf
Ayhan Yavsan
01.03.1973
10.05.2023
Birkenallee 7b, 30855 Langenhagen
Wirtschaftlich Berechtigte
Seit
Bis
Feremez Sacik
10.05.2023
Rotkehlchenweg 7 A, 31303 Burgdorf
Ayhan Yavsan
10.05.2023
Birkenallee 7b, 30855 Langenhagen
Kontonummer: DE21251513710270088065
Errichtungsdatum: 28.01.2020
Kontoinfo:
Auflösungsdatum:
Kontoinhaber
Geburtsdatum
Seit
Bis
Feremez Sacik
01.01.1973
06.02.2020
Rotkehlchenweg 7 A, 31303 Burgdorf
Anfrage von Obergerichtsvollzieherin
Seite
5 von
10
Sylvia Niemeyer (G03284) zu AZ DR_11_00690_25
 Anlage zu GZ: St II 4 S 0229a KEVIZZ 2942388/25 (Bitte stets angeben)
Verfügungsberechtigte
Geburtsdatum
Seit
Bis
Hidayet Sacik
27.02.1975
28.01.2020
Rotkehlchenweg 7 A, 31303 Burgdorf
Kontonummer: DE78251513710270102171
Errichtungsdatum: 19.05.2022
Kontoinfo:
Auflösungsdatum:
Kontoinhaber
Geburtsdatum
Seit
Bis
Baris Sacik
05.03.2005
19.05.2022
Rotkehlchenweg 7a, 31303 Burgdorf
Verfügungsberechtigte
Geburtsdatum
Seit
Bis
Feremez Sacik
01.01.1973
19.05.2022
06.03.2023
Rotkehlchenweg 7 A, 31303 Burgdorf
Hidayet Sacik
27.02.1975
19.05.2022
06.03.2023
Rotkehlchenweg 7 A, 31303 Burgdorf
Kontonummer: DE78251513710270095284
Errichtungsdatum: 08.04.2021
Kontoinfo:
Auflösungsdatum:
Kontoinhaber
Geburtsdatum
Seit
Bis
Olomu/Sacik Verwaltungs- GbR
15.04.2021
Eulenkamp 20, 31303 Burgdorf
Verfügungsberechtigte
Geburtsdatum
Seit
Bis
Carola Maria Fernau
13.10.1963
29.01.2024
Sieverdinger Kirchweg 21, 29664 Walsrode
Olushola Olomu
06.03.1979
08.04.2021
Hollige 18 A, 29664 Walsrode
Feremez Sacik
01.01.1973
15.04.2021
Rotkehlchenweg 7 A, 31303 Burgdorf
Wirtschaftlich Berechtigte
Seit
Bis
Olushola Olomu
15.04.2021
Hollige 18 A, 29664 Walsrode
Feremez Sacik
15.04.2021
Rotkehlchenweg 7 A, 31303 Burgdorf
Kontonummer: DE58251513716621033486
Errichtungsdatum: 19.09.2023
Kontoinfo:
Auflösungsdatum:
Kontoinhaber
Geburtsdatum
Seit
Bis
AS-Bau GmbH
19.09.2023
18.03.2024
Am Ortfelde 38c, 30916 Isernhagen
AS-Bau GmbH
18.03.2024
Lavesstr. 18, 30159 Hannover
Anfrage von Obergerichtsvollzieherin
Seite
6 von
10
Sylvia Niemeyer (G03284) zu AZ DR_11_00690_25
 Anlage zu GZ: St II 4 S 0229a KEVIZZ 2942388/25 (Bitte stets angeben)
Wirtschaftlich Berechtigte
Seit
Bis
Feremez Sacik
19.09.2023
Rotkehlchenweg 7 A, 31303 Burgdorf
Ayhan Yavsan
19.09.2023
Birkenallee 7b, 30855 Langenhagen
Sparkasse Celle-Gifhorn-Wolfsburg
BAK-Nr.: 100732
Nordhoffstraße 1, 38518 Gifhorn
Trefferanzahl: 2
Kontonummer: SF8202990259
Errichtungsdatum: 06.10.2022
Kontoinfo:
Auflösungsdatum:
Kontoinhaber
Geburtsdatum Seit
Bis
Hidayet Sacik
27.02.1975
06.10.2022
Rotkehlchenweg 7 A, 31303 Burgdorf
Verfügungsberechtigte
Geburtsdatum
Seit
Bis
Feremez Sacik
01.01.1973
07.11.2022
Rotkehlchenweg 7 A, 31303 Burgdorf
Kontonummer: DE11269513116557198337
Errichtungsdatum: 15.02.2002
Kontoinfo:
Auflösungsdatum:
Kontoinhaber
Geburtsdatum Seit
Bis
Feremez Sacik
01.01.1973
25.05.2020
Rotkehlchenweg 7 A, 31303 Burgdorf
Hidayet Sacik
27.02.1975
25.05.2020
Rotkehlchenweg 7 A, 31303 Burgdorf
Hannoversche Volksbank eG
BAK-Nr.: 101659
Kurt-Schumacher-Straße 19, 30159 Hannover
Trefferanzahl: 2
Kontonummer: DE04251900010683492271
Errichtungsdatum: 26.06.2015
Kontoinfo:
Auflösungsdatum:
Kontoinhaber
Geburtsdatum Seit
Bis
Hidayet Sacik
27.02.1975
09.07.2020
Rotkehlchenweg 7 A 31303 Burgdorf
Verfügungsberechtigte
Geburtsdatum
Seit
Bis
Feremez Sacik
01.01.1973
26.06.2015
Rotkehlchenweg 7 A 31303 Burgdorf
Anfrage von Obergerichtsvollzieherin
Seite
7 von
10
Sylvia Niemeyer (G03284) zu AZ DR_11_00690_25
 Anlage zu GZ: St II 4 S 0229a KEVIZZ 2942388/25 (Bitte stets angeben)
Kontonummer: DE78251900010683492200
Errichtungsdatum: 10.07.2014
Kontoinfo:
Auflösungsdatum:
Kontoinhaber
Geburtsdatum
Seit
Bis
Hidayet Sacik
27.02.1975
09.07.2020
Rotkehlchenweg 7 A 31303 Burgdorf
Verfügungsberechtigte
Geburtsdatum
Seit
Bis
Feremez Sacik
01.01.1973
22.08.2014
Rotkehlchenweg 7 A 31303 Burgdorf
Mercedes-Benz Bank AG
BAK-Nr.: 104078
Siemensstraße 7, 70469 Stuttgart
Trefferanzahl: 1
Kontonummer: 71427592
Errichtungsdatum: 18.02.2025
Kontoinfo:
Auflösungsdatum:
Kontoinhaber
Geburtsdatum Seit
Bis
Feremez Sacik
01.01.1973
18.02.2025
25.10.2025
Rotkehlchenweg 7a 31303 Burgdorf DE
Feremez Sacik
01.01.1973
25.10.2025
Rotkehlchenweg 7a 31303 Burgdorf DE
Bausparkasse Schwäbisch Hall Aktiengesellschaft Bausparkasse
BAK-Nr.: 105625
der Volksbanken und Raiffeisenbanken
Crailsheimer Straße 52, 74523 Schwäbisch Hall
Trefferanzahl: 4
Kontonummer: 2376190308
Errichtungsdatum: 17.07.2018
Kontoinfo:
Auflösungsdatum:
Kontolnhaber
Geburtsdatum
Seit
Bis
Feremez Sacik
01.01.1973
17.07.2018
Rotkehlchenweg 7a 31303 Burgdorf
Hidayet Sacik
27.02.1975
17.07.2018
Rotkehlchenweg 7a 31303 Burgdorf
Kontonummer: 2376190304
Errichtungsdatum: 30.05.2017
Kontoinfo:
Auflösungsdatum:
Kontoinhaber
Geburtsdatum Seit
Bis
Feremez Sacik
01.01.1973
30.05.2017
Rotkehlchenweg 7a 31303 Burgdorf
Anfrage von Obergerichtsvollzleherin
Seite
8 von
10
Sylvia Niemeyer (G03284) zu AZ DR_11_00690_25
 Anlage zu GZ: St II 4 S 0229a KEVIZZ 2942388/25 (Bitte stets angeben)
Hidayet Sacik
27.02.1975
30.05.2017
Rotkehlchenweg 7a 31303 Burgdorf
Kontonummer: 2376190302
Errichtungsdatum: 25.09.2015
Kontoinfo:
Auflösungsdatum:
Kontoinhaber
Geburtsdatum
Seit
Bis
Feremez Sacik
01.01.1973
25.09.2015
Rotkehlchenweg 7a 31303 Burgdorf
Hidayet Sacik
27.02.1975
25.09.2015
Rotkehlchenweg 7a 31303 Burgdorf
Kontonummer: 2376190301
Errichtungsdatum: 11.07.2014
Kontoinfo:
Auflösungsdatum:
Kontoinhaber
Geburtsdatum
Seit
Bis
Feremez Sacik
01.01.1973
11.07.2014
Rotkehlchenweg 7a 31303 Burgdorf
Hidayet Sacik
27.02.1975
11.07.2014
Rotkehlchenweg 7a 31303 Burgdorf
LBS Landesbausparkasse NordWest
BAK-Nr.: 118635
Himmelreichallee 40, 48149 Münster, Westf
Trefferanzahl: 3
Kontonummer: 5033984633
Errichtungsdatum: 15.11.2024
Kontoinfo:
Auflösungsdatum:
Kontoinhaber
Geburtsdatum
Seit
Bis
Feremez Sacik
01.01.1973
15.11.2024
Rotkehlchenweg 7 A, 31303 Burgdorf DE
Hidayet Sacik
27.02.1975
15.11.2024
Rotkehlchenweg 7 A, 31303 Burgdorf DE
Kontonummer: 3033114616
Errichtungsdatum: 10.05.2021
Kontoinfo:
Auflösungsdatum:
Kontoinhaber
Geburtsdatum
Seit
Bis
Olomu/Sacik Verwaltungs- GbR
10.05.2021
Eulenkamp 20, 31303 Burgdorf DE
Verfügungsberechtigte
Geburtsdatum
Seit
Bis
Olushola Olomu
06.03.1979
10.05.2021
Hollige 18 A, 29664 Walsrode DE
Feremez Sacik
01.01.1973
10.05.2021
Rotkehlchenweg 7 A, 31303 Burgdorf DE
Anfrage von Obergerichtsvollzieherin
Seite
9 von
10
Sylvia Niemeyer (G03284) zu AZ DR_11_00690_25
 Anlage zu GZ: St II 4 S 0229a KEVIZZ - 2942388/25 (Bitte stets angeben)
Wirtschaftlich Berechtigte
Seit
Bis
Olushola Olomu
10.05.2021
Hollige 18 A, 29664 Walsrode DE
Feremez Sacik
10.05.2021
Rotkehlchenweg 7 A, 31303 Burgdorf DE
Kontonummer: 5033459834
Errichtungsdatum: 04.11.2024
Kontoinfo:
Auflösungsdatum:
Kontoinhaber
Geburtsdatum Seit
Bis
Feremez Sacik
01.01.1973
04.11.2024
Rotkehlchenweg 7 A, 31303 Burgdorf DE
Hidayet Sacik
27.02.1975
04.11.2024
Rotkehlchenweg 7 A, 31303 Burgdorf DE
Investitions- und Förderbank Niedersachsen (NBank)
BAK-Nr.: 118881
Günther-Wagner-Allee 12 - 16, 30177 Hannover
Trefferanzahl: 1
Kontonummer: 0000007560003774
Errichtungsdatum: 29.04.2020
Kontoinfo:
Auflösungsdatum:
Kontoinhaber
Geburtsdatum Seit
Bis
Feremez Sacik
29.04.2020
Eulenkamp 20, 31303 Burgdorf DE
Wirtschaftlich Berechtigte
Seit
Bis
Feremez Sacik
21.05.2021
Rotkehlchenweg 7 A, 31303 Burgdorf DE
Anfrage von Obergerichtsvollzieherin
Seite
10 von
10
Sylvia Niemeyer (G03284) zu AZ DR_11_00690_25",drittauskunft,False,False,689055a0-23e6-5af1-bbfa-2dc208380567,3c2aa637-6910-504e-adff-0d6814cb0e87,455cdfc2250320db433f7f2324a8355fc6f83557dfc3cbf0286bc2674b3004e6,s3://pair-data-engineering-new/ocr_prepared_output/455cdfc2250320db433f7f2324a8355fc6f83557dfc3cbf0286bc2674b3004e6.json
data/aftercourt/drittauskunft_without_invoice/1_dr_1414_25_08a_an_gl_mitt_ergebnis_drittstellen_ohne_kr20251218-308-iaqd55 (1).pdf,"<page_1>
Hauptgerichtsvollzieherin
Büroanschrift
Fischerstr. 12
M. Geret
91522 Ansbach
Bürozeiten
Die: 9 bis 11 Uhr
Do: 9 bis 11 Uhr
(und nach Vereinbarung)
Telefon-Nr.
0981/81 79 86 45
Mobil-Nr.
0178/1422307
E-Mail
gvin.martina.geret@gvpost.de
Abs: HGVin Geret, Fischerstr. 12, 91522 Ansbach
Elektronisches Postfach:
Firma
DE.Justiz.78257596-bdff-44b8-865a-16381d9e8576.ecb0
Pair Finance GmbH
Knesebeckstraße 62-63
Dienstkonto
VR-Bank Mittelfranken Mitte eG
10719 Berlin
Kontoinhaber
Martina Geret
IBAN
DE33 7656 0060 0001 1274 38
BIC
GENODEF1ANS
Hinweis:
Urlaub vom 20. 28. Dez. 2025
Mein Zeichen
Ihr Zeichen
1 DR 1414/25
183688039910
Ansbach, den 18.12.2025
Bitte immer angeben!
Zwangsvollstreckungssache
Firma Liquandum Capital II GmbH, Knesebeckstraße 62-63, 10719 Berlin
vertr. d.
Firma Pair Finance GmbH, Knesebeckstraße 62-63, 10719 Berlin, Tel. 030/34060295-0, Fax
030/34060295-1, E-Mail aftercourt@pairfinance.de
gegen
Herrn Oliver Herzog, Bahnhofstraße 3, 91564 Neuendettelsau
Sehr geehrte Damen und Herren,
in O. g. Sache haben Sie mich beauftragt, eine Drittauskunft nach § 8021 ZPO beim Bundeszentralamt für Steuern
einzuholen.
Das Ergebnis teile ich Ihnen unter Übersendung einer Kopie der entsprechenden Stellen mit.
Ich weise Sie ausdrücklich darauf hin, dass die erlangten Daten nur zu Vollstreckungszwecken genutzt werden
dürfen und nach Zweckerreichung in dieser Sache zu löschen sind (§§ 802 I Abs. 3, 802 d Abs. 1 ZPO). Die
Weiterleitung dieser Daten an Dritte ist unzulässig.
Datenschutzhinweis: Personenbezogene Daten werden verarbeitet. Informationen erhalten Sie auf der
Internetseite des Amtsgerichts ""Ihr AG"" ""Link"" unter ""Allgemeine Datenschutzinformation"". Ergänzend wird darauf
hingewiesen, dass auch gegenüber den Bürokräften d. Gerichtsvollzieh. personenbezogene Daten offengelegt
werden.
dlichen Grüßen
(M. Geret)
Hauptgerichtsvollzieherin
beim Amtsgericht Ansbach
<page_2>
Bundeszentralamt
für Steuern
POSTANSCHRIFT
Bundeszentralamt für Steuern, 11055 Berlin
HAUSANSCHRIFT
DGZ-Ring 12, 13086 Berlin
BEARBEITET VON
Hauptgerichtsvollzieherin
Martina Geret
Steuerabteilung National
Kontenabrufverfahren
Fischerstraße 12
TEL
+49 (0) 2 28 40 6-3600
91522 Ansbach
FAX
+49 (0) 2 28 40 6-4408
E-MAIL
kontenabruf@bzst.bund.de
INTERNET
www.bzst.bund.de
BETREFF
Kontenabrufersuchen nach §§ 93, 93b Abgabenordnung (AO)
BEZUG
Ihr Kontenabrufersuchen vom 01.12.2025 AZ: DR 1414/25
ANLAGEN
1
GZ
St II 4 S 0229a KEVIZZ 2827957/25
(bei Antwort bitte angeben)
DATUM
09.12.2025
Ihr oben genanntes Kontenabrufersuchen ist im Rahmen des automatisierten Abrufs von
Kontoinformationen bearbeitet worden. Die Ergebnisse dieses Abrufs entnehmen Sie bitte der
nachfolgenden Anlage.
Bitte beachten Sie
dass die Verantwortung für die Zulässigkeit des Datenabrufs und die Datenübermittlung die
ersuchende Behörde trägt (§ 93b Abs. 3 AO),
die Informations- und Dokumentationspflichten gemäß § 93 Abs. 9 und 10 AO sowie den
Anwendungserlass zur Abgabenordnung (AEAO),
dass die Kontenstammdaten in der Datei nach § 24c Kreditwesengesetz (KWG) durch die
beteiligten Kreditinstitute vorgehalten werden. Ich kann deshalb keine Haftung dafür
übernehmen, dass die im Rahmen des Kontenabrufs mitgeteilten Daten vollständig und
inhaltlich korrekt sind.
Zum Inhalt des Ergebnisses bemerke ich folgendes:
Aufgrund der gesetzlichen Vorgabe der Unterscheidungsmerkmale in den von den Kreditinstituten
zu führenden Dateien kann die Identität der gemeldeten Personen immer nur im Hinblick auf die
Merkmale Name und Geburtsdatum für die Kontoinhaber und Verfügungsberechtigten bzw. Name
und Anschrift für die abweichend wirtschaftlich Berechtigten festgestellt werden. Insofern muss das
übermittelte Abrufergebnis trotz Übereinstimmung des Namens und des Geburtsdatums nicht
zwingend mit der von Ihnen abgefragten Person identisch sein. Das gilt auch für
Firmenbezeichnungen. Die auf dem Kontenabrufersuchen gleichwohl anzugebende Anschrift des
Kontoinhabers oder des Verfügungsberechtigten wird nicht in die Abfrage einbezogen.
<page_3>
Bundeszentralamt
für Steuern
Bei Rückfragen bitte ich Sie, zunächst die FAQ (häufige Fragen) zu beachten, die Sie auf der
Homepage des BZSt unter http://www.bzst.bund.de oder, sofern Sie für die Verwaltung der
Grundsicherung für Arbeitsuchende nach dem Zweiten Buch Sozialgesetzbuch zuständig sind, im
Intranet der Bundesagentur für Arbeit finden. Sie können sich aber auch an die oben angegebene
Telefonnummer wenden.
Dieses Anschreiben wurde automatisch erstellt und ist ohne Unterschrift gültig.
<page_4>
Anlage zu GZ: St Il 4 S 0229a KEVIZZ 2827957/25 (Bitte stets angeben)
Ergebnisse
zu der Anfrage von dem/der:
Hauptgerichtsvollzieherin
Martina Geret
vom:
01.12.2025
Ihr AZ:
DR 1414/25
mit folgenden Anhaltsdaten:
Name:
Nachname:
Herzog
Vorname:
Oliver
Geburtsdatum:
11.06.2004
Kontonummer:
Sparkasse Ansbach
BAK-Nr.: 100541
Promenade 20, 91522 Ansbach, Mittelfr
Trefferanzahl: 2
Kontonummer: DE35765500000003544046
Errichtungsdatum: 30.10.2006
Kontoinfo:
Auflösungsdatum:
Kontoinhaber
Geburtsdatum
Seit
Bis
Oliver Herzog
11.06.2004
05.05.2014
Bahnhofstr. 3, 91564 Neuendettelsau
Kontonummer: DE17765500000008606121
Errichtungsdatum: 03.01.2014
Kontoinfo:
Auflösungsdatum:
Kontoinhaber
Geburtsdatum
Seit
Bis
Oliver Herzog
11.06.2004
05.05.2014
Bahnhofstr. 3, 91564 Neuendettelsau
DWS Investment GmbH
BAK-Nr.: 105513
Mainzer Landstr. 11 17, 60329 Frankfurt
Trefferanzahl: 1
Kontonummer: T0005110375
Errichtungsdatum: 12.04.2010
Kontoinfo:
Auflösungsdatum:
Kontoinhaber
Geburtsdatum Seit
Bis
Oliver Herzog
11.06.2004
12.04.2010
10.03.2023
Rampenstr. 19A, 91564 Neuendettelsau Deutschland
Oliver Herzog
11.06.2004
10.03.2023
Rampenstr. 19A, 91564 Neuendettelsau Deutschland
Anfrage von Hauptgerichtsvollzieherin
Seite
1 von
2
Martina Geret (G09533) zu AZ DR 1414/25
<page_5>
Anlage zu GZ: St Il 4 - S 0229a KEVIZZ 2827957/25 (Bitte stets angeben)
Klarna Bank AB, German Branch
BAK-Nr.: 157210
Chausseestr. 117, 10115 Berlin
Trefferanzahl: 1
Kontonummer: DE84100103009378330890
Errichtungsdatum: 16.01.2024
Kontoinfo:
Auflösungsdatum:
Kontoinhaber
Geburtsdatum Seit
Bis
OLIVER HERZOG
11.06.2004
16.01.2024
02.10.2025
BahnhofstraSSe 3 91564 Neuendettelsau
OLIVER HERZOG
11.06.2004
02.10.2025
Bahnhofstraße 3 91564 Neuendettelsau
bunq B.V. Niederlassung Deutschland
BAK-Nr.: 159131
Landsbergerstr. 302, 80687 München
Trefferanzahl: 2
Kontonummer: DE67370190001010605040
Errichtungsdatum: 16.01.2024
Kontoinfo:
Auflösungsdatum:
Kontoinhaber
Geburtsdatum Seit
Bis
Oliver Herzog
11.06.2004
16.01.2024
Bahnhofstrasse 3 91564 NEUENDETTELSAU
GERMANY
Kontonummer: DE58370190001010605396
Errichtungsdatum: 16.01.2024
Kontoinfo:
Auflösungsdatum:
Kontoinhaber
Geburtsdatum Seit
Bis
Oliver Herzog
11.06.2004
16.01.2024
Bahnhofstrasse 3 91564 NEUENDETTELSAU
GERMANY
Anfrage von Hauptgerichtsvollzieherin
Seite
2 von
2
Martina Geret (G09533) zu AZ DR 1414/25",False," Hauptgerichtsvollzieherin
Büroanschrift
Fischerstr. 12
M. Geret
91522 Ansbach
Bürozeiten
Die: 9 bis 11 Uhr
Do: 9 bis 11 Uhr
(und nach Vereinbarung)
Telefon-Nr.
0981/81 79 86 45
Mobil-Nr.
0178/1422307
E-Mail
gvin.martina.geret@gvpost.de
Abs: HGVin Geret, Fischerstr. 12, 91522 Ansbach
Elektronisches Postfach:
Firma
DE.Justiz.78257596-bdff-44b8-865a-16381d9e8576.ecb0
Pair Finance GmbH
Knesebeckstraße 62-63
Dienstkonto
VR-Bank Mittelfranken Mitte eG
10719 Berlin
Kontoinhaber
Martina Geret
IBAN
DE33 7656 0060 0001 1274 38
BIC
GENODEF1ANS
Hinweis:
Urlaub vom 20. 28. Dez. 2025
Mein Zeichen
Ihr Zeichen
1 DR 1414/25
183688039910
Ansbach, den 18.12.2025
Bitte immer angeben!
Zwangsvollstreckungssache
Firma Liquandum Capital II GmbH, Knesebeckstraße 62-63, 10719 Berlin
vertr. d.
Firma Pair Finance GmbH, Knesebeckstraße 62-63, 10719 Berlin, Tel. 030/34060295-0, Fax
030/34060295-1, E-Mail aftercourt@pairfinance.de
gegen
Herrn Oliver Herzog, Bahnhofstraße 3, 91564 Neuendettelsau
Sehr geehrte Damen und Herren,
in O. g. Sache haben Sie mich beauftragt, eine Drittauskunft nach § 8021 ZPO beim Bundeszentralamt für Steuern
einzuholen.
Das Ergebnis teile ich Ihnen unter Übersendung einer Kopie der entsprechenden Stellen mit.
Ich weise Sie ausdrücklich darauf hin, dass die erlangten Daten nur zu Vollstreckungszwecken genutzt werden
dürfen und nach Zweckerreichung in dieser Sache zu löschen sind (§§ 802 I Abs. 3, 802 d Abs. 1 ZPO). Die
Weiterleitung dieser Daten an Dritte ist unzulässig.
Datenschutzhinweis: Personenbezogene Daten werden verarbeitet. Informationen erhalten Sie auf der
Internetseite des Amtsgerichts ""Ihr AG"" ""Link"" unter ""Allgemeine Datenschutzinformation"". Ergänzend wird darauf
hingewiesen, dass auch gegenüber den Bürokräften d. Gerichtsvollzieh. personenbezogene Daten offengelegt
werden.
dlichen Grüßen
(M. Geret)
Hauptgerichtsvollzieherin
beim Amtsgericht Ansbach
 Bundeszentralamt
für Steuern
POSTANSCHRIFT
Bundeszentralamt für Steuern, 11055 Berlin
HAUSANSCHRIFT
DGZ-Ring 12, 13086 Berlin
BEARBEITET VON
Hauptgerichtsvollzieherin
Martina Geret
Steuerabteilung National
Kontenabrufverfahren
Fischerstraße 12
TEL
+49 (0) 2 28 40 6-3600
91522 Ansbach
FAX
+49 (0) 2 28 40 6-4408
E-MAIL
kontenabruf@bzst.bund.de
INTERNET
www.bzst.bund.de
BETREFF
Kontenabrufersuchen nach §§ 93, 93b Abgabenordnung (AO)
BEZUG
Ihr Kontenabrufersuchen vom 01.12.2025 AZ: DR 1414/25
ANLAGEN
1
GZ
St II 4 S 0229a KEVIZZ 2827957/25
(bei Antwort bitte angeben)
DATUM
09.12.2025
Ihr oben genanntes Kontenabrufersuchen ist im Rahmen des automatisierten Abrufs von
Kontoinformationen bearbeitet worden. Die Ergebnisse dieses Abrufs entnehmen Sie bitte der
nachfolgenden Anlage.
Bitte beachten Sie
dass die Verantwortung für die Zulässigkeit des Datenabrufs und die Datenübermittlung die
ersuchende Behörde trägt (§ 93b Abs. 3 AO),
die Informations- und Dokumentationspflichten gemäß § 93 Abs. 9 und 10 AO sowie den
Anwendungserlass zur Abgabenordnung (AEAO),
dass die Kontenstammdaten in der Datei nach § 24c Kreditwesengesetz (KWG) durch die
beteiligten Kreditinstitute vorgehalten werden. Ich kann deshalb keine Haftung dafür
übernehmen, dass die im Rahmen des Kontenabrufs mitgeteilten Daten vollständig und
inhaltlich korrekt sind.
Zum Inhalt des Ergebnisses bemerke ich folgendes:
Aufgrund der gesetzlichen Vorgabe der Unterscheidungsmerkmale in den von den Kreditinstituten
zu führenden Dateien kann die Identität der gemeldeten Personen immer nur im Hinblick auf die
Merkmale Name und Geburtsdatum für die Kontoinhaber und Verfügungsberechtigten bzw. Name
und Anschrift für die abweichend wirtschaftlich Berechtigten festgestellt werden. Insofern muss das
übermittelte Abrufergebnis trotz Übereinstimmung des Namens und des Geburtsdatums nicht
zwingend mit der von Ihnen abgefragten Person identisch sein. Das gilt auch für
Firmenbezeichnungen. Die auf dem Kontenabrufersuchen gleichwohl anzugebende Anschrift des
Kontoinhabers oder des Verfügungsberechtigten wird nicht in die Abfrage einbezogen.
 Bundeszentralamt
für Steuern
Bei Rückfragen bitte ich Sie, zunächst die FAQ (häufige Fragen) zu beachten, die Sie auf der
Homepage des BZSt unter http://www.bzst.bund.de oder, sofern Sie für die Verwaltung der
Grundsicherung für Arbeitsuchende nach dem Zweiten Buch Sozialgesetzbuch zuständig sind, im
Intranet der Bundesagentur für Arbeit finden. Sie können sich aber auch an die oben angegebene
Telefonnummer wenden.
Dieses Anschreiben wurde automatisch erstellt und ist ohne Unterschrift gültig.
 Anlage zu GZ: St Il 4 S 0229a KEVIZZ 2827957/25 (Bitte stets angeben)
Ergebnisse
zu der Anfrage von dem/der:
Hauptgerichtsvollzieherin
Martina Geret
vom:
01.12.2025
Ihr AZ:
DR 1414/25
mit folgenden Anhaltsdaten:
Name:
Nachname:
Herzog
Vorname:
Oliver
Geburtsdatum:
11.06.2004
Kontonummer:
Sparkasse Ansbach
BAK-Nr.: 100541
Promenade 20, 91522 Ansbach, Mittelfr
Trefferanzahl: 2
Kontonummer: DE35765500000003544046
Errichtungsdatum: 30.10.2006
Kontoinfo:
Auflösungsdatum:
Kontoinhaber
Geburtsdatum
Seit
Bis
Oliver Herzog
11.06.2004
05.05.2014
Bahnhofstr. 3, 91564 Neuendettelsau
Kontonummer: DE17765500000008606121
Errichtungsdatum: 03.01.2014
Kontoinfo:
Auflösungsdatum:
Kontoinhaber
Geburtsdatum
Seit
Bis
Oliver Herzog
11.06.2004
05.05.2014
Bahnhofstr. 3, 91564 Neuendettelsau
DWS Investment GmbH
BAK-Nr.: 105513
Mainzer Landstr. 11 17, 60329 Frankfurt
Trefferanzahl: 1
Kontonummer: T0005110375
Errichtungsdatum: 12.04.2010
Kontoinfo:
Auflösungsdatum:
Kontoinhaber
Geburtsdatum Seit
Bis
Oliver Herzog
11.06.2004
12.04.2010
10.03.2023
Rampenstr. 19A, 91564 Neuendettelsau Deutschland
Oliver Herzog
11.06.2004
10.03.2023
Rampenstr. 19A, 91564 Neuendettelsau Deutschland
Anfrage von Hauptgerichtsvollzieherin
Seite
1 von
2
Martina Geret (G09533) zu AZ DR 1414/25
 Anlage zu GZ: St Il 4 - S 0229a KEVIZZ 2827957/25 (Bitte stets angeben)
Klarna Bank AB, German Branch
BAK-Nr.: 157210
Chausseestr. 117, 10115 Berlin
Trefferanzahl: 1
Kontonummer: DE84100103009378330890
Errichtungsdatum: 16.01.2024
Kontoinfo:
Auflösungsdatum:
Kontoinhaber
Geburtsdatum Seit
Bis
OLIVER HERZOG
11.06.2004
16.01.2024
02.10.2025
BahnhofstraSSe 3 91564 Neuendettelsau
OLIVER HERZOG
11.06.2004
02.10.2025
Bahnhofstraße 3 91564 Neuendettelsau
bunq B.V. Niederlassung Deutschland
BAK-Nr.: 159131
Landsbergerstr. 302, 80687 München
Trefferanzahl: 2
Kontonummer: DE67370190001010605040
Errichtungsdatum: 16.01.2024
Kontoinfo:
Auflösungsdatum:
Kontoinhaber
Geburtsdatum Seit
Bis
Oliver Herzog
11.06.2004
16.01.2024
Bahnhofstrasse 3 91564 NEUENDETTELSAU
GERMANY
Kontonummer: DE58370190001010605396
Errichtungsdatum: 16.01.2024
Kontoinfo:
Auflösungsdatum:
Kontoinhaber
Geburtsdatum Seit
Bis
Oliver Herzog
11.06.2004
16.01.2024
Bahnhofstrasse 3 91564 NEUENDETTELSAU
GERMANY
Anfrage von Hauptgerichtsvollzieherin
Seite
2 von
2
Martina Geret (G09533) zu AZ DR 1414/25",drittauskunft,False,False,a41f131d-7986-595c-b943-01439213fd89,62ed43ec-7d21-50d6-8e04-f6fe6bf168f9,f5cd426ec871f7ac33d131d363bf7d85992b0dde9f25520f683052fd9494c851,s3://pair-data-engineering-new/ocr_prepared_output/f5cd426ec871f7ac33d131d363bf7d85992b0dde9f25520f683052fd9494c851.json
data/aftercourt/drittauskunft_without_invoice/Dr_ii_1037_25_an_gl_mitt_ergebnis_drittauskunft20260102-313-1ulr793.pdf,"<page_1>
J. RIEGER
89522 Heidenheim, Helmut-Bornef.-Str. 18
Gerichtsvollzieherin beim
Amtsgericht Heidenheim
BÜROZEITEN: Di. 10.00-12.00 Uhr
Do. 10.00 11.00 Uhr
Tel.:
0174 8462045
TELEFONSPRECHSTUNDE
Mont. 9-11.45 Uhr
FAX: 07367/922230
Bankverbindung: KSK Ostalb
Rieger Obergervollz. Helm.-Bornef-Str. 18,89522 Heidenheim
IBAN: DE79 6145 0050 0805 125238
BIC: OASPDE6AXXX
Firma
PAIR Finance GmbH
Knesebeckstraße 62-63
10719 Berlin
Mein Zeichen
Ihr Zeichen
DR II 1037/25
180006979579
Heidenheim, den 01.01.2026
Bitte immer angeben!
Zwangsvollstreckungssache
Firma Liquandum Capital GmbH, Knesebeckstraße 62-63, 10719 Berlin
vertr. d.
Firma PAIR Finance GmbH, Knesebeckstraße 62-63, 10719 Berlin
gegen
Herrn Gheorghe Astanoae, Eschenweg 11, 89551 Königsbronn
Sehr geehrte Damen und Herren,
in o.g. Sache haben Sie mich beauftragt, eine Drittauskunft nach § 8021 ZPO beim Bundeszentralamt für Steuern
einzuholen.
Das Ergebnis teile ich Ihnen unter Übersendung einer Kopie der entsprechenden Stellen mit.
Ich weise Sie ausdrücklich darauf hin, dass die erlangten Daten nur zu Vollstreckungszwecken genutzt werden dürfen
und nach Zweckerreichung in dieser Sache zu löschen sind (§§ 802 Abs. 3, 802 d Abs. 1 ZPO). Die Weiterleitung
dieser Daten an Dritte ist unzulässig..
Nach Zweckerreichung sind erlangte Schuldnerdaten zu löschen.
Informationen zum Schutz personenbezogener Daten bei deren Verarbeitung durch die Justiz nach Artikel 13 und
Artikel 14 der Europäischen Datenschutz-Grundverordnung finden sich auf der Internetseite des Gerichts unter dem
Menüpunkt Service"" / Informationen zum Datenschutz in der Justiz"". Auf Wunsch kann diese Information auch in
Papierform übersandt werden.
Mit freundlichen Grüßen
(J. Rieger)
Gerichtsvollzieherin
beim Amtsgericht Heidenheim
<page_2>
Bundeszentralamt
für Steuern
POSTANSCHRIFT
Bundeszentralamt für Steuern, 11055 Berlin
HAUSANSCHRIFT
DGZ-Ring 12, 13086 Berlin
BEARBEITET VON
Obergerichtsvollzieherin
J. Rieger
Steuerabteilung National
Kontenabrufverfahren
Helmut-Bornefeld-Straße 18
TEL
+49 (0) 2 28 40 6-3600
89522 Heidenheim
FAX
+49 (0) 2 28 40 6-4408
E-MAIL
kontenabruf@bzst.bund.de
INTERNET
www.bzst.bund.de
BETREFF
Kontenabrufersuchen nach §§ 93, 93b Abgabenordnung (AO)
BEZUG
Ihr Kontenabrufersuchen vom 31.12.2025 AZ: DR II 1037/25
ANLAGEN
1
GZ
St II 4 S 0229a KEVIZZ 3002212/25
(bei Antwort bitte angeben)
DATUM
31.12.2025
Ihr oben genanntes Kontenabrufersuchen ist im Rahmen des automatisierten Abrufs von
Kontoinformationen bearbeitet worden. Die Ergebnisse dieses Abrufs entnehmen Sie bitte der
nachfolgenden Anlage.
Bitte beachten Sie
dass die Verantwortung für die Zulässigkeit des Datenabrufs und die Datenübermittlung die
ersuchende Behörde trägt (§ 93b Abs. 3 AO),
die Informations- und Dokumentationspflichten gemäß § 93 Abs. 9 und 10 AO sowie den
Anwendungserlass zur Abgabenordnung (AEAO),
dass die Kontenstammdaten in der Datei nach § 24c Kreditwesengesetz (KWG) durch die
beteiligten Kreditinstitute vorgehalten werden. Ich kann deshalb keine Haftung dafür
übernehmen, dass die im Rahmen des Kontenabrufs mitgeteilten Daten vollständig und
inhaltlich korrekt sind.
Zum Inhalt des Ergebnisses bemerke ich folgendes:
Aufgrund der gesetzlichen Vorgabe der Unterscheidungsmerkmale in den von den Kreditinstituten
zu führenden Dateien kann die Identität der gemeldeten Personen immer nur im Hinblick auf die
Merkmale Name und Geburtsdatum für die Kontoinhaber und Verfügungsberechtigten bzw. Name
und Anschrift für die abweichend wirtschaftlich Berechtigten festgestellt werden. Insofern muss das
übermittelte Abrufergebnis trotz Übereinstimmung des Namens und des Geburtsdatums nicht
zwingend mit der von Ihnen abgefragten Person identisch sein. Das gilt auch für
Firmenbezeichnungen. Die auf dem Kontenabrufersuchen gleichwohl anzugebende Anschrift des
Kontoinhabers oder des Verfügungsberechtigten wird nicht in die Abfrage einbezogen.
<page_3>
Bundeszentralamt
für Steuern
Bei Rückfragen bitte ich Sie, zunächst die FAQ (häufige Fragen) zu beachten, die Sie auf der
Homepage des BZSt unter http://www.bzst.bund.de oder, sofern Sie für die Verwaltung der
Grundsicherung für Arbeitsuchende nach dem Zweiten Buch Sozialgesetzbuch zuständig sind, im
Intranet der Bundesagentur für Arbeit finden. Sie können sich aber auch an die oben angegebene
Telefonnummer wenden.
Dieses Anschreiben wurde automatisch erstellt und ist ohne Unterschrift gültig.
<page_4>
Anlage zu GZ: St II 4 S 0229a KEVIZZ 3002212/25 (Bitte stets angeben)
Ergebnisse
zu der Anfrage von dem/der:
Obergerichtsvollzieherin
J. Rieger
vom:
31.12.2025
Ihr AZ:
DR II 1037/25
mit folgenden Anhaltsdaten:
Name:
Nachname:
Astanoae
Vorname:
Gheorghe
Geburtsdatum:
24.04.1967
Kontonummer:
DEUTSCHE BANK AKTIENGESELLSCHAFT
BAK-Nr.: 100003
Taunusanlage 12, 60325 Frankfurt am Main
Trefferanzahl: 1
Kontonummer: 85950480
Errichtungsdatum: 20.03.2023
Kontoinfo:
Auflösungsdatum:
Kontoinhaber
Geburtsdatum Seit
Bis
Gheorghe Astanoae
24.04.1967
24.03.2023
Eschenweg 11, 89551 Königsbronn
Anfrage von Obergerichtsvollzieherin
Seite
1 von
1
J. Rieger (G08115) zu AZ DR II 1037/25",False," J. RIEGER
89522 Heidenheim, Helmut-Bornef.-Str. 18
Gerichtsvollzieherin beim
Amtsgericht Heidenheim
BÜROZEITEN: Di. 10.00-12.00 Uhr
Do. 10.00 11.00 Uhr
Tel.:
0174 8462045
TELEFONSPRECHSTUNDE
Mont. 9-11.45 Uhr
FAX: 07367/922230
Bankverbindung: KSK Ostalb
Rieger Obergervollz. Helm.-Bornef-Str. 18,89522 Heidenheim
IBAN: DE79 6145 0050 0805 125238
BIC: OASPDE6AXXX
Firma
PAIR Finance GmbH
Knesebeckstraße 62-63
10719 Berlin
Mein Zeichen
Ihr Zeichen
DR II 1037/25
180006979579
Heidenheim, den 01.01.2026
Bitte immer angeben!
Zwangsvollstreckungssache
Firma Liquandum Capital GmbH, Knesebeckstraße 62-63, 10719 Berlin
vertr. d.
Firma PAIR Finance GmbH, Knesebeckstraße 62-63, 10719 Berlin
gegen
Herrn Gheorghe Astanoae, Eschenweg 11, 89551 Königsbronn
Sehr geehrte Damen und Herren,
in o.g. Sache haben Sie mich beauftragt, eine Drittauskunft nach § 8021 ZPO beim Bundeszentralamt für Steuern
einzuholen.
Das Ergebnis teile ich Ihnen unter Übersendung einer Kopie der entsprechenden Stellen mit.
Ich weise Sie ausdrücklich darauf hin, dass die erlangten Daten nur zu Vollstreckungszwecken genutzt werden dürfen
und nach Zweckerreichung in dieser Sache zu löschen sind (§§ 802 Abs. 3, 802 d Abs. 1 ZPO). Die Weiterleitung
dieser Daten an Dritte ist unzulässig..
Nach Zweckerreichung sind erlangte Schuldnerdaten zu löschen.
Informationen zum Schutz personenbezogener Daten bei deren Verarbeitung durch die Justiz nach Artikel 13 und
Artikel 14 der Europäischen Datenschutz-Grundverordnung finden sich auf der Internetseite des Gerichts unter dem
Menüpunkt Service"" / Informationen zum Datenschutz in der Justiz"". Auf Wunsch kann diese Information auch in
Papierform übersandt werden.
Mit freundlichen Grüßen
(J. Rieger)
Gerichtsvollzieherin
beim Amtsgericht Heidenheim
 Bundeszentralamt
für Steuern
POSTANSCHRIFT
Bundeszentralamt für Steuern, 11055 Berlin
HAUSANSCHRIFT
DGZ-Ring 12, 13086 Berlin
BEARBEITET VON
Obergerichtsvollzieherin
J. Rieger
Steuerabteilung National
Kontenabrufverfahren
Helmut-Bornefeld-Straße 18
TEL
+49 (0) 2 28 40 6-3600
89522 Heidenheim
FAX
+49 (0) 2 28 40 6-4408
E-MAIL
kontenabruf@bzst.bund.de
INTERNET
www.bzst.bund.de
BETREFF
Kontenabrufersuchen nach §§ 93, 93b Abgabenordnung (AO)
BEZUG
Ihr Kontenabrufersuchen vom 31.12.2025 AZ: DR II 1037/25
ANLAGEN
1
GZ
St II 4 S 0229a KEVIZZ 3002212/25
(bei Antwort bitte angeben)
DATUM
31.12.2025
Ihr oben genanntes Kontenabrufersuchen ist im Rahmen des automatisierten Abrufs von
Kontoinformationen bearbeitet worden. Die Ergebnisse dieses Abrufs entnehmen Sie bitte der
nachfolgenden Anlage.
Bitte beachten Sie
dass die Verantwortung für die Zulässigkeit des Datenabrufs und die Datenübermittlung die
ersuchende Behörde trägt (§ 93b Abs. 3 AO),
die Informations- und Dokumentationspflichten gemäß § 93 Abs. 9 und 10 AO sowie den
Anwendungserlass zur Abgabenordnung (AEAO),
dass die Kontenstammdaten in der Datei nach § 24c Kreditwesengesetz (KWG) durch die
beteiligten Kreditinstitute vorgehalten werden. Ich kann deshalb keine Haftung dafür
übernehmen, dass die im Rahmen des Kontenabrufs mitgeteilten Daten vollständig und
inhaltlich korrekt sind.
Zum Inhalt des Ergebnisses bemerke ich folgendes:
Aufgrund der gesetzlichen Vorgabe der Unterscheidungsmerkmale in den von den Kreditinstituten
zu führenden Dateien kann die Identität der gemeldeten Personen immer nur im Hinblick auf die
Merkmale Name und Geburtsdatum für die Kontoinhaber und Verfügungsberechtigten bzw. Name
und Anschrift für die abweichend wirtschaftlich Berechtigten festgestellt werden. Insofern muss das
übermittelte Abrufergebnis trotz Übereinstimmung des Namens und des Geburtsdatums nicht
zwingend mit der von Ihnen abgefragten Person identisch sein. Das gilt auch für
Firmenbezeichnungen. Die auf dem Kontenabrufersuchen gleichwohl anzugebende Anschrift des
Kontoinhabers oder des Verfügungsberechtigten wird nicht in die Abfrage einbezogen.
 Bundeszentralamt
für Steuern
Bei Rückfragen bitte ich Sie, zunächst die FAQ (häufige Fragen) zu beachten, die Sie auf der
Homepage des BZSt unter http://www.bzst.bund.de oder, sofern Sie für die Verwaltung der
Grundsicherung für Arbeitsuchende nach dem Zweiten Buch Sozialgesetzbuch zuständig sind, im
Intranet der Bundesagentur für Arbeit finden. Sie können sich aber auch an die oben angegebene
Telefonnummer wenden.
Dieses Anschreiben wurde automatisch erstellt und ist ohne Unterschrift gültig.
 Anlage zu GZ: St II 4 S 0229a KEVIZZ 3002212/25 (Bitte stets angeben)
Ergebnisse
zu der Anfrage von dem/der:
Obergerichtsvollzieherin
J. Rieger
vom:
31.12.2025
Ihr AZ:
DR II 1037/25
mit folgenden Anhaltsdaten:
Name:
Nachname:
Astanoae
Vorname:
Gheorghe
Geburtsdatum:
24.04.1967
Kontonummer:
DEUTSCHE BANK AKTIENGESELLSCHAFT
BAK-Nr.: 100003
Taunusanlage 12, 60325 Frankfurt am Main
Trefferanzahl: 1
Kontonummer: 85950480
Errichtungsdatum: 20.03.2023
Kontoinfo:
Auflösungsdatum:
Kontoinhaber
Geburtsdatum Seit
Bis
Gheorghe Astanoae
24.04.1967
24.03.2023
Eschenweg 11, 89551 Königsbronn
Anfrage von Obergerichtsvollzieherin
Seite
1 von
1
J. Rieger (G08115) zu AZ DR II 1037/25",drittauskunft,False,False,6eb5c07e-a206-5919-955f-d428768b9809,91aafd57-92de-5836-8418-0be4ebc9184d,d20c39d45436fb61ac7b26682a23dd8d6e7e8a18561653157122838e5898725a,s3://pair-data-engineering-new/ocr_prepared_output/d20c39d45436fb61ac7b26682a23dd8d6e7e8a18561653157122838e5898725a.json
data/aftercourt/drittauskunft_without_invoice/Dokumente_189625_16122025_075131_signed20251217-309-173zmha.pdf,"<page_1>
N. Stenzel
Blücherstraße 4
Gerichtsvollzieherin
95030 Hof
E-Mail: stenzel@gvzentrale.de
Sprechstunden:
Das Büro ist vom 31.12.2025 bis
Mittwoch: 13.00 14.30 Uhr
einschließlich 11.01.2026 NICHT besetzt!
Donnerstag: 10.00 11.30 Uhr
Telefon 09281/8601632
Mobil 0151/50795603
Abs. GVin Stenzel, Blücherstraße 4, 95030 Hof
Dienstkonto:
Zahlungsempfänger: N. Stenzel
PAIR Finance GmbH
IBAN: DE24 6609 0800 0007 9590 44
Knesebeckstraße 62 63
BIC: GENODE61BBB
10719 Berlin
BBBank Karlsruhe eG
5 DR II 1896/25
Bitte bei allen Schreiben
und Zahlungen angeben!
168505921101
Hof, 16.12.2025
Zwangsvollstreckungssache
PAIR Finance GmbH, Knesebeckstraße 62 - 63, 10719 Berlin, Az.168505921101
gegen
Frau Wilhelmine Herzog-Weber, Walter-Flex-Straße 17 a, 95032 Hof
Sehr geehrte Damen und Herren,
in obiger Sache erhalten Sie im Nachgang in der Anlage das Ergebnis der Auskunft beim
Bundeszentralamt für Steuern
zur Kenntnis.
Die erlangten Angaben dürfen nur zu Vollstreckungszwecken verwendet werden. Nach Zweckerreichung
(insbesondere bei vollständiger Zahlung) sind die Daten zu löschen.
Etwaige vorgenommene Schwärzungen sind gem. § 802 I Abs. 2 ZPO erfolgt.
Mit freundlichen Grüßen
Senzel
Stenzel
Gerichtsvollzieherin
beim Amtsgericht Hof
Informationen zum Datenschutz finden Sie unter
https://www.justiz.bayern.de/gerichte-und-behoerden/amtsgerichte/hof/info_service.php
Ergänzend weise ich darauf hin, dass personenbezogene Daten auch durch bei mir beschäftige Personen verarbeitet werden.
DR II 1896/25, Seite 1
<page_2>
Bundeszentralamt
für Steuern
POSTANSCHRIFT
Bundeszentralamt für Steuern, 11055 Berlin
HAUSANSCHRIFT
DGZ-Ring 12, 13086 Berlin
BEARBEITET VON
Gerichtsvollzieherin Stenzel
Blücherstraße 4
Steuerabteilung National
Kontenabrufverfahren
95030 Hof
TEL
+49 (0) 2 28 40 6-3600
FAX
+49 (0) 2 28 40 6-4408
E-MAIL
kontenabruf@bzst.bund.de
INTERNET
www.bzst.bund.de
BETREFF
Kontenabrufersuchen nach §§ 93, 93b Abgabenordnung (AO)
BEZUG
Ihr Kontenabrufersuchen vom 14.12.2025 AZ: DR Il 1896/25
ANLAGEN
1
GZ
St II 4 S 0229a KEVIZZ 2913376/25
(bei Antwort bitte angeben)
DATUM
15.12.2025
Ihr oben genanntes Kontenabrufersuchen ist im Rahmen des automatisierten Abrufs von
Kontoinformationen bearbeitet worden. Die Ergebnisse dieses Abrufs entnehmen Sie bitte der
nachfolgenden Anlage.
Bitte beachten Sie
dass die Verantwortung für die Zulässigkeit des Datenabrufs und die Datenübermittlung die
ersuchende Behörde trägt (§ 93b Abs. 3 AO),
die Informations- und Dokumentationspflichten gemäß § 93 Abs. 9 und 10 AO sowie den
Anwendungserlass zur Abgabenordnung (AEAO),
dass die Kontenstammdaten in der Datei nach § 24c Kreditwesengesetz (KWG) durch die
beteiligten Kreditinstitute vorgehalten werden. Ich kann deshalb keine Haftung dafür
übernehmen, dass die im Rahmen des Kontenabrufs mitgeteilten Daten vollständig und
inhaltlich korrekt sind.
Zum Inhalt des Ergebnisses bemerke ich folgendes:
Aufgrund der gesetzlichen Vorgabe der Unterscheidungsmerkmale in den von den Kreditinstituten
zu führenden Dateien kann die Identität der gemeldeten Personen immer nur im Hinblick auf die
Merkmale Name und Geburtsdatum für die Kontoinhaber und Verfügungsberechtigten bzw. Name
und Anschrift für die abweichend wirtschaftlich Berechtigten festgestellt werden. Insofern muss das
übermittelte Abrufergebnis trotz Übereinstimmung des Namens und des Geburtsdatums nicht
zwingend mit der von Ihnen abgefragten Person identisch sein. Das gilt auch für
Firmenbezeichnungen. Die auf dem Kontenabrufersuchen gleichwohl anzugebende Anschrift des
Kontoinhabers oder des Verfügungsberechtigten wird nicht in die Abfrage einbezogen.
<page_3>
Bundeszentralamt
für Steuern
Bei Rückfragen bitte ich Sie, zunächst die FAQ (häufige Fragen) zu beachten, die Sie auf der
Homepage des BZSt unter http://www.bzst.bund.de oder, sofern Sie für die Verwaltung der
Grundsicherung für Arbeitsuchende nach dem Zweiten Buch Sozialgesetzbuch zuständig sind, im
Intranet der Bundesagentur für Arbeit finden. Sie können sich aber auch an die oben angegebene
Telefonnummer wenden.
Dieses Anschreiben wurde automatisch erstellt und ist ohne Unterschrift gültig.
<page_4>
Anlage zu GZ: St II 4 - S 0229a KEVIZZ - 2913376/25 (Bitte stets angeben)
Ergebnisse
zu der Anfrage von dem/der:
Gerichtsvollzieherin Stenzel
vom:
14.12.2025
Ihr AZ:
DR II 1896/25
mit folgenden Anhaltsdaten:
Name:
Nachname:
Herzog-Weber
Vorname:
Wilhelmine
Geburtsdatum:
26.01.1958
Kontonummer:
Trefferanzahl:
Kontonummer:
Errichtungsdatum:
Kontoinfo:
Auflösungsdatum:
Kontoinhaber
Geburtsdatum Seit
Bis
Nicole Regina Büttner
21.10.1983
20.10.2025
Walter-Flex-Str. 17 A 95032 Hof
Verfügungsberechtigte
Geburtsdatum Seit
Bis
Wilhelmine Herzog-Weber
26.01.1958
12.02.2025
Walter-Flex-Str. 17a 95032 Hof
Kontonummer:
Errichtungsdatum
Kontoinfo:
Auflösungsdatum:
Kontoinhaber
Geburtsdatum Seit
Bis
Anfrage von Gerichtsvollzieherin Stenzel (G09857) zu AZ DR Il 1896/25
Seite
1 von
2
<page_5>
Anlage zu GZ: St Il 4 - S 0229a KEVIZZ - 2913376/25 (Bitte stets angeben)
Verfügungsberechtigte
Geburtsdatum Seit
Bis
Kontonummer:
Errichtungsdatum
Kontoinfo:
Auflösungsdatum:
Kontoinhaber
Geburtsdatum Seit
Bis
Verfügungsberechtigte
Geburtsdatum Seit
Bis
Anfrage von Gerichtsvollzieherin Stenzel (G09857) zu AZ DR Il 1896/25
Seite
2 von
2",False," N. Stenzel
Blücherstraße 4
Gerichtsvollzieherin
95030 Hof
E-Mail: stenzel@gvzentrale.de
Sprechstunden:
Das Büro ist vom 31.12.2025 bis
Mittwoch: 13.00 14.30 Uhr
einschließlich 11.01.2026 NICHT besetzt!
Donnerstag: 10.00 11.30 Uhr
Telefon 09281/8601632
Mobil 0151/50795603
Abs. GVin Stenzel, Blücherstraße 4, 95030 Hof
Dienstkonto:
Zahlungsempfänger: N. Stenzel
PAIR Finance GmbH
IBAN: DE24 6609 0800 0007 9590 44
Knesebeckstraße 62 63
BIC: GENODE61BBB
10719 Berlin
BBBank Karlsruhe eG
5 DR II 1896/25
Bitte bei allen Schreiben
und Zahlungen angeben!
168505921101
Hof, 16.12.2025
Zwangsvollstreckungssache
PAIR Finance GmbH, Knesebeckstraße 62 - 63, 10719 Berlin, Az.168505921101
gegen
Frau Wilhelmine Herzog-Weber, Walter-Flex-Straße 17 a, 95032 Hof
Sehr geehrte Damen und Herren,
in obiger Sache erhalten Sie im Nachgang in der Anlage das Ergebnis der Auskunft beim
Bundeszentralamt für Steuern
zur Kenntnis.
Die erlangten Angaben dürfen nur zu Vollstreckungszwecken verwendet werden. Nach Zweckerreichung
(insbesondere bei vollständiger Zahlung) sind die Daten zu löschen.
Etwaige vorgenommene Schwärzungen sind gem. § 802 I Abs. 2 ZPO erfolgt.
Mit freundlichen Grüßen
Senzel
Stenzel
Gerichtsvollzieherin
beim Amtsgericht Hof
Informationen zum Datenschutz finden Sie unter
https://www.justiz.bayern.de/gerichte-und-behoerden/amtsgerichte/hof/info_service.php
Ergänzend weise ich darauf hin, dass personenbezogene Daten auch durch bei mir beschäftige Personen verarbeitet werden.
DR II 1896/25, Seite 1
 Bundeszentralamt
für Steuern
POSTANSCHRIFT
Bundeszentralamt für Steuern, 11055 Berlin
HAUSANSCHRIFT
DGZ-Ring 12, 13086 Berlin
BEARBEITET VON
Gerichtsvollzieherin Stenzel
Blücherstraße 4
Steuerabteilung National
Kontenabrufverfahren
95030 Hof
TEL
+49 (0) 2 28 40 6-3600
FAX
+49 (0) 2 28 40 6-4408
E-MAIL
kontenabruf@bzst.bund.de
INTERNET
www.bzst.bund.de
BETREFF
Kontenabrufersuchen nach §§ 93, 93b Abgabenordnung (AO)
BEZUG
Ihr Kontenabrufersuchen vom 14.12.2025 AZ: DR Il 1896/25
ANLAGEN
1
GZ
St II 4 S 0229a KEVIZZ 2913376/25
(bei Antwort bitte angeben)
DATUM
15.12.2025
Ihr oben genanntes Kontenabrufersuchen ist im Rahmen des automatisierten Abrufs von
Kontoinformationen bearbeitet worden. Die Ergebnisse dieses Abrufs entnehmen Sie bitte der
nachfolgenden Anlage.
Bitte beachten Sie
dass die Verantwortung für die Zulässigkeit des Datenabrufs und die Datenübermittlung die
ersuchende Behörde trägt (§ 93b Abs. 3 AO),
die Informations- und Dokumentationspflichten gemäß § 93 Abs. 9 und 10 AO sowie den
Anwendungserlass zur Abgabenordnung (AEAO),
dass die Kontenstammdaten in der Datei nach § 24c Kreditwesengesetz (KWG) durch die
beteiligten Kreditinstitute vorgehalten werden. Ich kann deshalb keine Haftung dafür
übernehmen, dass die im Rahmen des Kontenabrufs mitgeteilten Daten vollständig und
inhaltlich korrekt sind.
Zum Inhalt des Ergebnisses bemerke ich folgendes:
Aufgrund der gesetzlichen Vorgabe der Unterscheidungsmerkmale in den von den Kreditinstituten
zu führenden Dateien kann die Identität der gemeldeten Personen immer nur im Hinblick auf die
Merkmale Name und Geburtsdatum für die Kontoinhaber und Verfügungsberechtigten bzw. Name
und Anschrift für die abweichend wirtschaftlich Berechtigten festgestellt werden. Insofern muss das
übermittelte Abrufergebnis trotz Übereinstimmung des Namens und des Geburtsdatums nicht
zwingend mit der von Ihnen abgefragten Person identisch sein. Das gilt auch für
Firmenbezeichnungen. Die auf dem Kontenabrufersuchen gleichwohl anzugebende Anschrift des
Kontoinhabers oder des Verfügungsberechtigten wird nicht in die Abfrage einbezogen.
 Bundeszentralamt
für Steuern
Bei Rückfragen bitte ich Sie, zunächst die FAQ (häufige Fragen) zu beachten, die Sie auf der
Homepage des BZSt unter http://www.bzst.bund.de oder, sofern Sie für die Verwaltung der
Grundsicherung für Arbeitsuchende nach dem Zweiten Buch Sozialgesetzbuch zuständig sind, im
Intranet der Bundesagentur für Arbeit finden. Sie können sich aber auch an die oben angegebene
Telefonnummer wenden.
Dieses Anschreiben wurde automatisch erstellt und ist ohne Unterschrift gültig.
 Anlage zu GZ: St II 4 - S 0229a KEVIZZ - 2913376/25 (Bitte stets angeben)
Ergebnisse
zu der Anfrage von dem/der:
Gerichtsvollzieherin Stenzel
vom:
14.12.2025
Ihr AZ:
DR II 1896/25
mit folgenden Anhaltsdaten:
Name:
Nachname:
Herzog-Weber
Vorname:
Wilhelmine
Geburtsdatum:
26.01.1958
Kontonummer:
Trefferanzahl:
Kontonummer:
Errichtungsdatum:
Kontoinfo:
Auflösungsdatum:
Kontoinhaber
Geburtsdatum Seit
Bis
Nicole Regina Büttner
21.10.1983
20.10.2025
Walter-Flex-Str. 17 A 95032 Hof
Verfügungsberechtigte
Geburtsdatum Seit
Bis
Wilhelmine Herzog-Weber
26.01.1958
12.02.2025
Walter-Flex-Str. 17a 95032 Hof
Kontonummer:
Errichtungsdatum
Kontoinfo:
Auflösungsdatum:
Kontoinhaber
Geburtsdatum Seit
Bis
Anfrage von Gerichtsvollzieherin Stenzel (G09857) zu AZ DR Il 1896/25
Seite
1 von
2
 Anlage zu GZ: St Il 4 - S 0229a KEVIZZ - 2913376/25 (Bitte stets angeben)
Verfügungsberechtigte
Geburtsdatum Seit
Bis
Kontonummer:
Errichtungsdatum
Kontoinfo:
Auflösungsdatum:
Kontoinhaber
Geburtsdatum Seit
Bis
Verfügungsberechtigte
Geburtsdatum Seit
Bis
Anfrage von Gerichtsvollzieherin Stenzel (G09857) zu AZ DR Il 1896/25
Seite
2 von
2",drittauskunft,False,False,fb4da508-93a4-585d-92ad-3cdd1e18cebd,72cc879b-455c-5fce-ba10-ada75a9c5063,a37267c34d030a60a52af7376b12821937769babe846f3d114c061b01821cd70,s3://pair-data-engineering-new/ocr_prepared_output/a37267c34d030a60a52af7376b12821937769babe846f3d114c061b01821cd70.json
data/aftercourt/drittauskunft_without_invoice/combined_pdf_02BZST_0120260106-313-zmejip.pdf,"<page_1>
Bundeszentralamt
für Steuern
POSTANSCHRIFT
Bundeszentralamt für Steuern, 11055 Berlin
HAUSANSCHRIFT
DGZ-Ring 12, 13086 Berlin
BEARBEITET VON
Gerichtsvollzieher Rüngeling
Cardenap 7
Steuerabteilung National
Kontenabrufverfahren
38518 Gifhorn
TEL
+49 (0) 2 28 40 6-3600
FAX
+49 (0) 2 28 40 6-4408
E-MAIL
kontenabruf@bzst.bund.de
INTERNET
www.bzst.bund.de
BETREFF
Kontenabrufersuchen nach §§ 93, 93b Abgabenordnung (AO)
BEZUG
Ihr Kontenabrufersuchen vom 02.01.2026 AZ: DR Il 8/26
ANLAGEN
1
GZ
St II 4 S 0229a KEVIZZ 6194/26
(bei Antwort bitte angeben)
DATUM
05.01.2026
Ihr oben genanntes Kontenabrufersuchen ist im Rahmen des automatisierten Abrufs von
Kontoinformationen bearbeitet worden. Die Ergebnisse dieses Abrufs entnehmen Sie bitte der
nachfolgenden Anlage.
Bitte beachten Sie
dass die Verantwortung für die Zulässigkeit des Datenabrufs und die Datenübermittlung die
ersuchende Behörde trägt (§ 93b Abs. 3 AO),
die Informations- und Dokumentationspflichten gemäß § 93 Abs. 9 und 10 AO sowie den
Anwendungserlass zur Abgabenordnung (AEAO),
dass die Kontenstammdaten in der Datei nach § 24c Kreditwesengesetz (KWG) durch die
beteiligten Kreditinstitute vorgehalten werden. Ich kann deshalb keine Haftung dafür
übernehmen, dass die im Rahmen des Kontenabrufs mitgeteilten Daten vollständig und
inhaltlich korrekt sind.
Zum Inhalt des Ergebnisses bemerke ich folgendes:
Aufgrund der gesetzlichen Vorgabe der Unterscheidungsmerkmale in den von den Kreditinstituten
zu führenden Dateien kann die Identität der gemeldeten Personen immer nur im Hinblick auf die
Merkmale Name und Geburtsdatum für die Kontoinhaber und Verfügungsberechtigten bzw. Name
und Anschrift für die abweichend wirtschaftlich Berechtigten festgestellt werden. Insofern muss das
übermittelte Abrufergebnis trotz Übereinstimmung des Namens und des Geburtsdatums nicht
zwingend mit der von Ihnen abgefragten Person identisch sein. Das gilt auch für
Firmenbezeichnungen. Die auf dem Kontenabrufersuchen gleichwohl anzugebende Anschrift des
Kontoinhabers oder des Verfügungsberechtigten wird nicht in die Abfrage einbezogen.
<page_2>
Bundeszentralamt
für Steuern
Bei Rückfragen bitte ich Sie, zunächst die FAQ (häufige Fragen) zu beachten, die Sie auf der
Homepage des BZSt unter http://www.bzst.bund.de oder, sofern Sie für die Verwaltung der
Grundsicherung für Arbeitsuchende nach dem Zweiten Buch Sozialgesetzbuch zuständig sind, im
Intranet der Bundesagentur für Arbeit finden. Sie können sich aber auch an die oben angegebene
Telefonnummer wenden.
Hinweise zum Ergebnis Ihres Kontenabrufs
Das Ergebnis des für Sie durchgeführten Kontenabrufs wurde einer Plausibilitätsprüfung
(Stichprobe) unterzogen.
Falls das Ergebnis keine Treffer enthält oder Sie bereits bekannte Konten dort nicht finden, kann
dies mehrere Ursachen haben.
Ein Abruf von Kontenstammdaten bei der Kreditwirtschaft erfolgt mit den von Ihnen dafür
vorgegeben Personendaten. Welche Daten Sie für den Abruf vorgegeben haben, ersehen Sie an
dem fett gedruckten Eintrag im oberen Teil des Ergebnisausdrucks.
Bitte stellen Sie ggf. ein neues Kontenabrufersuchen, wenn Sie im Nachgang feststellen, dass die
von Ihnen verwendeten Daten unzutreffend oder unvollständig waren.
Für allgemeine fachliche Fragen wenden Sie sich bitte per E-Mail an den Fachbereich
(kontenabruf@bzst.bund.de).
Dieses Anschreiben wurde automatisch erstellt und ist ohne Unterschrift gültig.
<page_3>
Anlage zu GZ: St II 4 - S 0229a KEVIZZ - 6194/26 (Bitte stets angeben)
Ergebnisse
zu der Anfrage von dem/der:
Gerichtsvollzieher Rüngeling
vom:
02.01.2026
Ihr AZ:
DR II 8/26
mit folgenden Anhaltsdaten:
Name:
Nachname:
Krein
Vorname:
Wilmar
Geburtsdatum:
26.03.1978
Kontonummer:
DEUTSCHE BANK AKTIENGESELLSCHAFT
BAK-Nr.: 100003
Taunusanlage 12, 60325 Frankfurt am Main
Trefferanzahl: 2
Kontonummer: DE16269710240019156900
Errichtungsdatum: 17.12.2007
Kontoinfo:
Auflösungsdatum:
Kontoinhaber
Geburtsdatum
Seit
Bis
Wilmar Krein
26.03.1978
12.04.2014
Hauptstr. 29, 38533 Vordorf
Kontonummer: DE70250700240201495943
Errichtungsdatum: 28.08.2024
Kontoinfo:
Auflösungsdatum:
Kontoinhaber
Geburtsdatum
Seit
Bis
Jens Wilhelm
18.08.1969
28.08.2024
02.07.2025
Hohenzollernstr. 53, 30161 Hannover
Jens Wilhelm
18.08.1969
02.07.2025
10.10.2025
Oskar-Winter-Str. 8, 30161 Hannover
Jens Wilhelm
18.08.1969
10.10.2025
Hohenzollernstr. 53, 30161 Hannover
Verfügungsberechtigte
Geburtsdatum
Seit
Bis
Katja Dorothea Hübe
22.02.1971
28.08.2024
Zum Buchengarten 26, 30453 Hannover
Björn von Gösseln
03.09.1969
28.08.2024
26.06.2025
Im Eichholz 73, 30657 Hannover
Claudia Luck
23.06.1984
28.08.2024
Reitbahn 15, 29221 Celle
Gerhard Wilhelm
15.02.1945
28.08.2024
Echterngrund 16A, 30657 Hannover
Björn von Gösseln
03.09.1969
26.06.2025
Im Eichholz 7, 30657 Hannover
Anfrage von Gerichtsvollzieher Rüngeling (G03556) zu AZ DR Il 8/26
Seite
1 von
16
<page_4>
Anlage zu GZ: St Il 4 - S 0229a KEVIZZ 6194/26 (Bitte stets angeben)
Wirtschaftlich Berechtigte
Seit
Bis
Wilmar Krein
28.08.2024
Hauptstr. 25, 38533 Vordorf
Santander Consumer Bank Aktiengesellschaft
BAK-Nr.: 100181
Santander-Platz 1, 41061 Mönchengladbach
Trefferanzahl: 1
Kontonummer: DE58370206001541566300
Errichtungsdatum: 28.10.2019
Kontoinfo:
Auflösungsdatum:
Kontoinhaber
Geburtsdatum
Seit
Bis
Wilmar Krein
26.03.1978
24.11.2021
11.07.2023
Hauptstr. 29 38533 Vordorf
Wilmar Krein
26.03.1978
11.07.2023
Hauptstr. 25 38533 Vordorf
Deutsche Kreditbank Aktiengesellschaft
BAK-Nr.: 100215
Taubenstraße 7 9, 10117 Berlin
Trefferanzahl: 4
Kontonummer: DE07120300001070118169
Errichtungsdatum: 10.08.2020
Kontoinfo:
Auflösungsdatum:
Kontoinhaber
Geburtsdatum Seit
Bis
Wilmar Krein
26.03.1978
07.02.2022
Hauptstr. 25, 38533 Vordorf
Kontonummer: DE98120300001065427260
Errichtungsdatum: 09.08.2019
Kontoinfo:
Auflösungsdatum:
Kontoinhaber
Geburtsdatum Seit
Bis
Wilmar Krein
26.03.1978
07.02.2022
Hauptstr. 25, 38533 Vordorf
Kontonummer: DE82120300001070118177
Errichtungsdatum: 26.07.2022
Kontoinfo:
Auflösungsdatum:
Kontoinhaber
Geburtsdatum Seit
Bis
Wilmar Krein
26.03.1978
26.07.2022
Hauptstr. 25, 38533 Vordorf
Anfrage von Gerichtsvollzieher Rüngeling (G03556) zu AZ DR Il 8/26
Seite
2 von
16
<page_5>
Anlage zu GZ: St Il 4 - S 0229a KEVIZZ 6194/26 (Bitte stets angeben)
Wirtschaftlich Berechtigte
Seit
Bis
Thorsten Arndt
24.10.2022
Schloßstr. 15, 38165 Lehre
Kontonummer: 4930000027249272
Errichtungsdatum: 12.08.2019
Kontoinfo:
Auflösungsdatum:
Kontoinhaber
Geburtsdatum Seit
Bis
Wilmar Krein
26.03.1978
08.02.2022
Hauptstr. 25, 38533 Vordorf
Norddeutsche Landesbank Girozentrale
BAK-Nr.: 100436
Friedrichswall 10, 30159 Hannover
Trefferanzahl: 2
Kontonummer: DE29250500000202496675
Errichtungsdatum: 14.10.2025
Kontoinfo:
Auflösungsdatum:
Kontoinhaber
Geburtsdatum Seit
Bis
Henning Gierk
22.05.1964
14.10.2025
Beethovenstr. 18, 37154 Northeim
Wirtschaftlich Berechtigte
Seit
Bis
Wilmar Krein
14.10.2025
Hauptstr. 29, 38533 Vordorf
Kontonummer: DE93250500000202496493
Errichtungsdatum: 13.10.2025
Kontoinfo:
Auflösungsdatum:
Kontoinhaber
Geburtsdatum Seit
Bis
Henning Gierk
22.05.1964
13.10.2025
Beethovenstr. 18, 37154 Northeim
Wirtschaftlich Berechtigte
Seit
Bis
Wilmar Krein
13.10.2025
Hauptstr. 29, 38533 Vordorf
Anfrage von Gerichtsvollzieher Rüngeling (G03556) zu AZ DR Il 8/26
Seite
3 von
16
<page_6>
Anlage zu GZ: St Il 4 - S 0229a KEVIZZ 6194/26 (Bitte stets angeben)
Sparkasse Celle-Gifhorn-Wolfsburg
BAK-Nr.: 100732
Nordhoffstraße 1, 38518 Gifhorn
Trefferanzahl: 1
Kontonummer: DE92269513110011063609
Errichtungsdatum: 27.11.2008
Kontoinfo:
Auflösungsdatum:
Kontoinhaber
Geburtsdatum Seit
Bis
Wilandben-GbR
24.03.2014
Chemnitzer Str. 20, 38444 Wolfsburg
Verfügungsberechtigte
Geburtsdatum
Seit
Bis
Walter Krein
02.06.1955
04.10.2016
Chemnitzer Str. 20, 38444 Wolfsburg
Wilmar Krein
26.03.1978
05.12.2022
Hauptstr. 25, 38533 Vordorf
Harzsparkasse
BAK-Nr.: 101144
Gustav-Petri-Straße 8, 38855 Wernigerode
Trefferanzahl: 2
Kontonummer: DE85810520000901070645
Errichtungsdatum: 24.03.2020
Kontoinfo:
Auflösungsdatum:
Kontoinhaber
Geburtsdatum Seit
Bis
Hochzehn VV GmbH
12.05.2020
Hauptstr. 25, 38533 Vordorf
Verfügungsberechtigte
Geburtsdatum
Seit
Bis
Wilmar Krein
26.03.1978
13.05.2020
13.03.2023
Hauptstr. 29, 38533 Vordorf
Wilmar Krein
26.03.1978
13.03.2023
Hauptstr. 25, 38533 Vordorf
Wirtschaftlich Berechtigte
Seit
Bis
Wilmar Krein
24.03.2020
13.03.2023
Hauptstr. 29, 38533 Vordorf
Wilmar Krein
13.03.2023
.
Hauptstr. 25, 38533 Vordorf
Kontonummer: DE95810520000901067458
Errichtungsdatum: 04.10.2019
Kontoinfo:
Auflösungsdatum:
Kontoinhaber
Geburtsdatum
Seit
Bis
Wilmar Krein
26.03.1978
04.10.2019
13.03.2023
Hauptstr. 29, 38533 Vordorf
Anfrage von Gerichtsvollzieher Rüngeling (G03556) zu AZ DR Il 8/26
Seite
4 von
16
<page_7>
Anlage zu GZ: St Il 4 S 0229a KEVIZZ 6194/26 (Bitte stets angeben)
Wilmar Krein
26.03.1978
13.03.2023
Hauptstr. 25, 38533 Vordorf
Volksbank eG
BAK-Nr.: 101710
Am Herzogtore 12, 38300 Wolfenbüttel, Niedersachs
Trefferanzahl: 10
Kontonummer: DE83270925555048539351
Errichtungsdatum: 03.11.2022
Kontoinfo:
Auflösungsdatum:
Kontoinhaber
Geburtsdatum Seit
Bis
Wilmar Krein
26.03.1978
03.11.2022
Hauptstr. 25 38533 Vordorf
Kontonummer: DE56270925555048539352
Errichtungsdatum: 03.11.2022
Kontoinfo:
Auflösungsdatum:
Kontoinhaber
Geburtsdatum Seit
Bis
Wilmar Krein
26.03.1978
03.11.2022
Hauptstr. 25 38533 Vordorf
Kontonummer: DE29270925555048539353
Errichtungsdatum: 03.11.2022
Kontoinfo:
Auflösungsdatum:
Kontoinhaber
Geburtsdatum Seit
Bis
Wilmar Krein
26.03.1978
03.11.2022
Hauptstr. 25 38533 Vordorf
Kontonummer: DE05270925555048539300
Errichtungsdatum: 30.09.2022
Kontoinfo:
Auflösungsdatum:
Kontoinhaber
Geburtsdatum Seit
Bis
Wilmar Krein
26.03.1978
04.10.2022
Hauptstr. 25 38533 Vordorf
Kontonummer: DE51270925555838686601
Errichtungsdatum: 06.10.2020
Kontoinfo:
Auflösungsdatum:
Kontoinhaber
Geburtsdatum Seit
Bis
Krein Projektentwicklung GmbH
06.10.2020
Hauptstr. 25 38533 Vordorf
Verfügungsberechtigte
Geburtsdatum
Seit
Bis
Wilmar Krein
26.03.1978
04.10.2022
Hauptstr. 25 38533 Vordorf
Anfrage von Gerichtsvollzieher Rüngeling (G03556) zu AZ DR II 8/26
Seite
5 von
16
<page_8>
Anlage zu GZ: St Il 4 - S 0229a KEVIZZ - 6194/26 (Bitte stets angeben)
Wirtschaftlich Berechtigte
Seit
Bis
Wilmar Krein
04.10.2022
Hauptstr. 25 38533 Vordorf
Kontonummer: DE78270925555838686600
Errichtungsdatum: 23.03.2020
Kontoinfo:
Auflösungsdatum:
Kontoinhaber
Geburtsdatum Seit
Bis
Krein Projektentwicklung GmbH
20.05.2020
Hauptstr. 25 38533 Vordorf
Verfügungsberechtigte
Geburtsdatum
Seit
Bis
Wilmar Krein
26.03.1978
04.10.2022
Hauptstr. 25 38533 Vordorf
Wirtschaftlich Berechtigte
Seit
Bis
Wilmar Krein
04.10.2022
Hauptstr. 25 38533 Vordorf
Kontonummer: DE82270925555838693900
Errichtungsdatum: 19.03.2020
Kontoinfo:
Auflösungsdatum:
Kontoinhaber
Geburtsdatum Seit
Bis
Kazalux GmbH
03.06.2020
Hauptstraße 25 38533 Vordorf
Verfügungsberechtigte
Geburtsdatum
Seit
Bis
Wilmar Krein
26.03.1978
04.10.2022
Hauptstr. 25 38533 Vordorf
Wirtschaftlich Berechtigte
Seit
Bis
Wilmar Krein
04.10.2022
Hauptstr. 25 38533 Vordorf
Kontonummer: DE78270925555838676900
Errichtungsdatum: 19.03.2020
Kontoinfo:
Auflösungsdatum:
Kontoinhaber
Geburtsdatum
Seit
Bis
Hochzehn VV GmbH
19.05.2020
Hauptstr. 25 38533 Vordorf
Verfügungsberechtigte
Geburtsdatum
Seit
Bis
Wilmar Krein
26.03.1978
04.10.2022
Hauptstr. 25 38533 Vordorf
Anfrage von Gerichtsvollzieher Rüngeling (G03556) zu AZ DR Il 8/26
Seite
6 von
16
<page_9>
Anlage zu GZ: St Il 4 - S 0229a KEVIZZ 6194/26 (Bitte stets angeben)
Wirtschaftlich Berechtigte
Seit
Bis
Wilmar Krein
04.10.2022
Hauptstr. 25 38533 Vordorf
Kontonummer: DE11270925555834866200
Errichtungsdatum: 06.11.2019
Kontoinfo:
Auflösungsdatum:
Kontoinhaber
Geburtsdatum Seit
Bis
WAK Holding GmbH
03.06.2020
Hauptstraße 25 38533 Vordorf
Verfügungsberechtigte
Geburtsdatum
Seit
Bis
Wilmar Krein
26.03.1978
04.10.2022
Hauptstr. 25 38533 Vordorf
Wirtschaftlich Berechtigte
Seit
Bis
Wilmar Krein
04.10.2022
Hauptstr. 25 38533 Vordorf
Kontonummer: DE13270925555048539350
Errichtungsdatum: 19.08.2019
Kontoinfo:
Auflösungsdatum:
Kontoinhaber
Geburtsdatum
Seit
Bis
Wilmar Krein
26.03.1978
04.10.2022
Hauptstr. 25 38533 Vordorf
Volksbank BRAWO eG
BAK-Nr.: 101711
Am Mühlengraben 1, 38440 Wolfsburg
Trefferanzahl: 3
Kontonummer: DE80269910661862014001
Errichtungsdatum: 11.09.2018
Kontoinfo:
Auflösungsdatum:
Kontoinhaber
Geburtsdatum
Seit
Bis
Laura Marie Krein
20.12.2009
16.06.2022
Hauptstr. 25 38533 Vordorf
Verfügungsberechtigte
Geburtsdatum
Seit
Bis
Anna-Theresia Krein
24.09.1981
16.06.2022
Hauptstr. 25 38533 Vordorf
Wilmar Krein
26.03.1978
08.06.2022
Hauptstr. 25 38533 Vordorf
Anfrage von Gerichtsvollzieher Rüngeling (G03556) zu AZ DR Il 8/26
Seite
7 von
16
<page_10>
Anlage zu GZ: St Il 4 S 0229a KEVIZZ 6194/26 (Bitte stets angeben)
Kontonummer: DE62269910661862138000
Errichtungsdatum: 07.01.2015
Kontoinfo:
Auflösungsdatum:
Kontoinhaber
Geburtsdatum
Seit
Bis
Amelie Sophie Krein
04.04.2007
16.06.2022
Hauptstr. 25 38533 Vordorf
Verfügungsberechtigte
Geburtsdatum
Seit
Bis
Anna-Theresia Krein
24.09.1981
16.06.2022
04.04.2025
Hauptstr. 25 38533 Vordorf
Wilmar Krein
26.03.1978
08.06.2022
04.04.2025
Hauptstr. 25 38533 Vordorf
Kontonummer: DE10269910661862014000
Errichtungsdatum: 07.01.2015
Kontoinfo:
Auflösungsdatum:
Kontoinhaber
Geburtsdatum
Seit
Bis
Laura Marie Krein
20.12.2009
16.06.2022
Hauptstr. 25 38533 Vordorf
Verfügungsberechtigte
Geburtsdatum
Seit
Bis
Anna-Theresia Krein
24.09.1981
16.06.2022
Hauptstr. 25 38533 Vordorf
Wilmar Krein
26.03.1978
08.06.2022
Hauptstr. 25 38533 Vordorf
Bausparkasse Schwäbisch Hall Aktiengesellschaft Bausparkasse
BAK-Nr.: 105625
der Volksbanken und Raiffeisenbanken
Crailsheimer Straße 52, 74523 Schwäbisch Hall
Trefferanzahl: 1
Kontonummer: 2499798601
Errichtungsdatum: 18.03.2016
Kontoinfo:
Auflösungsdatum:
Kontoinhaber
Geburtsdatum
Seit
Bis
Anna-Theresia Krein
24.09.1981
16.09.2025
Campestr. 15 38302 Wolfenbüttel
Anna-Theresia Krein
24.09.1981
25.08.2023
16.09.2025
Alte Dorfstr. 23 38527 Meine
Anna-Theresia Krein
24.09.1981
28.04.2022
25.08.2023
Hauptstr. 25 38533 Vordorf
Wilmar Krein
26.03.1978
28.04.2022
Hauptstr. 25 38533 Vordorf
Anfrage von Gerichtsvollzieher Rüngeling (G03556) zu AZ DR Il 8/26
Seite
8 von
16
<page_11>
Anlage zu GZ: St Il 4 - S 0229a KEVIZZ 6194/26 (Bitte stets angeben)
LBS Landesbausparkasse NordOst AG
BAK-Nr.: 108133
Am Luftschiffhafen 1, 14471 Potsdam
Trefferanzahl: 1
Kontonummer: 3022007847
Errichtungsdatum: 04.10.2019
Kontoinfo:
Auflösungsdatum:
Kontoinhaber
Geburtsdatum Seit
Bis
Wilmar Krein
26.03.1978
04.10.2019
15.03.2023
Hauptstr. 29, 38533 Vordorf DE
Wilmar Krein
26.03.1978
15.03.2023
Hauptstr. 25, 38533 Vordorf DE
BNP Paribas S.A. Niederlassung Deutschland
BAK-Nr.: 108556
Senckenberganlage 19, 60325 Frankfurt
Trefferanzahl: 5
Kontonummer: 49001375249001
Errichtungsdatum: 02.10.2023
Kontoinfo:
Auflösungsdatum:
Kontoinhaber
Geburtsdatum
Seit
Bis
WAK HOLDING GMBH
21.05.2025
HAUPTSTR. 25 38553 VORDORF
WAK HOLDING GMBH
07.11.2024
20.05.2025
HAUPTSTR. 25 38553 VORDORF
Wirtschaftlich Berechtigte
Seit
Bis
WILMAR KREIN
12.09.2025
HAUPTSTR. 29 38533 VORDORF
WILMAR KREIN
21.05.2025
12.09.2025
HAUPTSTR. 25 38533 VORDORF
WILMAR KREIN
07.11.2024 20.05.2025
HAUPTSTR. 25 38533 VORDORF
Kontonummer: 868749558
Errichtungsdatum: 07.06.2017
Kontoinfo:
Auflösungsdatum:
Kontoinhaber
Geburtsdatum
Seit
Bis
Laura Marie Krein
20.12.2009
07.06.2017
Hauptstr. 29 38533 Vordorf Bundesrep. Deutschland
Verfügungsberechtigte
Geburtsdatum
Seit
Bis
Anna-Theresia Krein
24.09.1981
08.07.2025
Alte Dorfstr. 23 38527 Meine Bundesrep. Deutschland
Wilmar Krein
26.03.1978
03.07.2023
Hauptstr. 25 38533 Vordorf Bundesrep. Deutschland
Anfrage von Gerichtsvollzieher Rüngeling (G03556) zu AZ DR Il 8/26
Seite
9 von
16
<page_12>
Anlage zu GZ: St Il 4 - S 0229a KEVIZZ 6194/26 (Bitte stets angeben)
Anna-Theresia Krein
24.09.1981
07.06.2017
08.07.2025
Hauptstr. 29 38533 Vordorf Bundesrep. Deutschland
Wilmar Krein
26.03.1978
07.06.2017
03.07.2023
Hauptstr. 29 38533 Vordorf Bundesrep. Deutschland
Kontonummer: 868749534
Errichtungsdatum: 07.06.2017
Kontoinfo:
Auflösungsdatum:
Kontoinhaber
Geburtsdatum
Seit
Bis
Amelie Sophie Krein
04.04.2007
07.06.2017
11.12.2025
Hauptstr. 29 38533 Vordorf Bundesrep. Deutschland
Amelie Sophie Krein
04.04.2007
11.12.2025
Hauptstr. 25 38533 Vordorf Bundesrep. Deutschland
Verfügungsberechtigte
Geburtsdatum
Seit
Bis
Wilmar Krein
26.03.1978
03.07.2023
02.05.2025
Hauptstr. 25 38533 Vordorf Bundesrep. Deutschland
Anna-Theresia Krein
24.09.1981
07.06.2017
02.05.2025
Hauptstr. 29 38533 Vordorf Bundesrep. Deutschland
Wilmar Krein
26.03.1978
07.06.2017
03.07.2023
Hauptstr. 29 38533 Vordorf Bundesrep. Deutschland
Kontonummer: DE77760300800860749556
Errichtungsdatum: 07.06.2017
Kontoinfo:
Auflösungsdatum:
Kontoinhaber
Geburtsdatum
Seit
Bis
Laura Marie Krein
20.12.2009
07.06.2017
Hauptstr. 29 38533 Vordorf Bundesrep. Deutschland
Verfügungsberechtigte
Geburtsdatum
Seit
Bis
Anna-Theresia Krein
24.09.1981
08.07.2025
Alte Dorfstr. 23 38527 Meine Bundesrep. Deutschland
Wilmar Krein
26.03.1978
03.07.2023
Hauptstr. 25 38533 Vordorf Bundesrep. Deutschland
Anna-Theresia Krein
24.09.1981
07.06.2017
08.07.2025
Hauptstr. 29 38533 Vordorf Bundesrep. Deutschland
Wilmar Krein
26.03.1978
07.06.2017
03.07.2023
Hauptstr. 29 38533 Vordorf Bundesrep. Deutschland
Kontonummer: DE46760300800860749532
Errichtungsdatum: 07.06.2017
Kontoinfo:
Auflösungsdatum:
Kontoinhaber
Geburtsdatum
Seit
Bis
Amelie Sophie Krein
04.04.2007
07.06.2017
11.12.2025
Hauptstr. 29 38533 Vordorf Bundesrep. Deutschland
Amelie Sophie Krein
04.04.2007
11.12.2025
Hauptstr. 25 38533 Vordorf Bundesrep. Deutschland
Anfrage von Gerichtsvollzieher Rüngeling (G03556) zu AZ DR Il 8/26
Seite
10 von
16
<page_13>
Anlage zu GZ: St Il 4 - S 0229a KEVIZZ 6194/26 (Bitte stets angeben)
Verfügungsberechtigte
Geburtsdatum Seit
Bis
Wilmar Krein
26.03.1978
03.07.2023
02.05.2025
Hauptstr. 25 38533 Vordorf Bundesrep. Deutschland
Anna-Theresia Krein
24.09.1981
07.06.2017
02.05.2025
Hauptstr. 29 38533 Vordorf Bundesrep. Deutschland
Wilmar Krein
26.03.1978
07.06.2017
03.07.2023
Hauptstr. 29 38533 Vordorf Bundesrep. Deutschland
LBS Landesbausparkasse NordWest
BAK-Nr.: 118635
Himmelreichallee 40, 48149 Münster, Westf
Trefferanzahl: 1
Kontonummer: 3024954616
Errichtungsdatum: 06.03.2020
Kontoinfo:
Auflösungsdatum:
Kontoinhaber
Geburtsdatum
Seit
Bis
Wilmar Krein
26.03.1978
27.09.2021
Hauptstr. 29, 38533 Vordorf DE
Solaris SE
BAK-Nr.: 143626
Cuvrystraße 53, 10997 Berlin
Trefferanzahl: 1
Kontonummer: DE49110101002742636248
Errichtungsdatum: 08.08.2019
Kontoinfo:
Auflösungsdatum:
Kontoinhaber
Geburtsdatum
Seit
Bis
WILMAR KREIN
26.03.1978
15.06.2021
01.09.2023
Hauptstrasse 29 38533 Vordorf DE
WILMAR KREIN
26.03.1978
01.09.2023
Hauptstrasse 25 38533 Vordorf DE
Trade Republic Bank GmbH
BAK-Nr.: 150368
Brunnenstraße 19 21, 10119 Berlin
Trefferanzahl: 2
Kontonummer: 0594140101
Errichtungsdatum: 09.05.2022
Kontoinfo:
Auflösungsdatum:
Kontoinhaber
Geburtsdatum Seit
Bis
Wilmar Krein
26.03.1978
09.05.2022
Hauptstraße 25, 38533 Vordorf DE
Anfrage von Gerichtsvollzieher Rüngeling (G03556) zu AZ DR Il 8/26
Seite
11 von
16
<page_14>
Anlage zu GZ: St Il 4 - S 0229a KEVIZZ - 6194/26 (Bitte stets angeben)
Kontonummer: DE78100123450594140101
Errichtungsdatum: 29.06.2024
Kontoinfo:
Auflösungsdatum:
Kontoinhaber
Geburtsdatum
Seit
Bis
Wilmar Krein
26.03.1978
29.06.2024
Hauptstraße 25, 38533 Vordorf DE
OLINDA Zweigniederlassung Deutschland
BAK-Nr.: 156946
Warschauer Platz 11 13, 10245 Berlin
Trefferanzahl: 9
Kontonummer: DE78100101238636614233
Errichtungsdatum: 26.01.2023
Kontoinfo:
Auflösungsdatum:
Kontoinhaber
Geburtsdatum
Seit
Bis
Krein Projektentwicklung GmbH
26.01.2023
Hauptstraße 25 38533 Vordorf Germany
Verfügungsberechtigte
Geburtsdatum
Seit
Bis
Egor Klein
13.12.1988
01.03.2024
01.11.2024
Zwickauerstrasse 11 38444 Wolfsburg Germany
WILMAR KREIN
26.03.1978
26.01.2023
Hauptstraße 25 38533 Vordorf Germany
Wirtschaftlich Berechtigte
Seit
Bis
WILMAR KREIN
26.01.2023
Hauptstraße 25 38533 Vordorf Germany
Kontonummer: DE49100101238584506161
Errichtungsdatum: 07.08.2024
Kontoinfo:
Auflösungsdatum:
Kontoinhaber
Geburtsdatum
Seit
Bis
WAK Holding GmbH
07.08.2024
Hauptstraße 25 38533 Vordorf Germany
Verfügungsberechtigte
Geburtsdatum
Seit
Bis
WILMAR KREIN
26.03.1978
07.08.2024
Hauptstraße 25 38533 Vordorf Germany
Wirtschaftlich Berechtigte
Seit
Bis
WILMAR KREIN
07.08.2024
Hauptstraße 25 38533 Vordorf Germany
Anfrage von Gerichtsvollzieher Rüngeling (G03556) zu AZ DR Il 8/26
Seite
12 von
16
<page_15>
Anlage zu GZ: St Il 4 - S 0229a KEVIZZ - 6194/26 (Bitte stets angeben)
Kontonummer: DE74100101232161072106
Errichtungsdatum: 20.02.2025
Kontoinfo:
Auflösungsdatum:
Kontoinhaber
Geburtsdatum
Seit
Bis
KKW Elektro GmbH
20.02.2025
Calberlaher Straße 16 38547 Calberlah oT Edesbüttel
Germany
Verfügungsberechtigte
Geburtsdatum
Seit
Bis
Egor Klein
13.12.1988
24.02.2025
23.05.2025
Zwickauerstrasse 11 38444 Wolfsburg Germany
EGOR KLEIN
13.12.1988
23.05.2025
07.07.2025
Zwickauerstrasse 11 38444 Wolfsburg Germany
WILMAR KREIN
26.03.1978
20.02.2025
Hauptstraße 25 38533 Vordorf Germany
Wirtschaftlich Berechtigte
Seit
Bis
WILMAR KREIN
26.02.2025
Hauptstraße 25 38533 Vordorf Germany
Egor Klein
24.02.2025
Zwickauer Str. 11 38444 Wolfsburg Germany
Kontonummer: DE94100101238962520947
Errichtungsdatum: 20.02.2025
Kontoinfo:
Auflösungsdatum:
Kontoinhaber
Geburtsdatum
Seit
Bis
KKW Elektro GmbH
20.02.2025
Calberlaher Straße 16 38547 Calberlah oT Edesbüttel
Germany
Verfügungsberechtigte
Geburtsdatum
Seit
Bis
Egor Klein
13.12.1988
24.02.2025
23.05.2025
Zwickauerstrasse 11 38444 Wolfsburg Germany
EGOR KLEIN
13.12.1988
23.05.2025
07.07.2025
Zwickauerstrasse 11 38444 Wolfsburg Germany
WILMAR KREIN
26.03.1978
20.02.2025
Hauptstraße 25 38533 Vordorf Germany
Wirtschaftlich Berechtigte
Seit
Bis
WILMAR KREIN
26.02.2025
Hauptstraße 25 38533 Vordorf Germany
Egor Klein
24.02.2025
Zwickauer Str. 11 38444 Wolfsburg Germany
Anfrage von Gerichtsvollzieher Rüngeling (G03556) zu AZ DR II 8/26
Seite
13 von
16
<page_16>
Anlage zu GZ: St Il 4 - S 0229a KEVIZZ - 6194/26 (Bitte stets angeben)
Kontonummer: DE50100101231147937317
Errichtungsdatum: 20.02.2025
Kontoinfo:
Auflösungsdatum:
Kontoinhaber
Geburtsdatum
Seit
Bis
KKW Elektro GmbH
20.02.2025
Calberlaher Straße 16 38547 Calberlah oT Edesbüttel
Germany
Verfügungsberechtigte
Geburtsdatum
Seit
Bis
Egor Klein
13.12.1988
24.02.2025
23.05.2025
Zwickauerstrasse 11 38444 Wolfsburg Germany
EGOR KLEIN
13.12.1988
23.05.2025
07.07.2025
Zwickauerstrasse 11 38444 Wolfsburg Germany
WILMAR KREIN
26.03.1978
20.02.2025
Hauptstraße 25 38533 Vordorf Germany
Wirtschaftlich Berechtigte
Seit
Bis
WILMAR KREIN
26.02.2025
Hauptstraße 25 38533 Vordorf Germany
Egor Klein
24.02.2025
Zwickauer Str. 11 38444 Wolfsburg Germany
Kontonummer: DE39100101234122801706
Errichtungsdatum: 06.03.2025
Kontoinfo:
Auflösungsdatum:
Kontoinhaber
Geburtsdatum
Seit
Bis
KKW Elektro GmbH
06.03.2025
Calberlaher Straße 16 38547 Calberlah oT Edesbüttel
Germany
Verfügungsberechtigte
Geburtsdatum
Seit
Bis
Egor Klein
13.12.1988
06.03.2025
23.05.2025
Zwickauerstrasse 11 38444 Wolfsburg Germany
EGOR KLEIN
13.12.1988
23.05.2025
07.07.2025
Zwickauerstrasse 11 38444 Wolfsburg Germany
WILMAR KREIN
26.03.1978
06.03.2025
Hauptstraße 25 38533 Vordorf Germany
Wirtschaftlich Berechtigte
Seit
Bis
WILMAR KREIN
06.03.2025
Hauptstraße 25 38533 Vordorf Germany
Egor Klein
06.03.2025
Zwickauer Str. 11 38444 Wolfsburg Germany
Anfrage von Gerichtsvollzieher Rüngeling (G03556) zu AZ DR II 8/26
Seite
14 von
16
<page_17>
Anlage zu GZ: St Il 4 S 0229a KEVIZZ 6194/26 (Bitte stets angeben)
Kontonummer: DE84100101234632685858
Errichtungsdatum: 25.03.2025
Kontoinfo:
Auflösungsdatum:
Kontoinhaber
Geburtsdatum
Seit
Bis
Kazalux GmbH
25.03.2025
Hauptstraße 25 38533 Vordorf Germany
Verfügungsberechtigte
Geburtsdatum
Seit
Bis
WILMAR KREIN
26.03.1978
25.03.2025
Hauptstraße 25 38533 Vordorf Germany
Wirtschaftlich Berechtigte
Seit
Bis
WILMAR KREIN
25.03.2025
Hauptstraße 25 38533 Vordorf Germany
Kontonummer: DE77100101237971924370
Errichtungsdatum: 04.03.2024
Kontoinfo:
Auflösungsdatum:
Kontoinhaber
Geburtsdatum
Seit
Bis
Krein Projektentwicklung GmbH
04.03.2024
Hauptstraße 25 38533 Vordorf Germany
Verfügungsberechtigte
Geburtsdatum
Seit
Bis
WILMAR KREIN
26.03.1978
04.03.2024
Hauptstraße 25 38533 Vordorf Germany
Wirtschaftlich Berechtigte
Seit
Bis
WILMAR KREIN
04.03.2024
Hauptstraße 25 38533 Vordorf Germany
Kontonummer: DE90100101232963133681
Errichtungsdatum: 04.03.2024
Kontoinfo:
Auflösungsdatum:
Kontoinhaber
Geburtsdatum
Seit
Bis
Krein Projektentwicklung GmbH
04.03.2024
Hauptstraße 25 38533 Vordorf Germany
Verfügungsberechtigte
Geburtsdatum
Seit
Bis
WILMAR KREIN
26.03.1978
04.03.2024
Hauptstraße 25 38533 Vordorf Germany
Wirtschaftlich Berechtigte
Seit
Bis
WILMAR KREIN
04.03.2024
Hauptstraße 25 38533 Vordorf Germany
Anfrage von Gerichtsvollzieher Rüngeling (G03556) zu AZ DR Il 8/26
Seite
15 von
16
<page_18>
Anlage zu GZ: St Il 4 - S 0229a KEVIZZ - 6194/26 (Bitte stets angeben)
Revolut Bank UAB, Zweigniederlassung Deutschland
BAK-Nr.: 161008
c/o FORA Linden Palais / Unter den Linden 40, 10117 Berlin
Trefferanzahl: 1
Kontonummer: DE14100101782146043154
Errichtungsdatum: 29.01.2025
Kontoinfo:
Auflösungsdatum:
Kontoinhaber
Geburtsdatum Seit
Bis
WILMAR KREIN
26.03.1978
29.01.2025
DE Vordorf 38533 Hauptstr. 25
Anfrage von Gerichtsvollzieher Rüngeling (G03556) zu AZ DR II 8/26
Seite
16 von
16
<page_19>
Rüngeling
GERICHTSVOLLZIEHER
beim Amtsgericht Gifhorn
Sprechzeiten Geschäftszimmer
Dienstkonto
Kontakt
Cardenap 7, 38518 Gifhorn
Zahlungsempfänger: Rüngeling
Telefon: 0151 53388449
Dienstag: 09:00 10:00 Uhr
DE94 2504 0066 0334 1609 00
Fax:
05371 897300
und
15:00 16:00 Uhr
COBADEFFXXX
E-Mail: ruengeling@gvzpost.de
Abs.: GV Rüngeling, Cardenap 7, 38518 Gifhorn
Pair Finance GmbH
Knesebeckstraße 62-63
10719 Berlin
Mein Zeichen
Ihr Zeichen
DR II 8/26
18798679555
Gifhorn, 05.01.2026
Bitte immer angeben!
Zwangsvollstreckungssache
E.ON Energie Deutschland GmbH, Arnulfstraße 203, 80634 München
vertr. d.
Pair Finance GmbH, Knesebeckstraße 62-63, 10719 Berlin
gegen
Herrn Wilmar Krein, Hauptstraße 29, 38533 Vordorf
Sehr geehrte Damen und Herren,
in vorstehender Zwangsvollstreckungssache haben Sie mich beauftragt Auskünfte Dritter gemäß § 8021 ZPO beim
Bundeszentralamt für Steuern einzuholen. Die mir übermittelten Daten sind beigefügt.
Ich weise Sie ausdrücklich darauf hin, dass die erlangten Daten nur zu Vollstreckungszwecken genutzt werden dürfen
und nach Zweckerreichung in dieser Sache zu löschen sind (§§ 8021 Abs. 3, 802d Abs. 1 ZPO). Die Weiterleitung
dieser Daten an Dritte ist unzulässig.
Nach Zweckerreichung sind erlangte Schuldnerdaten zu löschen.
Mit freundlichen Grüßen
(Rüngeling)
Gerichtsvollzieher
beim Amtsgericht Gifhorn
Seite 1 des Dokuments zu ""DR Il 8/26",False," Bundeszentralamt
für Steuern
POSTANSCHRIFT
Bundeszentralamt für Steuern, 11055 Berlin
HAUSANSCHRIFT
DGZ-Ring 12, 13086 Berlin
BEARBEITET VON
Gerichtsvollzieher Rüngeling
Cardenap 7
Steuerabteilung National
Kontenabrufverfahren
38518 Gifhorn
TEL
+49 (0) 2 28 40 6-3600
FAX
+49 (0) 2 28 40 6-4408
E-MAIL
kontenabruf@bzst.bund.de
INTERNET
www.bzst.bund.de
BETREFF
Kontenabrufersuchen nach §§ 93, 93b Abgabenordnung (AO)
BEZUG
Ihr Kontenabrufersuchen vom 02.01.2026 AZ: DR Il 8/26
ANLAGEN
1
GZ
St II 4 S 0229a KEVIZZ 6194/26
(bei Antwort bitte angeben)
DATUM
05.01.2026
Ihr oben genanntes Kontenabrufersuchen ist im Rahmen des automatisierten Abrufs von
Kontoinformationen bearbeitet worden. Die Ergebnisse dieses Abrufs entnehmen Sie bitte der
nachfolgenden Anlage.
Bitte beachten Sie
dass die Verantwortung für die Zulässigkeit des Datenabrufs und die Datenübermittlung die
ersuchende Behörde trägt (§ 93b Abs. 3 AO),
die Informations- und Dokumentationspflichten gemäß § 93 Abs. 9 und 10 AO sowie den
Anwendungserlass zur Abgabenordnung (AEAO),
dass die Kontenstammdaten in der Datei nach § 24c Kreditwesengesetz (KWG) durch die
beteiligten Kreditinstitute vorgehalten werden. Ich kann deshalb keine Haftung dafür
übernehmen, dass die im Rahmen des Kontenabrufs mitgeteilten Daten vollständig und
inhaltlich korrekt sind.
Zum Inhalt des Ergebnisses bemerke ich folgendes:
Aufgrund der gesetzlichen Vorgabe der Unterscheidungsmerkmale in den von den Kreditinstituten
zu führenden Dateien kann die Identität der gemeldeten Personen immer nur im Hinblick auf die
Merkmale Name und Geburtsdatum für die Kontoinhaber und Verfügungsberechtigten bzw. Name
und Anschrift für die abweichend wirtschaftlich Berechtigten festgestellt werden. Insofern muss das
übermittelte Abrufergebnis trotz Übereinstimmung des Namens und des Geburtsdatums nicht
zwingend mit der von Ihnen abgefragten Person identisch sein. Das gilt auch für
Firmenbezeichnungen. Die auf dem Kontenabrufersuchen gleichwohl anzugebende Anschrift des
Kontoinhabers oder des Verfügungsberechtigten wird nicht in die Abfrage einbezogen.
 Bundeszentralamt
für Steuern
Bei Rückfragen bitte ich Sie, zunächst die FAQ (häufige Fragen) zu beachten, die Sie auf der
Homepage des BZSt unter http://www.bzst.bund.de oder, sofern Sie für die Verwaltung der
Grundsicherung für Arbeitsuchende nach dem Zweiten Buch Sozialgesetzbuch zuständig sind, im
Intranet der Bundesagentur für Arbeit finden. Sie können sich aber auch an die oben angegebene
Telefonnummer wenden.
Hinweise zum Ergebnis Ihres Kontenabrufs
Das Ergebnis des für Sie durchgeführten Kontenabrufs wurde einer Plausibilitätsprüfung
(Stichprobe) unterzogen.
Falls das Ergebnis keine Treffer enthält oder Sie bereits bekannte Konten dort nicht finden, kann
dies mehrere Ursachen haben.
Ein Abruf von Kontenstammdaten bei der Kreditwirtschaft erfolgt mit den von Ihnen dafür
vorgegeben Personendaten. Welche Daten Sie für den Abruf vorgegeben haben, ersehen Sie an
dem fett gedruckten Eintrag im oberen Teil des Ergebnisausdrucks.
Bitte stellen Sie ggf. ein neues Kontenabrufersuchen, wenn Sie im Nachgang feststellen, dass die
von Ihnen verwendeten Daten unzutreffend oder unvollständig waren.
Für allgemeine fachliche Fragen wenden Sie sich bitte per E-Mail an den Fachbereich
(kontenabruf@bzst.bund.de).
Dieses Anschreiben wurde automatisch erstellt und ist ohne Unterschrift gültig.
 Anlage zu GZ: St II 4 - S 0229a KEVIZZ - 6194/26 (Bitte stets angeben)
Ergebnisse
zu der Anfrage von dem/der:
Gerichtsvollzieher Rüngeling
vom:
02.01.2026
Ihr AZ:
DR II 8/26
mit folgenden Anhaltsdaten:
Name:
Nachname:
Krein
Vorname:
Wilmar
Geburtsdatum:
26.03.1978
Kontonummer:
DEUTSCHE BANK AKTIENGESELLSCHAFT
BAK-Nr.: 100003
Taunusanlage 12, 60325 Frankfurt am Main
Trefferanzahl: 2
Kontonummer: DE16269710240019156900
Errichtungsdatum: 17.12.2007
Kontoinfo:
Auflösungsdatum:
Kontoinhaber
Geburtsdatum
Seit
Bis
Wilmar Krein
26.03.1978
12.04.2014
Hauptstr. 29, 38533 Vordorf
Kontonummer: DE70250700240201495943
Errichtungsdatum: 28.08.2024
Kontoinfo:
Auflösungsdatum:
Kontoinhaber
Geburtsdatum
Seit
Bis
Jens Wilhelm
18.08.1969
28.08.2024
02.07.2025
Hohenzollernstr. 53, 30161 Hannover
Jens Wilhelm
18.08.1969
02.07.2025
10.10.2025
Oskar-Winter-Str. 8, 30161 Hannover
Jens Wilhelm
18.08.1969
10.10.2025
Hohenzollernstr. 53, 30161 Hannover
Verfügungsberechtigte
Geburtsdatum
Seit
Bis
Katja Dorothea Hübe
22.02.1971
28.08.2024
Zum Buchengarten 26, 30453 Hannover
Björn von Gösseln
03.09.1969
28.08.2024
26.06.2025
Im Eichholz 73, 30657 Hannover
Claudia Luck
23.06.1984
28.08.2024
Reitbahn 15, 29221 Celle
Gerhard Wilhelm
15.02.1945
28.08.2024
Echterngrund 16A, 30657 Hannover
Björn von Gösseln
03.09.1969
26.06.2025
Im Eichholz 7, 30657 Hannover
Anfrage von Gerichtsvollzieher Rüngeling (G03556) zu AZ DR Il 8/26
Seite
1 von
16
 Anlage zu GZ: St Il 4 - S 0229a KEVIZZ 6194/26 (Bitte stets angeben)
Wirtschaftlich Berechtigte
Seit
Bis
Wilmar Krein
28.08.2024
Hauptstr. 25, 38533 Vordorf
Santander Consumer Bank Aktiengesellschaft
BAK-Nr.: 100181
Santander-Platz 1, 41061 Mönchengladbach
Trefferanzahl: 1
Kontonummer: DE58370206001541566300
Errichtungsdatum: 28.10.2019
Kontoinfo:
Auflösungsdatum:
Kontoinhaber
Geburtsdatum
Seit
Bis
Wilmar Krein
26.03.1978
24.11.2021
11.07.2023
Hauptstr. 29 38533 Vordorf
Wilmar Krein
26.03.1978
11.07.2023
Hauptstr. 25 38533 Vordorf
Deutsche Kreditbank Aktiengesellschaft
BAK-Nr.: 100215
Taubenstraße 7 9, 10117 Berlin
Trefferanzahl: 4
Kontonummer: DE07120300001070118169
Errichtungsdatum: 10.08.2020
Kontoinfo:
Auflösungsdatum:
Kontoinhaber
Geburtsdatum Seit
Bis
Wilmar Krein
26.03.1978
07.02.2022
Hauptstr. 25, 38533 Vordorf
Kontonummer: DE98120300001065427260
Errichtungsdatum: 09.08.2019
Kontoinfo:
Auflösungsdatum:
Kontoinhaber
Geburtsdatum Seit
Bis
Wilmar Krein
26.03.1978
07.02.2022
Hauptstr. 25, 38533 Vordorf
Kontonummer: DE82120300001070118177
Errichtungsdatum: 26.07.2022
Kontoinfo:
Auflösungsdatum:
Kontoinhaber
Geburtsdatum Seit
Bis
Wilmar Krein
26.03.1978
26.07.2022
Hauptstr. 25, 38533 Vordorf
Anfrage von Gerichtsvollzieher Rüngeling (G03556) zu AZ DR Il 8/26
Seite
2 von
16
 Anlage zu GZ: St Il 4 - S 0229a KEVIZZ 6194/26 (Bitte stets angeben)
Wirtschaftlich Berechtigte
Seit
Bis
Thorsten Arndt
24.10.2022
Schloßstr. 15, 38165 Lehre
Kontonummer: 4930000027249272
Errichtungsdatum: 12.08.2019
Kontoinfo:
Auflösungsdatum:
Kontoinhaber
Geburtsdatum Seit
Bis
Wilmar Krein
26.03.1978
08.02.2022
Hauptstr. 25, 38533 Vordorf
Norddeutsche Landesbank Girozentrale
BAK-Nr.: 100436
Friedrichswall 10, 30159 Hannover
Trefferanzahl: 2
Kontonummer: DE29250500000202496675
Errichtungsdatum: 14.10.2025
Kontoinfo:
Auflösungsdatum:
Kontoinhaber
Geburtsdatum Seit
Bis
Henning Gierk
22.05.1964
14.10.2025
Beethovenstr. 18, 37154 Northeim
Wirtschaftlich Berechtigte
Seit
Bis
Wilmar Krein
14.10.2025
Hauptstr. 29, 38533 Vordorf
Kontonummer: DE93250500000202496493
Errichtungsdatum: 13.10.2025
Kontoinfo:
Auflösungsdatum:
Kontoinhaber
Geburtsdatum Seit
Bis
Henning Gierk
22.05.1964
13.10.2025
Beethovenstr. 18, 37154 Northeim
Wirtschaftlich Berechtigte
Seit
Bis
Wilmar Krein
13.10.2025
Hauptstr. 29, 38533 Vordorf
Anfrage von Gerichtsvollzieher Rüngeling (G03556) zu AZ DR Il 8/26
Seite
3 von
16
 Anlage zu GZ: St Il 4 - S 0229a KEVIZZ 6194/26 (Bitte stets angeben)
Sparkasse Celle-Gifhorn-Wolfsburg
BAK-Nr.: 100732
Nordhoffstraße 1, 38518 Gifhorn
Trefferanzahl: 1
Kontonummer: DE92269513110011063609
Errichtungsdatum: 27.11.2008
Kontoinfo:
Auflösungsdatum:
Kontoinhaber
Geburtsdatum Seit
Bis
Wilandben-GbR
24.03.2014
Chemnitzer Str. 20, 38444 Wolfsburg
Verfügungsberechtigte
Geburtsdatum
Seit
Bis
Walter Krein
02.06.1955
04.10.2016
Chemnitzer Str. 20, 38444 Wolfsburg
Wilmar Krein
26.03.1978
05.12.2022
Hauptstr. 25, 38533 Vordorf
Harzsparkasse
BAK-Nr.: 101144
Gustav-Petri-Straße 8, 38855 Wernigerode
Trefferanzahl: 2
Kontonummer: DE85810520000901070645
Errichtungsdatum: 24.03.2020
Kontoinfo:
Auflösungsdatum:
Kontoinhaber
Geburtsdatum Seit
Bis
Hochzehn VV GmbH
12.05.2020
Hauptstr. 25, 38533 Vordorf
Verfügungsberechtigte
Geburtsdatum
Seit
Bis
Wilmar Krein
26.03.1978
13.05.2020
13.03.2023
Hauptstr. 29, 38533 Vordorf
Wilmar Krein
26.03.1978
13.03.2023
Hauptstr. 25, 38533 Vordorf
Wirtschaftlich Berechtigte
Seit
Bis
Wilmar Krein
24.03.2020
13.03.2023
Hauptstr. 29, 38533 Vordorf
Wilmar Krein
13.03.2023
.
Hauptstr. 25, 38533 Vordorf
Kontonummer: DE95810520000901067458
Errichtungsdatum: 04.10.2019
Kontoinfo:
Auflösungsdatum:
Kontoinhaber
Geburtsdatum
Seit
Bis
Wilmar Krein
26.03.1978
04.10.2019
13.03.2023
Hauptstr. 29, 38533 Vordorf
Anfrage von Gerichtsvollzieher Rüngeling (G03556) zu AZ DR Il 8/26
Seite
4 von
16
 Anlage zu GZ: St Il 4 S 0229a KEVIZZ 6194/26 (Bitte stets angeben)
Wilmar Krein
26.03.1978
13.03.2023
Hauptstr. 25, 38533 Vordorf
Volksbank eG
BAK-Nr.: 101710
Am Herzogtore 12, 38300 Wolfenbüttel, Niedersachs
Trefferanzahl: 10
Kontonummer: DE83270925555048539351
Errichtungsdatum: 03.11.2022
Kontoinfo:
Auflösungsdatum:
Kontoinhaber
Geburtsdatum Seit
Bis
Wilmar Krein
26.03.1978
03.11.2022
Hauptstr. 25 38533 Vordorf
Kontonummer: DE56270925555048539352
Errichtungsdatum: 03.11.2022
Kontoinfo:
Auflösungsdatum:
Kontoinhaber
Geburtsdatum Seit
Bis
Wilmar Krein
26.03.1978
03.11.2022
Hauptstr. 25 38533 Vordorf
Kontonummer: DE29270925555048539353
Errichtungsdatum: 03.11.2022
Kontoinfo:
Auflösungsdatum:
Kontoinhaber
Geburtsdatum Seit
Bis
Wilmar Krein
26.03.1978
03.11.2022
Hauptstr. 25 38533 Vordorf
Kontonummer: DE05270925555048539300
Errichtungsdatum: 30.09.2022
Kontoinfo:
Auflösungsdatum:
Kontoinhaber
Geburtsdatum Seit
Bis
Wilmar Krein
26.03.1978
04.10.2022
Hauptstr. 25 38533 Vordorf
Kontonummer: DE51270925555838686601
Errichtungsdatum: 06.10.2020
Kontoinfo:
Auflösungsdatum:
Kontoinhaber
Geburtsdatum Seit
Bis
Krein Projektentwicklung GmbH
06.10.2020
Hauptstr. 25 38533 Vordorf
Verfügungsberechtigte
Geburtsdatum
Seit
Bis
Wilmar Krein
26.03.1978
04.10.2022
Hauptstr. 25 38533 Vordorf
Anfrage von Gerichtsvollzieher Rüngeling (G03556) zu AZ DR II 8/26
Seite
5 von
16
 Anlage zu GZ: St Il 4 - S 0229a KEVIZZ - 6194/26 (Bitte stets angeben)
Wirtschaftlich Berechtigte
Seit
Bis
Wilmar Krein
04.10.2022
Hauptstr. 25 38533 Vordorf
Kontonummer: DE78270925555838686600
Errichtungsdatum: 23.03.2020
Kontoinfo:
Auflösungsdatum:
Kontoinhaber
Geburtsdatum Seit
Bis
Krein Projektentwicklung GmbH
20.05.2020
Hauptstr. 25 38533 Vordorf
Verfügungsberechtigte
Geburtsdatum
Seit
Bis
Wilmar Krein
26.03.1978
04.10.2022
Hauptstr. 25 38533 Vordorf
Wirtschaftlich Berechtigte
Seit
Bis
Wilmar Krein
04.10.2022
Hauptstr. 25 38533 Vordorf
Kontonummer: DE82270925555838693900
Errichtungsdatum: 19.03.2020
Kontoinfo:
Auflösungsdatum:
Kontoinhaber
Geburtsdatum Seit
Bis
Kazalux GmbH
03.06.2020
Hauptstraße 25 38533 Vordorf
Verfügungsberechtigte
Geburtsdatum
Seit
Bis
Wilmar Krein
26.03.1978
04.10.2022
Hauptstr. 25 38533 Vordorf
Wirtschaftlich Berechtigte
Seit
Bis
Wilmar Krein
04.10.2022
Hauptstr. 25 38533 Vordorf
Kontonummer: DE78270925555838676900
Errichtungsdatum: 19.03.2020
Kontoinfo:
Auflösungsdatum:
Kontoinhaber
Geburtsdatum
Seit
Bis
Hochzehn VV GmbH
19.05.2020
Hauptstr. 25 38533 Vordorf
Verfügungsberechtigte
Geburtsdatum
Seit
Bis
Wilmar Krein
26.03.1978
04.10.2022
Hauptstr. 25 38533 Vordorf
Anfrage von Gerichtsvollzieher Rüngeling (G03556) zu AZ DR Il 8/26
Seite
6 von
16
 Anlage zu GZ: St Il 4 - S 0229a KEVIZZ 6194/26 (Bitte stets angeben)
Wirtschaftlich Berechtigte
Seit
Bis
Wilmar Krein
04.10.2022
Hauptstr. 25 38533 Vordorf
Kontonummer: DE11270925555834866200
Errichtungsdatum: 06.11.2019
Kontoinfo:
Auflösungsdatum:
Kontoinhaber
Geburtsdatum Seit
Bis
WAK Holding GmbH
03.06.2020
Hauptstraße 25 38533 Vordorf
Verfügungsberechtigte
Geburtsdatum
Seit
Bis
Wilmar Krein
26.03.1978
04.10.2022
Hauptstr. 25 38533 Vordorf
Wirtschaftlich Berechtigte
Seit
Bis
Wilmar Krein
04.10.2022
Hauptstr. 25 38533 Vordorf
Kontonummer: DE13270925555048539350
Errichtungsdatum: 19.08.2019
Kontoinfo:
Auflösungsdatum:
Kontoinhaber
Geburtsdatum
Seit
Bis
Wilmar Krein
26.03.1978
04.10.2022
Hauptstr. 25 38533 Vordorf
Volksbank BRAWO eG
BAK-Nr.: 101711
Am Mühlengraben 1, 38440 Wolfsburg
Trefferanzahl: 3
Kontonummer: DE80269910661862014001
Errichtungsdatum: 11.09.2018
Kontoinfo:
Auflösungsdatum:
Kontoinhaber
Geburtsdatum
Seit
Bis
Laura Marie Krein
20.12.2009
16.06.2022
Hauptstr. 25 38533 Vordorf
Verfügungsberechtigte
Geburtsdatum
Seit
Bis
Anna-Theresia Krein
24.09.1981
16.06.2022
Hauptstr. 25 38533 Vordorf
Wilmar Krein
26.03.1978
08.06.2022
Hauptstr. 25 38533 Vordorf
Anfrage von Gerichtsvollzieher Rüngeling (G03556) zu AZ DR Il 8/26
Seite
7 von
16
 Anlage zu GZ: St Il 4 S 0229a KEVIZZ 6194/26 (Bitte stets angeben)
Kontonummer: DE62269910661862138000
Errichtungsdatum: 07.01.2015
Kontoinfo:
Auflösungsdatum:
Kontoinhaber
Geburtsdatum
Seit
Bis
Amelie Sophie Krein
04.04.2007
16.06.2022
Hauptstr. 25 38533 Vordorf
Verfügungsberechtigte
Geburtsdatum
Seit
Bis
Anna-Theresia Krein
24.09.1981
16.06.2022
04.04.2025
Hauptstr. 25 38533 Vordorf
Wilmar Krein
26.03.1978
08.06.2022
04.04.2025
Hauptstr. 25 38533 Vordorf
Kontonummer: DE10269910661862014000
Errichtungsdatum: 07.01.2015
Kontoinfo:
Auflösungsdatum:
Kontoinhaber
Geburtsdatum
Seit
Bis
Laura Marie Krein
20.12.2009
16.06.2022
Hauptstr. 25 38533 Vordorf
Verfügungsberechtigte
Geburtsdatum
Seit
Bis
Anna-Theresia Krein
24.09.1981
16.06.2022
Hauptstr. 25 38533 Vordorf
Wilmar Krein
26.03.1978
08.06.2022
Hauptstr. 25 38533 Vordorf
Bausparkasse Schwäbisch Hall Aktiengesellschaft Bausparkasse
BAK-Nr.: 105625
der Volksbanken und Raiffeisenbanken
Crailsheimer Straße 52, 74523 Schwäbisch Hall
Trefferanzahl: 1
Kontonummer: 2499798601
Errichtungsdatum: 18.03.2016
Kontoinfo:
Auflösungsdatum:
Kontoinhaber
Geburtsdatum
Seit
Bis
Anna-Theresia Krein
24.09.1981
16.09.2025
Campestr. 15 38302 Wolfenbüttel
Anna-Theresia Krein
24.09.1981
25.08.2023
16.09.2025
Alte Dorfstr. 23 38527 Meine
Anna-Theresia Krein
24.09.1981
28.04.2022
25.08.2023
Hauptstr. 25 38533 Vordorf
Wilmar Krein
26.03.1978
28.04.2022
Hauptstr. 25 38533 Vordorf
Anfrage von Gerichtsvollzieher Rüngeling (G03556) zu AZ DR Il 8/26
Seite
8 von
16
 Anlage zu GZ: St Il 4 - S 0229a KEVIZZ 6194/26 (Bitte stets angeben)
LBS Landesbausparkasse NordOst AG
BAK-Nr.: 108133
Am Luftschiffhafen 1, 14471 Potsdam
Trefferanzahl: 1
Kontonummer: 3022007847
Errichtungsdatum: 04.10.2019
Kontoinfo:
Auflösungsdatum:
Kontoinhaber
Geburtsdatum Seit
Bis
Wilmar Krein
26.03.1978
04.10.2019
15.03.2023
Hauptstr. 29, 38533 Vordorf DE
Wilmar Krein
26.03.1978
15.03.2023
Hauptstr. 25, 38533 Vordorf DE
BNP Paribas S.A. Niederlassung Deutschland
BAK-Nr.: 108556
Senckenberganlage 19, 60325 Frankfurt
Trefferanzahl: 5
Kontonummer: 49001375249001
Errichtungsdatum: 02.10.2023
Kontoinfo:
Auflösungsdatum:
Kontoinhaber
Geburtsdatum
Seit
Bis
WAK HOLDING GMBH
21.05.2025
HAUPTSTR. 25 38553 VORDORF
WAK HOLDING GMBH
07.11.2024
20.05.2025
HAUPTSTR. 25 38553 VORDORF
Wirtschaftlich Berechtigte
Seit
Bis
WILMAR KREIN
12.09.2025
HAUPTSTR. 29 38533 VORDORF
WILMAR KREIN
21.05.2025
12.09.2025
HAUPTSTR. 25 38533 VORDORF
WILMAR KREIN
07.11.2024 20.05.2025
HAUPTSTR. 25 38533 VORDORF
Kontonummer: 868749558
Errichtungsdatum: 07.06.2017
Kontoinfo:
Auflösungsdatum:
Kontoinhaber
Geburtsdatum
Seit
Bis
Laura Marie Krein
20.12.2009
07.06.2017
Hauptstr. 29 38533 Vordorf Bundesrep. Deutschland
Verfügungsberechtigte
Geburtsdatum
Seit
Bis
Anna-Theresia Krein
24.09.1981
08.07.2025
Alte Dorfstr. 23 38527 Meine Bundesrep. Deutschland
Wilmar Krein
26.03.1978
03.07.2023
Hauptstr. 25 38533 Vordorf Bundesrep. Deutschland
Anfrage von Gerichtsvollzieher Rüngeling (G03556) zu AZ DR Il 8/26
Seite
9 von
16
 Anlage zu GZ: St Il 4 - S 0229a KEVIZZ 6194/26 (Bitte stets angeben)
Anna-Theresia Krein
24.09.1981
07.06.2017
08.07.2025
Hauptstr. 29 38533 Vordorf Bundesrep. Deutschland
Wilmar Krein
26.03.1978
07.06.2017
03.07.2023
Hauptstr. 29 38533 Vordorf Bundesrep. Deutschland
Kontonummer: 868749534
Errichtungsdatum: 07.06.2017
Kontoinfo:
Auflösungsdatum:
Kontoinhaber
Geburtsdatum
Seit
Bis
Amelie Sophie Krein
04.04.2007
07.06.2017
11.12.2025
Hauptstr. 29 38533 Vordorf Bundesrep. Deutschland
Amelie Sophie Krein
04.04.2007
11.12.2025
Hauptstr. 25 38533 Vordorf Bundesrep. Deutschland
Verfügungsberechtigte
Geburtsdatum
Seit
Bis
Wilmar Krein
26.03.1978
03.07.2023
02.05.2025
Hauptstr. 25 38533 Vordorf Bundesrep. Deutschland
Anna-Theresia Krein
24.09.1981
07.06.2017
02.05.2025
Hauptstr. 29 38533 Vordorf Bundesrep. Deutschland
Wilmar Krein
26.03.1978
07.06.2017
03.07.2023
Hauptstr. 29 38533 Vordorf Bundesrep. Deutschland
Kontonummer: DE77760300800860749556
Errichtungsdatum: 07.06.2017
Kontoinfo:
Auflösungsdatum:
Kontoinhaber
Geburtsdatum
Seit
Bis
Laura Marie Krein
20.12.2009
07.06.2017
Hauptstr. 29 38533 Vordorf Bundesrep. Deutschland
Verfügungsberechtigte
Geburtsdatum
Seit
Bis
Anna-Theresia Krein
24.09.1981
08.07.2025
Alte Dorfstr. 23 38527 Meine Bundesrep. Deutschland
Wilmar Krein
26.03.1978
03.07.2023
Hauptstr. 25 38533 Vordorf Bundesrep. Deutschland
Anna-Theresia Krein
24.09.1981
07.06.2017
08.07.2025
Hauptstr. 29 38533 Vordorf Bundesrep. Deutschland
Wilmar Krein
26.03.1978
07.06.2017
03.07.2023
Hauptstr. 29 38533 Vordorf Bundesrep. Deutschland
Kontonummer: DE46760300800860749532
Errichtungsdatum: 07.06.2017
Kontoinfo:
Auflösungsdatum:
Kontoinhaber
Geburtsdatum
Seit
Bis
Amelie Sophie Krein
04.04.2007
07.06.2017
11.12.2025
Hauptstr. 29 38533 Vordorf Bundesrep. Deutschland
Amelie Sophie Krein
04.04.2007
11.12.2025
Hauptstr. 25 38533 Vordorf Bundesrep. Deutschland
Anfrage von Gerichtsvollzieher Rüngeling (G03556) zu AZ DR Il 8/26
Seite
10 von
16
 Anlage zu GZ: St Il 4 - S 0229a KEVIZZ 6194/26 (Bitte stets angeben)
Verfügungsberechtigte
Geburtsdatum Seit
Bis
Wilmar Krein
26.03.1978
03.07.2023
02.05.2025
Hauptstr. 25 38533 Vordorf Bundesrep. Deutschland
Anna-Theresia Krein
24.09.1981
07.06.2017
02.05.2025
Hauptstr. 29 38533 Vordorf Bundesrep. Deutschland
Wilmar Krein
26.03.1978
07.06.2017
03.07.2023
Hauptstr. 29 38533 Vordorf Bundesrep. Deutschland
LBS Landesbausparkasse NordWest
BAK-Nr.: 118635
Himmelreichallee 40, 48149 Münster, Westf
Trefferanzahl: 1
Kontonummer: 3024954616
Errichtungsdatum: 06.03.2020
Kontoinfo:
Auflösungsdatum:
Kontoinhaber
Geburtsdatum
Seit
Bis
Wilmar Krein
26.03.1978
27.09.2021
Hauptstr. 29, 38533 Vordorf DE
Solaris SE
BAK-Nr.: 143626
Cuvrystraße 53, 10997 Berlin
Trefferanzahl: 1
Kontonummer: DE49110101002742636248
Errichtungsdatum: 08.08.2019
Kontoinfo:
Auflösungsdatum:
Kontoinhaber
Geburtsdatum
Seit
Bis
WILMAR KREIN
26.03.1978
15.06.2021
01.09.2023
Hauptstrasse 29 38533 Vordorf DE
WILMAR KREIN
26.03.1978
01.09.2023
Hauptstrasse 25 38533 Vordorf DE
Trade Republic Bank GmbH
BAK-Nr.: 150368
Brunnenstraße 19 21, 10119 Berlin
Trefferanzahl: 2
Kontonummer: 0594140101
Errichtungsdatum: 09.05.2022
Kontoinfo:
Auflösungsdatum:
Kontoinhaber
Geburtsdatum Seit
Bis
Wilmar Krein
26.03.1978
09.05.2022
Hauptstraße 25, 38533 Vordorf DE
Anfrage von Gerichtsvollzieher Rüngeling (G03556) zu AZ DR Il 8/26
Seite
11 von
16
 Anlage zu GZ: St Il 4 - S 0229a KEVIZZ - 6194/26 (Bitte stets angeben)
Kontonummer: DE78100123450594140101
Errichtungsdatum: 29.06.2024
Kontoinfo:
Auflösungsdatum:
Kontoinhaber
Geburtsdatum
Seit
Bis
Wilmar Krein
26.03.1978
29.06.2024
Hauptstraße 25, 38533 Vordorf DE
OLINDA Zweigniederlassung Deutschland
BAK-Nr.: 156946
Warschauer Platz 11 13, 10245 Berlin
Trefferanzahl: 9
Kontonummer: DE78100101238636614233
Errichtungsdatum: 26.01.2023
Kontoinfo:
Auflösungsdatum:
Kontoinhaber
Geburtsdatum
Seit
Bis
Krein Projektentwicklung GmbH
26.01.2023
Hauptstraße 25 38533 Vordorf Germany
Verfügungsberechtigte
Geburtsdatum
Seit
Bis
Egor Klein
13.12.1988
01.03.2024
01.11.2024
Zwickauerstrasse 11 38444 Wolfsburg Germany
WILMAR KREIN
26.03.1978
26.01.2023
Hauptstraße 25 38533 Vordorf Germany
Wirtschaftlich Berechtigte
Seit
Bis
WILMAR KREIN
26.01.2023
Hauptstraße 25 38533 Vordorf Germany
Kontonummer: DE49100101238584506161
Errichtungsdatum: 07.08.2024
Kontoinfo:
Auflösungsdatum:
Kontoinhaber
Geburtsdatum
Seit
Bis
WAK Holding GmbH
07.08.2024
Hauptstraße 25 38533 Vordorf Germany
Verfügungsberechtigte
Geburtsdatum
Seit
Bis
WILMAR KREIN
26.03.1978
07.08.2024
Hauptstraße 25 38533 Vordorf Germany
Wirtschaftlich Berechtigte
Seit
Bis
WILMAR KREIN
07.08.2024
Hauptstraße 25 38533 Vordorf Germany
Anfrage von Gerichtsvollzieher Rüngeling (G03556) zu AZ DR Il 8/26
Seite
12 von
16
 Anlage zu GZ: St Il 4 - S 0229a KEVIZZ - 6194/26 (Bitte stets angeben)
Kontonummer: DE74100101232161072106
Errichtungsdatum: 20.02.2025
Kontoinfo:
Auflösungsdatum:
Kontoinhaber
Geburtsdatum
Seit
Bis
KKW Elektro GmbH
20.02.2025
Calberlaher Straße 16 38547 Calberlah oT Edesbüttel
Germany
Verfügungsberechtigte
Geburtsdatum
Seit
Bis
Egor Klein
13.12.1988
24.02.2025
23.05.2025
Zwickauerstrasse 11 38444 Wolfsburg Germany
EGOR KLEIN
13.12.1988
23.05.2025
07.07.2025
Zwickauerstrasse 11 38444 Wolfsburg Germany
WILMAR KREIN
26.03.1978
20.02.2025
Hauptstraße 25 38533 Vordorf Germany
Wirtschaftlich Berechtigte
Seit
Bis
WILMAR KREIN
26.02.2025
Hauptstraße 25 38533 Vordorf Germany
Egor Klein
24.02.2025
Zwickauer Str. 11 38444 Wolfsburg Germany
Kontonummer: DE94100101238962520947
Errichtungsdatum: 20.02.2025
Kontoinfo:
Auflösungsdatum:
Kontoinhaber
Geburtsdatum
Seit
Bis
KKW Elektro GmbH
20.02.2025
Calberlaher Straße 16 38547 Calberlah oT Edesbüttel
Germany
Verfügungsberechtigte
Geburtsdatum
Seit
Bis
Egor Klein
13.12.1988
24.02.2025
23.05.2025
Zwickauerstrasse 11 38444 Wolfsburg Germany
EGOR KLEIN
13.12.1988
23.05.2025
07.07.2025
Zwickauerstrasse 11 38444 Wolfsburg Germany
WILMAR KREIN
26.03.1978
20.02.2025
Hauptstraße 25 38533 Vordorf Germany
Wirtschaftlich Berechtigte
Seit
Bis
WILMAR KREIN
26.02.2025
Hauptstraße 25 38533 Vordorf Germany
Egor Klein
24.02.2025
Zwickauer Str. 11 38444 Wolfsburg Germany
Anfrage von Gerichtsvollzieher Rüngeling (G03556) zu AZ DR II 8/26
Seite
13 von
16
 Anlage zu GZ: St Il 4 - S 0229a KEVIZZ - 6194/26 (Bitte stets angeben)
Kontonummer: DE50100101231147937317
Errichtungsdatum: 20.02.2025
Kontoinfo:
Auflösungsdatum:
Kontoinhaber
Geburtsdatum
Seit
Bis
KKW Elektro GmbH
20.02.2025
Calberlaher Straße 16 38547 Calberlah oT Edesbüttel
Germany
Verfügungsberechtigte
Geburtsdatum
Seit
Bis
Egor Klein
13.12.1988
24.02.2025
23.05.2025
Zwickauerstrasse 11 38444 Wolfsburg Germany
EGOR KLEIN
13.12.1988
23.05.2025
07.07.2025
Zwickauerstrasse 11 38444 Wolfsburg Germany
WILMAR KREIN
26.03.1978
20.02.2025
Hauptstraße 25 38533 Vordorf Germany
Wirtschaftlich Berechtigte
Seit
Bis
WILMAR KREIN
26.02.2025
Hauptstraße 25 38533 Vordorf Germany
Egor Klein
24.02.2025
Zwickauer Str. 11 38444 Wolfsburg Germany
Kontonummer: DE39100101234122801706
Errichtungsdatum: 06.03.2025
Kontoinfo:
Auflösungsdatum:
Kontoinhaber
Geburtsdatum
Seit
Bis
KKW Elektro GmbH
06.03.2025
Calberlaher Straße 16 38547 Calberlah oT Edesbüttel
Germany
Verfügungsberechtigte
Geburtsdatum
Seit
Bis
Egor Klein
13.12.1988
06.03.2025
23.05.2025
Zwickauerstrasse 11 38444 Wolfsburg Germany
EGOR KLEIN
13.12.1988
23.05.2025
07.07.2025
Zwickauerstrasse 11 38444 Wolfsburg Germany
WILMAR KREIN
26.03.1978
06.03.2025
Hauptstraße 25 38533 Vordorf Germany
Wirtschaftlich Berechtigte
Seit
Bis
WILMAR KREIN
06.03.2025
Hauptstraße 25 38533 Vordorf Germany
Egor Klein
06.03.2025
Zwickauer Str. 11 38444 Wolfsburg Germany
Anfrage von Gerichtsvollzieher Rüngeling (G03556) zu AZ DR II 8/26
Seite
14 von
16
 Anlage zu GZ: St Il 4 S 0229a KEVIZZ 6194/26 (Bitte stets angeben)
Kontonummer: DE84100101234632685858
Errichtungsdatum: 25.03.2025
Kontoinfo:
Auflösungsdatum:
Kontoinhaber
Geburtsdatum
Seit
Bis
Kazalux GmbH
25.03.2025
Hauptstraße 25 38533 Vordorf Germany
Verfügungsberechtigte
Geburtsdatum
Seit
Bis
WILMAR KREIN
26.03.1978
25.03.2025
Hauptstraße 25 38533 Vordorf Germany
Wirtschaftlich Berechtigte
Seit
Bis
WILMAR KREIN
25.03.2025
Hauptstraße 25 38533 Vordorf Germany
Kontonummer: DE77100101237971924370
Errichtungsdatum: 04.03.2024
Kontoinfo:
Auflösungsdatum:
Kontoinhaber
Geburtsdatum
Seit
Bis
Krein Projektentwicklung GmbH
04.03.2024
Hauptstraße 25 38533 Vordorf Germany
Verfügungsberechtigte
Geburtsdatum
Seit
Bis
WILMAR KREIN
26.03.1978
04.03.2024
Hauptstraße 25 38533 Vordorf Germany
Wirtschaftlich Berechtigte
Seit
Bis
WILMAR KREIN
04.03.2024
Hauptstraße 25 38533 Vordorf Germany
Kontonummer: DE90100101232963133681
Errichtungsdatum: 04.03.2024
Kontoinfo:
Auflösungsdatum:
Kontoinhaber
Geburtsdatum
Seit
Bis
Krein Projektentwicklung GmbH
04.03.2024
Hauptstraße 25 38533 Vordorf Germany
Verfügungsberechtigte
Geburtsdatum
Seit
Bis
WILMAR KREIN
26.03.1978
04.03.2024
Hauptstraße 25 38533 Vordorf Germany
Wirtschaftlich Berechtigte
Seit
Bis
WILMAR KREIN
04.03.2024
Hauptstraße 25 38533 Vordorf Germany
Anfrage von Gerichtsvollzieher Rüngeling (G03556) zu AZ DR Il 8/26
Seite
15 von
16
 Anlage zu GZ: St Il 4 - S 0229a KEVIZZ - 6194/26 (Bitte stets angeben)
Revolut Bank UAB, Zweigniederlassung Deutschland
BAK-Nr.: 161008
c/o FORA Linden Palais / Unter den Linden 40, 10117 Berlin
Trefferanzahl: 1
Kontonummer: DE14100101782146043154
Errichtungsdatum: 29.01.2025
Kontoinfo:
Auflösungsdatum:
Kontoinhaber
Geburtsdatum Seit
Bis
WILMAR KREIN
26.03.1978
29.01.2025
DE Vordorf 38533 Hauptstr. 25
Anfrage von Gerichtsvollzieher Rüngeling (G03556) zu AZ DR II 8/26
Seite
16 von
16
 Rüngeling
GERICHTSVOLLZIEHER
beim Amtsgericht Gifhorn
Sprechzeiten Geschäftszimmer
Dienstkonto
Kontakt
Cardenap 7, 38518 Gifhorn
Zahlungsempfänger: Rüngeling
Telefon: 0151 53388449
Dienstag: 09:00 10:00 Uhr
DE94 2504 0066 0334 1609 00
Fax:
05371 897300
und
15:00 16:00 Uhr
COBADEFFXXX
E-Mail: ruengeling@gvzpost.de
Abs.: GV Rüngeling, Cardenap 7, 38518 Gifhorn
Pair Finance GmbH
Knesebeckstraße 62-63
10719 Berlin
Mein Zeichen
Ihr Zeichen
DR II 8/26
18798679555
Gifhorn, 05.01.2026
Bitte immer angeben!
Zwangsvollstreckungssache
E.ON Energie Deutschland GmbH, Arnulfstraße 203, 80634 München
vertr. d.
Pair Finance GmbH, Knesebeckstraße 62-63, 10719 Berlin
gegen
Herrn Wilmar Krein, Hauptstraße 29, 38533 Vordorf
Sehr geehrte Damen und Herren,
in vorstehender Zwangsvollstreckungssache haben Sie mich beauftragt Auskünfte Dritter gemäß § 8021 ZPO beim
Bundeszentralamt für Steuern einzuholen. Die mir übermittelten Daten sind beigefügt.
Ich weise Sie ausdrücklich darauf hin, dass die erlangten Daten nur zu Vollstreckungszwecken genutzt werden dürfen
und nach Zweckerreichung in dieser Sache zu löschen sind (§§ 8021 Abs. 3, 802d Abs. 1 ZPO). Die Weiterleitung
dieser Daten an Dritte ist unzulässig.
Nach Zweckerreichung sind erlangte Schuldnerdaten zu löschen.
Mit freundlichen Grüßen
(Rüngeling)
Gerichtsvollzieher
beim Amtsgericht Gifhorn
Seite 1 des Dokuments zu ""DR Il 8/26",drittauskunft,False,False,43d92153-88ce-58b5-96cc-67b1f4c902dc,55d76158-1190-5c2c-b58a-fa2252117f16,d2a52b5ed580d39427974c22e0db6e655a59b07917ff1237a1f818699cf123fc,s3://pair-data-engineering-new/ocr_prepared_output/d2a52b5ed580d39427974c22e0db6e655a59b07917ff1237a1f818699cf123fc.json
data/aftercourt/drittauskunft_without_invoice/dokumente_124425_16122025_101226-signed20251217-312-5sjekx.pdf,"<page_1>
Marion Kruska
Lilly-Reich-Str. 5
Obergerichtsvollzieherin
31137 Hildesheim
E-Mail: gv.kruska@gmx.net
Sprechstunden:
Mi 13-14 h
Fr 8-9 h
Telefon 0152/53353626
EGVP-Nutzer-ID für ERV:
Abs. OGV M. Kruska, Lilly-Reich-Str. 5, 31137 Hildesheim
DE.Justiz.ebe9efaa-3f2e-4d06-84c6-
PAIR Finance GmbH
7cd956ef58bb.1fd8
Knesebeckstraße 62-63
Dienstkonto:
10623 Berlin oT Charlottenburg
IBAN: DE32 2504 0066 0303 3230 00
BIC: COBADEFFXXX
Commerzbank Hannover
10 DR II 1244/25
Bitte bei allen Schreiben
und Zahlungen angeben!
172716211112
Hildesheim, 16.12.2025
Zwangsvollstreckungssache
N26 Bank SE, Voltairestraße 8, 10179 Berlin oT Mitte
vertreten durch: PAIR Finance GmbH, Knesebeckstraße 62-63, 10623 Berlin oT Charlottenburg, Az.172716211112
gegen
Herrn Sebastian Beier, Mahnhof 1, 31177 Harsum
Sehr geehrte Damen und Herren,
anliegend erhalten Sie wie von Ihnen beantragt:
Auskunft vom Bundeszentralamt für Steuern
Daten, die für die Zwecke der Vollstreckung nicht erforderlich sind, wurden aus der Auskunft entfernt.
Die erlangten Angaben dürfen nur zu Vollstreckungszwecken verwendet werden. Nach Zweckerreichung
(insbesondere bei vollständiger Zahlung) sind die Daten zu löschen.
Ihre Vollstreckungsunterlagen habe ich diesem Schreiben beigefügt.
Mit freundlichen Grüßen
BEI
HEHER
ANTINGERICTY
22
Kruska
Obergerichtsvollzieherin
beim Amtsgericht Hildesheim
Gem. Art. 13 der Verordnung (EU) 2016/679 des Europäischen Parlaments und des Rates vom 27.04.2016 (Datenschutz-Grundverordnung) wird darauf hingewiesen,
dass personenbezogene Daten zum Zwecke der Durchführung des Verfahrens vor dem Gerichtsvollzieher erhoben und verarbeitet werden. Es besteht sowohl das
Recht auf Auskunft seitens des Gerichtsvollziehers über diese personenbezogenen Daten, sowie auch auf Berichtigung oder ggf. Löschung.
<page_2>
Anlage zu GZ: St Il 4 S 0229a KEVIZZ 2887259/25 (Bitte stets angeben)
Ergebnisse
zu der Anfrage von dem/der:
Gerichtsvollzieherin
Marion Kruska
vom:
10.12.2025
Ihr AZ:
DR II 1244/25
mit folgenden Anhaltsdaten:
Name:
Nachname:
Beier
Vorname:
Sebastian
Geburtsdatum:
03.05.1982
Kontonummer:
DEUTSCHE BANK AKTIENGESELLSCHAFT
BAK-Nr.: 100003
Taunusanlage 12, 60325 Frankfurt am Main
Trefferanzahl: 1
Kontonummer: DE42270703240776344460
Errichtungsdatum: 03.01.2011
Kontoinfo:
Auflösungsdatum:
Kontoinhaber
Geburtsdatum
Seit
Bis
Felix Busche
26.06.2010
03.04.2023
Am Billingsborn 12a, 37574 Einbeck
Verfügungsberechtigte
Geburtsdatum
Seit
Bis
Jacqueline Angelika Busche
03.11.1989
03.04.2023
Im Krugfeld 29, 31137 Hildesheim
Sebastian Beier
03.05.1982
03.04.2023
Galgenbergsfeld 13, 31135 Hildesheim
Volksbank eG
BAK-Nr.: 101687
Kennedydamm 10, 31134 Hildesheim
Trefferanzahl: 1
Kontonummer: DE89251933310003043000
Errichtungsdatum: 28.02.2001
Kontoinfo:
Auflösungsdatum:
Kontoinhaber
Geburtsdatum
Seit
Bis
Förderverein Kindergarten St. Vincenz e.V.
08.04.2021
10.09.2024
Ährenkamp 13 31177 Harsum
Förderverein Kindergarten St. Vincenz e.V.
10.09.2024
Zur Zuckerfabrik 14 31177 Harsum
Anfrage von Gerichtsvollzieherin
Seite
1 von
2
Marion Kruska (G03522) zu AZ DR Il 1244/25
<page_3>
Anlage zu GZ: St Il 4 - S 0229a KEVIZZ 2887259/25 (Bitte stets angeben)
Verfügungsberechtigte
Geburtsdatum Seit
Bis
Athanassios Dr. Pitsoulis
03.03.1973
10.09.2024
Kreuzacker 37 31177 Harsum
Sebastian Beier
03.05.1982
10.09.2024
Mahnhof 1 31177 Harsum
Katharina Agnes Spetzler
25.08.1980
10.09.2024
Zur Zuckerfabrik 14 31177 Harsum
Nancy Kreye
05.03.1979
21.08.2018
10.09.2024
Weststr. 6 31177 Harsum
Florian Alexander Metzner
25.09.1984
21.08.2018
10.09.2024
Ährenkamp 13 31177 Harsum
André Leschnewski
15.03.1985
18.10.2021
10.09.2024
Adolf-Kolping-Str. 6 31177 Harsum
Wirtschaftlich Berechtigte
Seit
Bis
Nancy Kreye
21.08.2018
10.09.2024
Weststr. 6 31177 Harsum
Florian Alexander Metzner
07.10.2019
10.09.2024
Ährenkamp 13 31177 Harsum
Athanassios Dr. Pitsoulis
09.10.2024
Kreuzacker 37 31177 Harsum
Katharina Agnes Spetzler
09.10.2024
Zur Zuckerfabrik 14 31177 Harsum
Solaris SE
BAK-Nr.: 143626
Cuvrystraße 53, 10997 Berlin
Trefferanzahl: 1
Kontonummer: DE49110101015466689721
Errichtungsdatum: 25.05.2022
Kontoinfo:
Auflösungsdatum:
Kontoinhaber
Geburtsdatum Seit
Bis
SEBASTIAN BEIER
03.05.1982
08.06.2022
Mahnhof 1 31177 Harsum DE
Dokument unterschrieben
von: Kruska, Marion
am: 16.12.2025 10:12
Anfrage von Gerichtsvollzieherin
Marion Kruska (G03522) zu AZ DR Il 1244/25",False," Marion Kruska
Lilly-Reich-Str. 5
Obergerichtsvollzieherin
31137 Hildesheim
E-Mail: gv.kruska@gmx.net
Sprechstunden:
Mi 13-14 h
Fr 8-9 h
Telefon 0152/53353626
EGVP-Nutzer-ID für ERV:
Abs. OGV M. Kruska, Lilly-Reich-Str. 5, 31137 Hildesheim
DE.Justiz.ebe9efaa-3f2e-4d06-84c6-
PAIR Finance GmbH
7cd956ef58bb.1fd8
Knesebeckstraße 62-63
Dienstkonto:
10623 Berlin oT Charlottenburg
IBAN: DE32 2504 0066 0303 3230 00
BIC: COBADEFFXXX
Commerzbank Hannover
10 DR II 1244/25
Bitte bei allen Schreiben
und Zahlungen angeben!
172716211112
Hildesheim, 16.12.2025
Zwangsvollstreckungssache
N26 Bank SE, Voltairestraße 8, 10179 Berlin oT Mitte
vertreten durch: PAIR Finance GmbH, Knesebeckstraße 62-63, 10623 Berlin oT Charlottenburg, Az.172716211112
gegen
Herrn Sebastian Beier, Mahnhof 1, 31177 Harsum
Sehr geehrte Damen und Herren,
anliegend erhalten Sie wie von Ihnen beantragt:
Auskunft vom Bundeszentralamt für Steuern
Daten, die für die Zwecke der Vollstreckung nicht erforderlich sind, wurden aus der Auskunft entfernt.
Die erlangten Angaben dürfen nur zu Vollstreckungszwecken verwendet werden. Nach Zweckerreichung
(insbesondere bei vollständiger Zahlung) sind die Daten zu löschen.
Ihre Vollstreckungsunterlagen habe ich diesem Schreiben beigefügt.
Mit freundlichen Grüßen
BEI
HEHER
ANTINGERICTY
22
Kruska
Obergerichtsvollzieherin
beim Amtsgericht Hildesheim
Gem. Art. 13 der Verordnung (EU) 2016/679 des Europäischen Parlaments und des Rates vom 27.04.2016 (Datenschutz-Grundverordnung) wird darauf hingewiesen,
dass personenbezogene Daten zum Zwecke der Durchführung des Verfahrens vor dem Gerichtsvollzieher erhoben und verarbeitet werden. Es besteht sowohl das
Recht auf Auskunft seitens des Gerichtsvollziehers über diese personenbezogenen Daten, sowie auch auf Berichtigung oder ggf. Löschung.
 Anlage zu GZ: St Il 4 S 0229a KEVIZZ 2887259/25 (Bitte stets angeben)
Ergebnisse
zu der Anfrage von dem/der:
Gerichtsvollzieherin
Marion Kruska
vom:
10.12.2025
Ihr AZ:
DR II 1244/25
mit folgenden Anhaltsdaten:
Name:
Nachname:
Beier
Vorname:
Sebastian
Geburtsdatum:
03.05.1982
Kontonummer:
DEUTSCHE BANK AKTIENGESELLSCHAFT
BAK-Nr.: 100003
Taunusanlage 12, 60325 Frankfurt am Main
Trefferanzahl: 1
Kontonummer: DE42270703240776344460
Errichtungsdatum: 03.01.2011
Kontoinfo:
Auflösungsdatum:
Kontoinhaber
Geburtsdatum
Seit
Bis
Felix Busche
26.06.2010
03.04.2023
Am Billingsborn 12a, 37574 Einbeck
Verfügungsberechtigte
Geburtsdatum
Seit
Bis
Jacqueline Angelika Busche
03.11.1989
03.04.2023
Im Krugfeld 29, 31137 Hildesheim
Sebastian Beier
03.05.1982
03.04.2023
Galgenbergsfeld 13, 31135 Hildesheim
Volksbank eG
BAK-Nr.: 101687
Kennedydamm 10, 31134 Hildesheim
Trefferanzahl: 1
Kontonummer: DE89251933310003043000
Errichtungsdatum: 28.02.2001
Kontoinfo:
Auflösungsdatum:
Kontoinhaber
Geburtsdatum
Seit
Bis
Förderverein Kindergarten St. Vincenz e.V.
08.04.2021
10.09.2024
Ährenkamp 13 31177 Harsum
Förderverein Kindergarten St. Vincenz e.V.
10.09.2024
Zur Zuckerfabrik 14 31177 Harsum
Anfrage von Gerichtsvollzieherin
Seite
1 von
2
Marion Kruska (G03522) zu AZ DR Il 1244/25
 Anlage zu GZ: St Il 4 - S 0229a KEVIZZ 2887259/25 (Bitte stets angeben)
Verfügungsberechtigte
Geburtsdatum Seit
Bis
Athanassios Dr. Pitsoulis
03.03.1973
10.09.2024
Kreuzacker 37 31177 Harsum
Sebastian Beier
03.05.1982
10.09.2024
Mahnhof 1 31177 Harsum
Katharina Agnes Spetzler
25.08.1980
10.09.2024
Zur Zuckerfabrik 14 31177 Harsum
Nancy Kreye
05.03.1979
21.08.2018
10.09.2024
Weststr. 6 31177 Harsum
Florian Alexander Metzner
25.09.1984
21.08.2018
10.09.2024
Ährenkamp 13 31177 Harsum
André Leschnewski
15.03.1985
18.10.2021
10.09.2024
Adolf-Kolping-Str. 6 31177 Harsum
Wirtschaftlich Berechtigte
Seit
Bis
Nancy Kreye
21.08.2018
10.09.2024
Weststr. 6 31177 Harsum
Florian Alexander Metzner
07.10.2019
10.09.2024
Ährenkamp 13 31177 Harsum
Athanassios Dr. Pitsoulis
09.10.2024
Kreuzacker 37 31177 Harsum
Katharina Agnes Spetzler
09.10.2024
Zur Zuckerfabrik 14 31177 Harsum
Solaris SE
BAK-Nr.: 143626
Cuvrystraße 53, 10997 Berlin
Trefferanzahl: 1
Kontonummer: DE49110101015466689721
Errichtungsdatum: 25.05.2022
Kontoinfo:
Auflösungsdatum:
Kontoinhaber
Geburtsdatum Seit
Bis
SEBASTIAN BEIER
03.05.1982
08.06.2022
Mahnhof 1 31177 Harsum DE
Dokument unterschrieben
von: Kruska, Marion
am: 16.12.2025 10:12
Anfrage von Gerichtsvollzieherin
Marion Kruska (G03522) zu AZ DR Il 1244/25",drittauskunft,False,False,75d73218-6ac8-5f94-a8f1-9f6a122380f2,c312e6ec-6dae-5678-a3b5-b1d44c83af27,c6242bd1d2b93a40afd2545cd44978efa7725779657e5c50be4469a8f2ebd471,s3://pair-data-engineering-new/ocr_prepared_output/c6242bd1d2b93a40afd2545cd44978efa7725779657e5c50be4469a8f2ebd471.json
data/aftercourt/drittauskunft_without_invoice/0_sammel120251218-312-15w5rjs.pdf,"<page_1>
Amtsgericht Mülheim-Ruhr
Obergerichtsvollzieher
Jörg Brands
Tinkrathstr. 39
45472 Mülheim
OGV Jörg Brands, Tinkrathstr. 39, 45472 Mülheim
Inkassounternehmen
PAIR Finance GmbH
vertr. d.d. Geschäftsführer
Knesebeckst. 62-63
10719 Berlin
Mein Zeichen
Ihr Zeichen
DR II 1896/25
179607619170
Mülheim, 17.12.2025
Bitte immer angeben!
Zwangsvollstreckungssache
Firma Liquandum Capital II GmbH, Knesebeckstrasse 62-63, 10719 Berlin
vertr. d.
Inkassounternehmen PAIR Finance GmbH, Knesebeckst. 62-63, 10719 Berlin
gegen
Frau Isabelle Hunger, Auf dem Bruch 117, 45475 Mülheim
Sehr geehrte Damen und Herren,
in o.g. Sache haben Sie mich beauftragt, eine Drittauskunft nach § 8021 ZPO beim Bundeszentralamt für Steuern
einzuholen.
Das Ergebnis teile ich Ihnen unter Übersendung einer Kopie der entsprechenden Stellen mit.
Ich weise Sie ausdrücklich darauf hin, dass die erlangten Daten nur zu Vollstreckungszwecken genutzt werden dürfen
und nach Zweckerreichung in dieser Sache zu löschen sind (§§ 802 Abs. 3, 802 d Abs. 1 ZPO). Die Weiterleitung
dieser Daten an Dritte ist unzulässig.
Mit freundlichen Grüßen
(Jörg Brands)
Obergerichtsvollzieher
beim Amtsgericht Mülheim-Ruhr
Kommunikation
Dienstkonto
Sprechstunden
Hinweis:
Postanschrift:
Commerzbank AG
Dienstag: 13.00 bis 14.00 Uhr
Informationen zur Verarbeitung
Tinkrathstrasse 39,45472 Mülheim
IBAN: DE77362800710320802301
Donnerstag: 09.00 bis 10.00 Uhr
personenbezogener Daten in
Telefon: (0208) 4434193
BIC: BIC DRESDEFF362
Rechtssachen durch die Justiz
Telefax: (0208) 4434192
Kontoinhaber: Jörg Brands
in NRW finden Sie unter www.
Bei Überweisungen nur Konto-
justiz.de/datenschutz/rechtssachen
inhaber ohne Zussatz angeben.
<page_2>
Bundeszentralamt
für Steuern
POSTANSCHRIFT
Bundeszentralamt für Steuern, 11055 Berlin
HAUSANSCHRIFT
DGZ-Ring 12, 13086 Berlin
BEARBEITET VON
Obergerichtsvollzieher
Jörg Brands
Steuerabteilung National
Kontenabrufverfahren
Tinkrathstraße 39
TEL
+49 (0) 2 28 40 6-3600
45472 Mülheim
FAX
+49 (0) 2 28 40 6-4408
E-MAIL
kontenabruf@bzst.bund.de
INTERNET
www.bzst.bund.de
BETREFF
Kontenabrufersuchen nach §§ 93, 93b Abgabenordnung (AO)
BEZUG
Ihr Kontenabrufersuchen vom 15.12.2025 AZ: DR Il 1896/25
ANLAGEN
1
GZ
St II 4 S 0229a KEVIZZ 2916372/25
(bei Antwort bitte angeben)
DATUM
15.12.2025
Ihr oben genanntes Kontenabrufersuchen ist im Rahmen des automatisierten Abrufs von
Kontoinformationen bearbeitet worden. Die Ergebnisse dieses Abrufs entnehmen Sie bitte der
nachfolgenden Anlage.
Bitte beachten Sie
dass die Verantwortung für die Zulässigkeit des Datenabrufs und die Datenübermittlung die
ersuchende Behörde trägt (§ 93b Abs. 3 AO),
die Informations- und Dokumentationspflichten gemäß § 93 Abs. 9 und 10 AO sowie den
Anwendungserlass zur Abgabenordnung (AEAO),
dass die Kontenstammdaten in der Datei nach § 24c Kreditwesengesetz (KWG) durch die
beteiligten Kreditinstitute vorgehalten werden. Ich kann deshalb keine Haftung dafür
übernehmen, dass die im Rahmen des Kontenabrufs mitgeteilten Daten vollständig und
inhaltlich korrekt sind.
Zum Inhalt des Ergebnisses bemerke ich folgendes:
Aufgrund der gesetzlichen Vorgabe der Unterscheidungsmerkmale in den von den Kreditinstituten
zu führenden Dateien kann die Identität der gemeldeten Personen immer nur im Hinblick auf die
Merkmale Name und Geburtsdatum für die Kontoinhaber und Verfügungsberechtigten bzw. Name
und Anschrift für die abweichend wirtschaftlich Berechtigten festgestellt werden. Insofern muss das
übermittelte Abrufergebnis trotz Übereinstimmung des Namens und des Geburtsdatums nicht
zwingend mit der von Ihnen abgefragten Person identisch sein. Das gilt auch für
Firmenbezeichnungen. Die auf dem Kontenabrufersuchen gleichwohl anzugebende Anschrift des
Kontoinhabers oder des Verfügungsberechtigten wird nicht in die Abfrage einbezogen.
<page_3>
Bundeszentralamt
für Steuern
Bei Rückfragen bitte ich Sie, zunächst die FAQ (häufige Fragen) zu beachten, die Sie auf der
Homepage des BZSt unter http://www.bzst.bund.de oder, sofern Sie für die Verwaltung der
Grundsicherung für Arbeitsuchende nach dem Zweiten Buch Sozialgesetzbuch zuständig sind, im
Intranet der Bundesagentur für Arbeit finden. Sie können sich aber auch an die oben angegebene
Telefonnummer wenden.
Dieses Anschreiben wurde automatisch erstellt und ist ohne Unterschrift gültig.
<page_4>
Anlage zu GZ: St Il 4 - S 0229a KEVIZZ 2916372/25 (Bitte stets angeben)
Ergebnisse
zu der Anfrage von dem/der:
Obergerichtsvollzieher
Jörg Brands
vom:
15.12.2025
Ihr AZ:
DR Il 1896/25
mit folgenden Anhaltsdaten:
Name:
Nachname:
Hunger
Vorname:
Isabelle
Geburtsdatum:
20.03.1993
Kontonummer:
Der Abruf hat zu keinem Ergebnis geführt.
Anfrage von Obergerichtsvollzieher
Seite
1 von
1
Jörg Brands (G05413) zu AZ DR Il 1896/25",False," Amtsgericht Mülheim-Ruhr
Obergerichtsvollzieher
Jörg Brands
Tinkrathstr. 39
45472 Mülheim
OGV Jörg Brands, Tinkrathstr. 39, 45472 Mülheim
Inkassounternehmen
PAIR Finance GmbH
vertr. d.d. Geschäftsführer
Knesebeckst. 62-63
10719 Berlin
Mein Zeichen
Ihr Zeichen
DR II 1896/25
179607619170
Mülheim, 17.12.2025
Bitte immer angeben!
Zwangsvollstreckungssache
Firma Liquandum Capital II GmbH, Knesebeckstrasse 62-63, 10719 Berlin
vertr. d.
Inkassounternehmen PAIR Finance GmbH, Knesebeckst. 62-63, 10719 Berlin
gegen
Frau Isabelle Hunger, Auf dem Bruch 117, 45475 Mülheim
Sehr geehrte Damen und Herren,
in o.g. Sache haben Sie mich beauftragt, eine Drittauskunft nach § 8021 ZPO beim Bundeszentralamt für Steuern
einzuholen.
Das Ergebnis teile ich Ihnen unter Übersendung einer Kopie der entsprechenden Stellen mit.
Ich weise Sie ausdrücklich darauf hin, dass die erlangten Daten nur zu Vollstreckungszwecken genutzt werden dürfen
und nach Zweckerreichung in dieser Sache zu löschen sind (§§ 802 Abs. 3, 802 d Abs. 1 ZPO). Die Weiterleitung
dieser Daten an Dritte ist unzulässig.
Mit freundlichen Grüßen
(Jörg Brands)
Obergerichtsvollzieher
beim Amtsgericht Mülheim-Ruhr
Kommunikation
Dienstkonto
Sprechstunden
Hinweis:
Postanschrift:
Commerzbank AG
Dienstag: 13.00 bis 14.00 Uhr
Informationen zur Verarbeitung
Tinkrathstrasse 39,45472 Mülheim
IBAN: DE77362800710320802301
Donnerstag: 09.00 bis 10.00 Uhr
personenbezogener Daten in
Telefon: (0208) 4434193
BIC: BIC DRESDEFF362
Rechtssachen durch die Justiz
Telefax: (0208) 4434192
Kontoinhaber: Jörg Brands
in NRW finden Sie unter www.
Bei Überweisungen nur Konto-
justiz.de/datenschutz/rechtssachen
inhaber ohne Zussatz angeben.
 Bundeszentralamt
für Steuern
POSTANSCHRIFT
Bundeszentralamt für Steuern, 11055 Berlin
HAUSANSCHRIFT
DGZ-Ring 12, 13086 Berlin
BEARBEITET VON
Obergerichtsvollzieher
Jörg Brands
Steuerabteilung National
Kontenabrufverfahren
Tinkrathstraße 39
TEL
+49 (0) 2 28 40 6-3600
45472 Mülheim
FAX
+49 (0) 2 28 40 6-4408
E-MAIL
kontenabruf@bzst.bund.de
INTERNET
www.bzst.bund.de
BETREFF
Kontenabrufersuchen nach §§ 93, 93b Abgabenordnung (AO)
BEZUG
Ihr Kontenabrufersuchen vom 15.12.2025 AZ: DR Il 1896/25
ANLAGEN
1
GZ
St II 4 S 0229a KEVIZZ 2916372/25
(bei Antwort bitte angeben)
DATUM
15.12.2025
Ihr oben genanntes Kontenabrufersuchen ist im Rahmen des automatisierten Abrufs von
Kontoinformationen bearbeitet worden. Die Ergebnisse dieses Abrufs entnehmen Sie bitte der
nachfolgenden Anlage.
Bitte beachten Sie
dass die Verantwortung für die Zulässigkeit des Datenabrufs und die Datenübermittlung die
ersuchende Behörde trägt (§ 93b Abs. 3 AO),
die Informations- und Dokumentationspflichten gemäß § 93 Abs. 9 und 10 AO sowie den
Anwendungserlass zur Abgabenordnung (AEAO),
dass die Kontenstammdaten in der Datei nach § 24c Kreditwesengesetz (KWG) durch die
beteiligten Kreditinstitute vorgehalten werden. Ich kann deshalb keine Haftung dafür
übernehmen, dass die im Rahmen des Kontenabrufs mitgeteilten Daten vollständig und
inhaltlich korrekt sind.
Zum Inhalt des Ergebnisses bemerke ich folgendes:
Aufgrund der gesetzlichen Vorgabe der Unterscheidungsmerkmale in den von den Kreditinstituten
zu führenden Dateien kann die Identität der gemeldeten Personen immer nur im Hinblick auf die
Merkmale Name und Geburtsdatum für die Kontoinhaber und Verfügungsberechtigten bzw. Name
und Anschrift für die abweichend wirtschaftlich Berechtigten festgestellt werden. Insofern muss das
übermittelte Abrufergebnis trotz Übereinstimmung des Namens und des Geburtsdatums nicht
zwingend mit der von Ihnen abgefragten Person identisch sein. Das gilt auch für
Firmenbezeichnungen. Die auf dem Kontenabrufersuchen gleichwohl anzugebende Anschrift des
Kontoinhabers oder des Verfügungsberechtigten wird nicht in die Abfrage einbezogen.
 Bundeszentralamt
für Steuern
Bei Rückfragen bitte ich Sie, zunächst die FAQ (häufige Fragen) zu beachten, die Sie auf der
Homepage des BZSt unter http://www.bzst.bund.de oder, sofern Sie für die Verwaltung der
Grundsicherung für Arbeitsuchende nach dem Zweiten Buch Sozialgesetzbuch zuständig sind, im
Intranet der Bundesagentur für Arbeit finden. Sie können sich aber auch an die oben angegebene
Telefonnummer wenden.
Dieses Anschreiben wurde automatisch erstellt und ist ohne Unterschrift gültig.
 Anlage zu GZ: St Il 4 - S 0229a KEVIZZ 2916372/25 (Bitte stets angeben)
Ergebnisse
zu der Anfrage von dem/der:
Obergerichtsvollzieher
Jörg Brands
vom:
15.12.2025
Ihr AZ:
DR Il 1896/25
mit folgenden Anhaltsdaten:
Name:
Nachname:
Hunger
Vorname:
Isabelle
Geburtsdatum:
20.03.1993
Kontonummer:
Der Abruf hat zu keinem Ergebnis geführt.
Anfrage von Obergerichtsvollzieher
Seite
1 von
1
Jörg Brands (G05413) zu AZ DR Il 1896/25",drittauskunft,False,False,7475a344-7ab3-57bc-bc8d-5f86383999c6,b0e18f73-edca-5274-ac00-49084feb812f,36c6316fbad13336601c8cea7de3400441f58a1b66351365c04c5e3e72926fa5,s3://pair-data-engineering-new/ocr_prepared_output/36c6316fbad13336601c8cea7de3400441f58a1b66351365c04c5e3e72926fa5.json
data/aftercourt/drittauskunft_without_invoice/Dr_ii_1771_25_an_gl_mitt_ergebnis_drittauskunft20251218-310-159b180.pdf,"<page_1>
Sandra Zander
Obergerichtsvollzieherin beim Amtsgericht Düren
Bürozeiten
Montag
09:00 bis 10:00 Uhr
Donnerstag
09:00 bis 10:00 Uhr
Telefon
02421/6889630 innerh. Sprechstd.
02421/2096887 außerh.Sprechstd.
Fax: 02421/2098624
EGVP-Nutzer-ID für ERV:
Falls verzogen oder Nachsendeantrag zurück an Absender
safe-sp1-1354873151241-011709569
OGVin S. Zander, Hüttenstraße 33, 52355 Düren-Lendersdorf
Bankverbindung
PAIR Finance GmbH
Kontoinhaberin: Sandra Zander
Knesebeckstraße 62-63
Volksbank Euskirchen eG
10719 Berlin
IBAN: DE79 3826 0082 6700 0840 17
BIC: GENODED1EVB
Mein Zeichen
Ihr Zeichen
DR II 1771/25
183722225939
Düren, 17.12.2025
Bitte immer angeben!
Zwangsvollstreckungssache
Liquandum Capital GmbH, Knesebeckstraße 62-63, 10719 Berlin
vertr. d.
PAIR Finance GmbH, Knesebeckstraße 62-63, 10719 Berlin
gegen
Frau Yasemin Bozkurt, Aldenhovener Straße 63, 52353 Düren Mariaweiler
Sehr geehrte Damen und Herren,
in o.g. Sache haben Sie mich beauftragt, eine Drittauskunft nach § 8021 ZPO beim Bundeszentralamt für Steuern
einzuholen.
Die Anfrage/n lieferte/n keine verwertbaren Ergebnisse
Ich weise Sie ausdrücklich darauf hin, dass die erlangten Daten nur zu Vollstreckungszwecken genutzt werden dürfen
und nach Zweckerreichung in dieser Sache zu löschen sind (§§ 802 Abs. 3, 802 d Abs. 1 ZPO). Die Weiterleitung
dieser Daten an Dritte ist unzulässig..
Nach Zweckerreichung sind erlangte Schuldnerdaten zu löschen.
Informationen zur Verarbeitung personenbezogener Daten in Rechtssachen durch die Justiz Nordrhein-Westfalen
finden Sie unter www.justiz.nrw/datenschutz/rechtssachen Informationen in Papierform erhalten Sie gern auf Anfrage.
Mit freundlichen Grüßen
Zander
(Sandra Zander)
Obergerichtsvollzieherin
beim Amtsgericht Düren
Seite 1 des Dokuments zu ""DR Il 1771/25",False," Sandra Zander
Obergerichtsvollzieherin beim Amtsgericht Düren
Bürozeiten
Montag
09:00 bis 10:00 Uhr
Donnerstag
09:00 bis 10:00 Uhr
Telefon
02421/6889630 innerh. Sprechstd.
02421/2096887 außerh.Sprechstd.
Fax: 02421/2098624
EGVP-Nutzer-ID für ERV:
Falls verzogen oder Nachsendeantrag zurück an Absender
safe-sp1-1354873151241-011709569
OGVin S. Zander, Hüttenstraße 33, 52355 Düren-Lendersdorf
Bankverbindung
PAIR Finance GmbH
Kontoinhaberin: Sandra Zander
Knesebeckstraße 62-63
Volksbank Euskirchen eG
10719 Berlin
IBAN: DE79 3826 0082 6700 0840 17
BIC: GENODED1EVB
Mein Zeichen
Ihr Zeichen
DR II 1771/25
183722225939
Düren, 17.12.2025
Bitte immer angeben!
Zwangsvollstreckungssache
Liquandum Capital GmbH, Knesebeckstraße 62-63, 10719 Berlin
vertr. d.
PAIR Finance GmbH, Knesebeckstraße 62-63, 10719 Berlin
gegen
Frau Yasemin Bozkurt, Aldenhovener Straße 63, 52353 Düren Mariaweiler
Sehr geehrte Damen und Herren,
in o.g. Sache haben Sie mich beauftragt, eine Drittauskunft nach § 8021 ZPO beim Bundeszentralamt für Steuern
einzuholen.
Die Anfrage/n lieferte/n keine verwertbaren Ergebnisse
Ich weise Sie ausdrücklich darauf hin, dass die erlangten Daten nur zu Vollstreckungszwecken genutzt werden dürfen
und nach Zweckerreichung in dieser Sache zu löschen sind (§§ 802 Abs. 3, 802 d Abs. 1 ZPO). Die Weiterleitung
dieser Daten an Dritte ist unzulässig..
Nach Zweckerreichung sind erlangte Schuldnerdaten zu löschen.
Informationen zur Verarbeitung personenbezogener Daten in Rechtssachen durch die Justiz Nordrhein-Westfalen
finden Sie unter www.justiz.nrw/datenschutz/rechtssachen Informationen in Papierform erhalten Sie gern auf Anfrage.
Mit freundlichen Grüßen
Zander
(Sandra Zander)
Obergerichtsvollzieherin
beim Amtsgericht Düren
Seite 1 des Dokuments zu ""DR Il 1771/25",drittauskunft,False,False,09429949-63cc-5c52-8af9-6b81c3062509,c0c5e5d3-6663-57b5-9179-e019e22f61b4,d44bf47d96ddc744395178e205b3ac70a234a4a0c8dee22074a9d92b89d47608,s3://pair-data-engineering-new/ocr_prepared_output/d44bf47d96ddc744395178e205b3ac70a234a4a0c8dee22074a9d92b89d47608.json
data/aftercourt/drittauskunft_without_invoice/Dokumente_226625_16122025_07334620251217-309-zqn218.pdf,"<page_1>
F. Häußler
Marktplatz 6
Gerichtsvollzieherin
72250 Freudenstadt
E-Mail: gvhaeussler@gvzentrale.de
Sprechstunden:
FDS Mittwoch: 10.30 Uhr bis 11:30 Uhr
Horb Freitag: 10:30 Uhr bis 11:30 Uhr
Telefon 0151 21552492
Abs. GVin Häußler, Stuttgarter Straße 15, 72250 Freudenstadt
EGVP-Nutzer-ID für ERV:
DE.Justiz.43486708-f187-451d-abce-
Firma
bd6884bb6056.960c
PAIR Finance GmbH
Dienstkonto:
Knesebeckstraße 62-63
Empfänger: Häußler
10719 Berlin
IBAN: DE03 6665 0085 5972 65
BIC: PZHSDE66XXX
Bank: Sparkasse Pforzheim Calw
FDS DR II 2266/25
Bitte bei Schreiben und Zahlungen angeben!
184623864928
Freudenstadt/Horb, 16.12.2025
Zwangsvollstreckungssache
Firma Liquandum Capital II GmbH, Hardenbergstrasse 32, 10623 Berlin
vertreten durch: Firma PAIR Finance GmbH, Knesebeckstraße 62-63, 10719 Berlin, Az.184623864928
gegen
Frau Tatjana Grossmann, Danzinger Straße 2, 72285 Pfalzgrafenweiler
Sehr geehrte Damen und Herren,
in obiger Sache erhalten Sie anliegend wie von Ihnen beantragt:
Auskunft vom Bundeszentralamt für Steuern
Daten, die für die Zwecke der Vollstreckung nicht erforderlich sind, wurden aus der Auskunft entfernt.
Die erlangten Angaben dürfen nur zu Vollstreckungszwecken verwendet werden. Nach Zweckerreichung
(insbesondere bei vollständiger Zahlung) sind die Daten zu löschen.
Mit freundlichen Grüßen
Häußler
Gerichtsvollzieherin
beim Amtsgericht Freudenstadt und Horb
Rechtsbehelfsbelehrung: Gegen diese Kostenrechnung kann Erinnerung bei dem Amtsgericht Freudenstadt, Stuttgarter Straße 15, 72250 Freudenstadt, schriftlich oder
zu Protokoll der Geschäftsstelle eingelegt werden. Der Rechtsbehelf kann auch als elektronisches Dokument eingereicht werden. Das elektronische Dokument muss
für die Bearbeitung durch das Gericht gemäß §§ 2 und 5 der Elektronischer-Rechtsverkehr-Verordnung ERVV) geeignet sein. Eine einfache E-Mail genügt den
gesetzlichen Anforderungen nicht. Rechtsbehelfe, die durch einen Rechtsanwalt, durch eine Behörde oder durch eine juristische Person des öffentlichen Rechts
einschließlich der von ihr zur Erfüllung ihrer öffentlichen Aufgaben gebildeten Zusammenschlüsse eingereicht werden, sind als elektronisches Dokument einzureichen.
Das elektronische Dokument muss
1. mit einer qualifizierten elektronischen Signatur der verantwortenden Person versehen sein und gemäß § 4 ERVV übermittelt werden, wobei mehrere elektronische
Dokumente nicht mit einer gemeinsamen qualifizierten elektronischen Signatur übermittelt werden dürfen, oder
2. von der verantwortenden Person signiert und auf einem der sicheren Übermittlungswege, die in § 130a Absatz 4 ZPO abschließend aufgeführt sind eingereicht
werden.
Informationen hierzu können über das Internetportal https://justiz.de/laender-bund-europa/elektronische_kommunikation/index.php aufgerufen werden.
Informationen zum Schutz personenbezogener Daten bei deren Verarbeitung durch die Justiz nach Artikel 13 und Artikel 14 der Europäischen Datenschutz-
Grundverordnung finden sich auf der Internetseite Ihres Gerichts unter dem Menüpunkt Service"" / Informationen zum Datenschutz in der Justiz"". Auf Wunsch kann
diese Information auch in Papierform übersandt werden.
DR II 2266/25, Seite 1
<page_2>
Bundeszentralamt
für Steuern
POSTANSCHRIFT
Bundeszentralamt für Steuern, 11055 Berlin
HAUSANSCHRIFT
DGZ-Ring 12, 13086 Berlin
BEARBEITET VON
Gerichtsvollzieherin
Franziska Häußler
Steuerabteilung National
Kontenabrufverfahren
Stuttgarter Straße 15
TEL
+49 (0) 2 28 40 6-3600
72250 Freudenstadt
FAX
+49 (0) 2 28 40 6-4408
E-MAIL
kontenabruf@bzst.bund.de
INTERNET
www.bzst.bund.de
BETREFF
Kontenabrufersuchen nach §§ 93, 93b Abgabenordnung (AO)
BEZUG
Ihr Kontenabrufersuchen vom 04.12.2025 AZ: DR Il 2266/25
ANLAGEN
1
GZ
St II 4 S 0229a KEVIZZ 2838474/25
(bei Antwort bitte angeben)
DATUM
09.12.2025
Ihr oben genanntes Kontenabrufersuchen ist im Rahmen des automatisierten Abrufs von
Kontoinformationen bearbeitet worden. Die Ergebnisse dieses Abrufs entnehmen Sie bitte der
nachfolgenden Anlage.
Bitte beachten Sie
dass die Verantwortung für die Zulässigkeit des Datenabrufs und die Datenübermittlung die
ersuchende Behörde trägt (§ 93b Abs. 3 AO),
die Informations- und Dokumentationspflichten gemäß § 93 Abs. 9 und 10 AO sowie den
Anwendungserlass zur Abgabenordnung (AEAO),
dass die Kontenstammdaten in der Datei nach § 24c Kreditwesengesetz (KWG) durch die
beteiligten Kreditinstitute vorgehalten werden. Ich kann deshalb keine Haftung dafür
übernehmen, dass die im Rahmen des Kontenabrufs mitgeteilten Daten vollständig und
inhaltlich korrekt sind.
Zum Inhalt des Ergebnisses bemerke ich folgendes:
Aufgrund der gesetzlichen Vorgabe der Unterscheidungsmerkmale in den von den Kreditinstituten
zu führenden Dateien kann die Identität der gemeldeten Personen immer nur im Hinblick auf die
Merkmale Name und Geburtsdatum für die Kontoinhaber und Verfügungsberechtigten bzw. Name
und Anschrift für die abweichend wirtschaftlich Berechtigten festgestellt werden. Insofern muss das
übermittelte Abrufergebnis trotz Übereinstimmung des Namens und des Geburtsdatums nicht
zwingend mit der von Ihnen abgefragten Person identisch sein. Das gilt auch für
Firmenbezeichnungen. Die auf dem Kontenabrufersuchen gleichwohl anzugebende Anschrift des
Kontoinhabers oder des Verfügungsberechtigten wird nicht in die Abfrage einbezogen.
<page_3>
Bundeszentralamt
für Steuern
Bei Rückfragen bitte ich Sie, zunächst die FAQ (häufige Fragen) zu beachten, die Sie auf der
Homepage des BZSt unter http://www.bzst.bund.de oder, sofern Sie für die Verwaltung der
Grundsicherung für Arbeitsuchende nach dem Zweiten Buch Sozialgesetzbuch zuständig sind, im
Intranet der Bundesagentur für Arbeit finden. Sie können sich aber auch an die oben angegebene
Telefonnummer wenden.
Dieses Anschreiben wurde automatisch erstellt und ist ohne Unterschrift gültig.
<page_4>
Anlage zu GZ: St II 4 - S 0229a KEVIZZ 2838474/25 (Bitte stets angeben)
Ergebnisse
zu der Anfrage von dem/der:
Gerichtsvollzieherin
Franziska Häußler
vom:
04.12.2025
Ihr AZ:
DR II 2266/25
mit folgenden Anhaltsdaten:
Name:
Nachname:
Grossmann
Vorname:
Tatjana
Geburtsdatum:
12.03.1985
Kontonummer:
Kreissparkasse Freudenstadt
BAK-Nr.: 100460
Stuttgarter Straße 31, 72250 Freudenstadt
Trefferanzahl: 4
Kontonummer: DE11642510600013810531
Errichtungsdatum: 27.09.2023
Kontoinfo:
Auflösungsdatum:
Kontoinhaber
Geburtsdatum
Seit
Bis
Daniel Juri Grossmann
24.06.2008
27.09.2023
Danziger Str. 2, 72285 Pfalzgrafenweiler
Verfügungsberechtigte
Geburtsdatum
Seit
Bis
Juri Grossmann
08.05.1984
27.09.2023
Danziger Str. 2, 72285 Pfalzgrafenweiler
Tatjana Grossmann
12.03.1985
27.09.2023
Danziger Str. 2, 72285 Pfalzgrafenweiler
Kontonummer: DE31642510600013909693
Errichtungsdatum: 27.05.2025
Kontoinfo:
Auflösungsdatum:
Kontoinhaber
Geburtsdatum
Seit
Bis
Helene Schon
12.10.1964
27.05.2025
Buderhof 3, 72285 Pfalzgrafenweiler
Verfügungsberechtigte
Geburtsdatum
Seit
Bis
Tatjana Grossmann
12.03.1985
27.05.2025
Danziger Str. 2, 72285 Pfalzgrafenweiler
Anfrage von Gerichtsvollzieherin
Seite
1 von
6
Franziska Häußler (G08291) zu AZ DR Il 2266/25
<page_5>
Anlage zu GZ: St Il 4 S 0229a KEVIZZ 2838474/25 (Bitte stets angeben)
Kontonummer: DE52642510600013875947
Errichtungsdatum: 21.10.2024
Kontoinfo:
Auflösungsdatum:
Kontoinhaber
Geburtsdatum
Seit
Bis
Tatjana Grossmann
12.03.1985
21.10.2024
Danziger Str. 2, 72285 Pfalzgrafenweiler
Kontonummer: DE98642510600013814300
Errichtungsdatum: 18.10.2023
Kontoinfo:
Auflösungsdatum:
Kontoinhaber
Geburtsdatum
Seit
Bis
Jan Luka Grossmann
12.04.2011
18.10.2023
Danziger Str. 2, 72285 Pfalzgrafenweiler
Verfügungsberechtigte
Geburtsdatum
Seit
Bis
Juri Grossmann
08.05.1984
18.10.2023
Danziger Str. 2, 72285 Pfalzgrafenweiler
Tatjana Grossmann
12.03.1985
18.10.2023
Danziger Str. 2, 72285 Pfalzgrafenweiler
Sparkasse Pforzheim Calw
BAK-Nr.: 100487
Poststraße 3, 75172 Pforzheim
Trefferanzahl: 9
Kontonummer: DE22666500850007394985
Errichtungsdatum: 28.04.2015
Kontoinfo:
Auflösungsdatum:
Kontoinhaber
Geburtsdatum
Seit
Bis
Sophia Grossmann
22.02.2015
28.04.2015
15.05.2023
Christof-Decker-Str. 38, 72285 Pfalzgrafenweiler
Sophia Grossmann
22.02.2015
15.05.2023
Danziger Str. 2, 72285 Pfalzgrafenweiler
Verfügungsberechtigte
Geburtsdatum
Seit
Bis
Juri Grossmann
08.05.1984
28.04.2015
15.05.2023
Christof-Decker-Str. 38, 72285 Pfalzgrafenweiler
Juri Grossmann
08.05.1984
15.05.2023
Danziger Str. 2, 72285 Pfalzgrafenweiler
Tatjana Grossmann
12.03.1985
28.04.2015
15.05.2023
Christof-Decker-Str. 38, 72285 Pfalzgrafenweiler
Tatjana Grossmann
12.03.1985
15.05.2023
Danziger Str. 2, 72285 Pfalzgrafenweiler
Anfrage von Gerichtsvollzieherin
Seite
2 von
6
Franziska Häußler (G08291) zu AZ DR Il 2266/25
<page_6>
Anlage zu GZ: St Il 4 S 0229a KEVIZZ 2838474/25 (Bitte stets angeben)
Kontonummer: DE48666500854151415810
Errichtungsdatum: 28.04.2015
Kontoinfo:
Auflösungsdatum:
Kontoinhaber
Geburtsdatum
Seit
Bis
Sophia Grossmann
22.02.2015
28.04.2015
15.05.2023
Christof-Decker-Str. 38, 72285 Pfalzgrafenweiler
Sophia Grossmann
22.02.2015
15.05.2023
Danziger Str. 2, 72285 Pfalzgrafenweiler
Verfügungsberechtigte
Geburtsdatum
Seit
Bis
Juri Grossmann
08.05.1984
28.04.2015
15.05.2023
Christof-Decker-Str. 38, 72285 Pfalzgrafenweiler
Juri Grossmann
08.05.1984
15.05.2023
Danziger Str. 2, 72285 Pfalzgrafenweiler
Tatjana Grossmann
12.03.1985
28.04.2015
15.05.2023
Christof-Decker-Str. 38, 72285 Pfalzgrafenweiler
Tatjana Grossmann
12.03.1985
15.05.2023
Danziger Str. 2, 72285 Pfalzgrafenweiler
Kontonummer: DE02666500850008592616
Errichtungsdatum: 26.04.2012
Kontoinfo:
Auflösungsdatum:
Kontoinhaber
Geburtsdatum
Seit
Bis
Daniel Juri Grossmann
24.06.2008
30.04.2014
15.05.2023
Christof-Decker-Str. 38, 72285 Pfalzgrafenweiler
Daniel Juri Grossmann
24.06.2008
15.05.2023
Danziger Str. 2, 72285 Pfalzgrafenweiler
Verfügungsberechtigte
Geburtsdatum
Seit
Bis
Juri Grossmann
08.05.1984
17.04.2014
15.05.2023
Christof-Decker-Str. 38, 72285 Pfalzgrafenweiler
Juri Grossmann
08.05.1984
15.05.2023
Danziger Str. 2, 72285 Pfalzgrafenweiler
Tatjana Grossmann
12.03.1985
17.04.2014
15.05.2023
Christof-Decker-Str. 38, 72285 Pfalzgrafenweiler
Tatjana Grossmann
12.03.1985
15.05.2023
Danziger Str. 2, 72285 Pfalzgrafenweiler
Kontonummer: DE30666500854151131439
Errichtungsdatum: 15.07.2013
Kontoinfo:
Auflösungsdatum:
Kontoinhaber
Geburtsdatum
Seit
Bis
Jan Luka Grossmann
12.04.2011
30.04.2014
15.05.2023
Christof-Decker-Str. 38, 72285 Pfalzgrafenweiler
Jan Luka Grossmann
12.04.2011
15.05.2023
Danziger Str. 2, 72285 Pfalzgrafenweiler
Anfrage von Gerichtsvollzieherin
Seite
3 von
6
Franziska Häußler (G08291) zu AZ DR Il 2266/25
<page_7>
Anlage zu GZ: St Il 4 S 0229a KEVIZZ 2838474/25 (Bitte stets angeben)
Verfügungsberechtigte
Geburtsdatum
Seit
Bis
Juri Grossmann
08.05.1984
17.04.2014
15.05.2023
Christof-Decker-Str. 38, 72285 Pfalzgrafenweiler
Juri Grossmann
08.05.1984
15.05.2023
Danziger Str. 2, 72285 Pfalzgrafenweiler
Tatjana Grossmann
12.03.1985
17.04.2014
15.05.2023
Christof-Decker-Str. 38, 72285 Pfalzgrafenweiler
Tatjana Grossmann
12.03.1985
15.05.2023
Danziger Str. 2, 72285 Pfalzgrafenweiler
Kontonummer: DE71666500850004462181
Errichtungsdatum: 26.10.2017
Kontoinfo:
Auflösungsdatum:
Kontoinhaber
Geburtsdatum
Seit
Bis
Joshua Emanuel Grossmann
08.10.2017
26.10.2017
15.05.2023
Christof-Decker-Str. 38, 72285 Pfalzgrafenweiler
Joshua Emanuel Grossmann
08.10.2017
15.05.2023
Danziger Str. 2, 72285 Pfalzgrafenweiler
Verfügungsberechtigte
Geburtsdatum
Seit
Bis
Juri Grossmann
08.05.1984
26.10.2017
15.05.2023
Christof-Decker-Str. 38, 72285 Pfalzgrafenweiler
Juri Grossmann
08.05.1984
15.05.2023
Danziger Str. 2, 72285 Pfalzgrafenweiler
Tatjana Grossmann
12.03.1985
26.10.2017
15.05.2023
Christof-Decker-Str. 38, 72285 Pfalzgrafenweiler
Tatjana Grossmann
12.03.1985
15.05.2023
Danziger Str. 2, 72285 Pfalzgrafenweiler
Kontonummer: DE40666500850003105903
Errichtungsdatum: 04.07.1996
Kontoinfo:
Auflösungsdatum:
Kontoinhaber
Geburtsdatum
Seit
Bis
Juri Grossmann
08.05.1984
17.04.2014
15.05.2023
Christof-Decker-Str. 38, 72285 Pfalzgrafenweiler
Juri Grossmann
08.05.1984
15.05.2023
Danziger Str. 2, 72285 Pfalzgrafenweiler
Tatjana Grossmann
12.03.1985
17.04.2014
15.05.2023
Christof-Decker-Str. 38, 72285 Pfalzgrafenweiler
Tatjana Grossmann
12.03.1985
15.05.2023
Danziger Str. 2, 72285 Pfalzgrafenweiler
Kontonummer: DE33666500850008592640
Errichtungsdatum: 26.04.2012
Kontoinfo:
Auflösungsdatum:
Kontoinhaber
Geburtsdatum
Seit
Bis
Jan Luka Grossmann
12.04.2011
30.04.2014
15.05.2023
Christof-Decker-Str. 38, 72285 Pfalzgrafenweiler
Anfrage von Gerichtsvollzieherin
Seite
4 von
6
Franziska Häußler (G08291) zu AZ DR Il 2266/25
<page_8>
Anlage zu GZ: St Il 4 S 0229a KEVIZZ 2838474/25 (Bitte stets angeben)
Jan Luka Grossmann
12.04.2011
15.05.2023
Danziger Str. 2, 72285 Pfalzgrafenweiler
Verfügungsberechtigte
Geburtsdatum
Seit
Bis
Juri Grossmann
08.05.1984
17.04.2014
15.05.2023
Christof-Decker-Str. 38, 72285 Pfalzgrafenweiler
Juri Grossmann
08.05.1984
15.05.2023
Danziger Str. 2, 72285 Pfalzgrafenweiler
Tatjana Grossmann
12.03.1985
17.04.2014
15.05.2023
Christof-Decker-Str. 38, 72285 Pfalzgrafenweiler
Tatjana Grossmann
12.03.1985
15.05.2023
Danziger Str. 2, 72285 Pfalzgrafenweiler
Kontonummer: DE58666500854151131420
Errichtungsdatum: 15.07.2013
Kontoinfo:
Auflösungsdatum:
Kontoinhaber
Geburtsdatum
Seit
Bis
Daniel Juri Grossmann
24.06.2008
30.04.2014
15.05.2023
Christof-Decker-Str. 38, 72285 Pfalzgrafenweiler
Daniel Juri Grossmann
24.06.2008
15.05.2023
Danziger Str. 2, 72285 Pfalzgrafenweiler
Verfügungsberechtigte
Geburtsdatum
Seit
Bis
Juri Grossmann
08.05.1984
17.04.2014
15.05.2023
Christof-Decker-Str. 38, 72285 Pfalzgrafenweiler
Juri Grossmann
08.05.1984
15.05.2023
Danziger Str. 2, 72285 Pfalzgrafenweiler
Tatjana Grossmann
12.03.1985
17.04.2014
15.05.2023
Christof-Decker-Str. 38, 72285 Pfalzgrafenweiler
Tatjana Grossmann
12.03.1985
15.05.2023
Danziger Str. 2, 72285 Pfalzgrafenweiler
Kontonummer: DE69666500854151670348
Errichtungsdatum: 26.10.2017
Kontoinfo:
Auflösungsdatum:
Kontoinhaber
Geburtsdatum
Seit
Bis
Joshua Emanuel Grossmann
08.10.2017
26.10.2017
15.05.2023
Christof-Decker-Str. 38, 72285 Pfalzgrafenweiler
Joshua Emanuel Grossmann
08.10.2017
15.05.2023
Danziger Str. 2, 72285 Pfalzgrafenweiler
Verfügungsberechtigte
Geburtsdatum
Seit
Bis
Juri Grossmann
08.05.1984
26.10.2017
15.05.2023
Christof-Decker-Str. 38, 72285 Pfalzgrafenweiler
Juri Grossmann
08.05.1984
15.05.2023
Danziger Str. 2, 72285 Pfalzgrafenweiler
Tatjana Grossmann
12.03.1985
26.10.2017
15.05.2023
Christof-Decker-Str. 38, 72285 Pfalzgrafenweiler
Tatjana Grossmann
12.03.1985
15.05.2023
Danziger Str. 2, 72285 Pfalzgrafenweiler
Anfrage von Gerichtsvollzieherin
Seite
5 von
6
Franziska Häußler (G08291) zu AZ DR Il 2266/25
<page_9>
Anlage zu GZ: St II 4 - S 0229a - KEVIZZ - 2838474/25 (Bitte stets angeben)
Anfrage von Gerichtsvollzieherin
Seite
6 von
6
Franziska Häußler (G08291) zu AZ DR II 2266/25",False," F. Häußler
Marktplatz 6
Gerichtsvollzieherin
72250 Freudenstadt
E-Mail: gvhaeussler@gvzentrale.de
Sprechstunden:
FDS Mittwoch: 10.30 Uhr bis 11:30 Uhr
Horb Freitag: 10:30 Uhr bis 11:30 Uhr
Telefon 0151 21552492
Abs. GVin Häußler, Stuttgarter Straße 15, 72250 Freudenstadt
EGVP-Nutzer-ID für ERV:
DE.Justiz.43486708-f187-451d-abce-
Firma
bd6884bb6056.960c
PAIR Finance GmbH
Dienstkonto:
Knesebeckstraße 62-63
Empfänger: Häußler
10719 Berlin
IBAN: DE03 6665 0085 5972 65
BIC: PZHSDE66XXX
Bank: Sparkasse Pforzheim Calw
FDS DR II 2266/25
Bitte bei Schreiben und Zahlungen angeben!
184623864928
Freudenstadt/Horb, 16.12.2025
Zwangsvollstreckungssache
Firma Liquandum Capital II GmbH, Hardenbergstrasse 32, 10623 Berlin
vertreten durch: Firma PAIR Finance GmbH, Knesebeckstraße 62-63, 10719 Berlin, Az.184623864928
gegen
Frau Tatjana Grossmann, Danzinger Straße 2, 72285 Pfalzgrafenweiler
Sehr geehrte Damen und Herren,
in obiger Sache erhalten Sie anliegend wie von Ihnen beantragt:
Auskunft vom Bundeszentralamt für Steuern
Daten, die für die Zwecke der Vollstreckung nicht erforderlich sind, wurden aus der Auskunft entfernt.
Die erlangten Angaben dürfen nur zu Vollstreckungszwecken verwendet werden. Nach Zweckerreichung
(insbesondere bei vollständiger Zahlung) sind die Daten zu löschen.
Mit freundlichen Grüßen
Häußler
Gerichtsvollzieherin
beim Amtsgericht Freudenstadt und Horb
Rechtsbehelfsbelehrung: Gegen diese Kostenrechnung kann Erinnerung bei dem Amtsgericht Freudenstadt, Stuttgarter Straße 15, 72250 Freudenstadt, schriftlich oder
zu Protokoll der Geschäftsstelle eingelegt werden. Der Rechtsbehelf kann auch als elektronisches Dokument eingereicht werden. Das elektronische Dokument muss
für die Bearbeitung durch das Gericht gemäß §§ 2 und 5 der Elektronischer-Rechtsverkehr-Verordnung ERVV) geeignet sein. Eine einfache E-Mail genügt den
gesetzlichen Anforderungen nicht. Rechtsbehelfe, die durch einen Rechtsanwalt, durch eine Behörde oder durch eine juristische Person des öffentlichen Rechts
einschließlich der von ihr zur Erfüllung ihrer öffentlichen Aufgaben gebildeten Zusammenschlüsse eingereicht werden, sind als elektronisches Dokument einzureichen.
Das elektronische Dokument muss
1. mit einer qualifizierten elektronischen Signatur der verantwortenden Person versehen sein und gemäß § 4 ERVV übermittelt werden, wobei mehrere elektronische
Dokumente nicht mit einer gemeinsamen qualifizierten elektronischen Signatur übermittelt werden dürfen, oder
2. von der verantwortenden Person signiert und auf einem der sicheren Übermittlungswege, die in § 130a Absatz 4 ZPO abschließend aufgeführt sind eingereicht
werden.
Informationen hierzu können über das Internetportal https://justiz.de/laender-bund-europa/elektronische_kommunikation/index.php aufgerufen werden.
Informationen zum Schutz personenbezogener Daten bei deren Verarbeitung durch die Justiz nach Artikel 13 und Artikel 14 der Europäischen Datenschutz-
Grundverordnung finden sich auf der Internetseite Ihres Gerichts unter dem Menüpunkt Service"" / Informationen zum Datenschutz in der Justiz"". Auf Wunsch kann
diese Information auch in Papierform übersandt werden.
DR II 2266/25, Seite 1
 Bundeszentralamt
für Steuern
POSTANSCHRIFT
Bundeszentralamt für Steuern, 11055 Berlin
HAUSANSCHRIFT
DGZ-Ring 12, 13086 Berlin
BEARBEITET VON
Gerichtsvollzieherin
Franziska Häußler
Steuerabteilung National
Kontenabrufverfahren
Stuttgarter Straße 15
TEL
+49 (0) 2 28 40 6-3600
72250 Freudenstadt
FAX
+49 (0) 2 28 40 6-4408
E-MAIL
kontenabruf@bzst.bund.de
INTERNET
www.bzst.bund.de
BETREFF
Kontenabrufersuchen nach §§ 93, 93b Abgabenordnung (AO)
BEZUG
Ihr Kontenabrufersuchen vom 04.12.2025 AZ: DR Il 2266/25
ANLAGEN
1
GZ
St II 4 S 0229a KEVIZZ 2838474/25
(bei Antwort bitte angeben)
DATUM
09.12.2025
Ihr oben genanntes Kontenabrufersuchen ist im Rahmen des automatisierten Abrufs von
Kontoinformationen bearbeitet worden. Die Ergebnisse dieses Abrufs entnehmen Sie bitte der
nachfolgenden Anlage.
Bitte beachten Sie
dass die Verantwortung für die Zulässigkeit des Datenabrufs und die Datenübermittlung die
ersuchende Behörde trägt (§ 93b Abs. 3 AO),
die Informations- und Dokumentationspflichten gemäß § 93 Abs. 9 und 10 AO sowie den
Anwendungserlass zur Abgabenordnung (AEAO),
dass die Kontenstammdaten in der Datei nach § 24c Kreditwesengesetz (KWG) durch die
beteiligten Kreditinstitute vorgehalten werden. Ich kann deshalb keine Haftung dafür
übernehmen, dass die im Rahmen des Kontenabrufs mitgeteilten Daten vollständig und
inhaltlich korrekt sind.
Zum Inhalt des Ergebnisses bemerke ich folgendes:
Aufgrund der gesetzlichen Vorgabe der Unterscheidungsmerkmale in den von den Kreditinstituten
zu führenden Dateien kann die Identität der gemeldeten Personen immer nur im Hinblick auf die
Merkmale Name und Geburtsdatum für die Kontoinhaber und Verfügungsberechtigten bzw. Name
und Anschrift für die abweichend wirtschaftlich Berechtigten festgestellt werden. Insofern muss das
übermittelte Abrufergebnis trotz Übereinstimmung des Namens und des Geburtsdatums nicht
zwingend mit der von Ihnen abgefragten Person identisch sein. Das gilt auch für
Firmenbezeichnungen. Die auf dem Kontenabrufersuchen gleichwohl anzugebende Anschrift des
Kontoinhabers oder des Verfügungsberechtigten wird nicht in die Abfrage einbezogen.
 Bundeszentralamt
für Steuern
Bei Rückfragen bitte ich Sie, zunächst die FAQ (häufige Fragen) zu beachten, die Sie auf der
Homepage des BZSt unter http://www.bzst.bund.de oder, sofern Sie für die Verwaltung der
Grundsicherung für Arbeitsuchende nach dem Zweiten Buch Sozialgesetzbuch zuständig sind, im
Intranet der Bundesagentur für Arbeit finden. Sie können sich aber auch an die oben angegebene
Telefonnummer wenden.
Dieses Anschreiben wurde automatisch erstellt und ist ohne Unterschrift gültig.
 Anlage zu GZ: St II 4 - S 0229a KEVIZZ 2838474/25 (Bitte stets angeben)
Ergebnisse
zu der Anfrage von dem/der:
Gerichtsvollzieherin
Franziska Häußler
vom:
04.12.2025
Ihr AZ:
DR II 2266/25
mit folgenden Anhaltsdaten:
Name:
Nachname:
Grossmann
Vorname:
Tatjana
Geburtsdatum:
12.03.1985
Kontonummer:
Kreissparkasse Freudenstadt
BAK-Nr.: 100460
Stuttgarter Straße 31, 72250 Freudenstadt
Trefferanzahl: 4
Kontonummer: DE11642510600013810531
Errichtungsdatum: 27.09.2023
Kontoinfo:
Auflösungsdatum:
Kontoinhaber
Geburtsdatum
Seit
Bis
Daniel Juri Grossmann
24.06.2008
27.09.2023
Danziger Str. 2, 72285 Pfalzgrafenweiler
Verfügungsberechtigte
Geburtsdatum
Seit
Bis
Juri Grossmann
08.05.1984
27.09.2023
Danziger Str. 2, 72285 Pfalzgrafenweiler
Tatjana Grossmann
12.03.1985
27.09.2023
Danziger Str. 2, 72285 Pfalzgrafenweiler
Kontonummer: DE31642510600013909693
Errichtungsdatum: 27.05.2025
Kontoinfo:
Auflösungsdatum:
Kontoinhaber
Geburtsdatum
Seit
Bis
Helene Schon
12.10.1964
27.05.2025
Buderhof 3, 72285 Pfalzgrafenweiler
Verfügungsberechtigte
Geburtsdatum
Seit
Bis
Tatjana Grossmann
12.03.1985
27.05.2025
Danziger Str. 2, 72285 Pfalzgrafenweiler
Anfrage von Gerichtsvollzieherin
Seite
1 von
6
Franziska Häußler (G08291) zu AZ DR Il 2266/25
 Anlage zu GZ: St Il 4 S 0229a KEVIZZ 2838474/25 (Bitte stets angeben)
Kontonummer: DE52642510600013875947
Errichtungsdatum: 21.10.2024
Kontoinfo:
Auflösungsdatum:
Kontoinhaber
Geburtsdatum
Seit
Bis
Tatjana Grossmann
12.03.1985
21.10.2024
Danziger Str. 2, 72285 Pfalzgrafenweiler
Kontonummer: DE98642510600013814300
Errichtungsdatum: 18.10.2023
Kontoinfo:
Auflösungsdatum:
Kontoinhaber
Geburtsdatum
Seit
Bis
Jan Luka Grossmann
12.04.2011
18.10.2023
Danziger Str. 2, 72285 Pfalzgrafenweiler
Verfügungsberechtigte
Geburtsdatum
Seit
Bis
Juri Grossmann
08.05.1984
18.10.2023
Danziger Str. 2, 72285 Pfalzgrafenweiler
Tatjana Grossmann
12.03.1985
18.10.2023
Danziger Str. 2, 72285 Pfalzgrafenweiler
Sparkasse Pforzheim Calw
BAK-Nr.: 100487
Poststraße 3, 75172 Pforzheim
Trefferanzahl: 9
Kontonummer: DE22666500850007394985
Errichtungsdatum: 28.04.2015
Kontoinfo:
Auflösungsdatum:
Kontoinhaber
Geburtsdatum
Seit
Bis
Sophia Grossmann
22.02.2015
28.04.2015
15.05.2023
Christof-Decker-Str. 38, 72285 Pfalzgrafenweiler
Sophia Grossmann
22.02.2015
15.05.2023
Danziger Str. 2, 72285 Pfalzgrafenweiler
Verfügungsberechtigte
Geburtsdatum
Seit
Bis
Juri Grossmann
08.05.1984
28.04.2015
15.05.2023
Christof-Decker-Str. 38, 72285 Pfalzgrafenweiler
Juri Grossmann
08.05.1984
15.05.2023
Danziger Str. 2, 72285 Pfalzgrafenweiler
Tatjana Grossmann
12.03.1985
28.04.2015
15.05.2023
Christof-Decker-Str. 38, 72285 Pfalzgrafenweiler
Tatjana Grossmann
12.03.1985
15.05.2023
Danziger Str. 2, 72285 Pfalzgrafenweiler
Anfrage von Gerichtsvollzieherin
Seite
2 von
6
Franziska Häußler (G08291) zu AZ DR Il 2266/25
 Anlage zu GZ: St Il 4 S 0229a KEVIZZ 2838474/25 (Bitte stets angeben)
Kontonummer: DE48666500854151415810
Errichtungsdatum: 28.04.2015
Kontoinfo:
Auflösungsdatum:
Kontoinhaber
Geburtsdatum
Seit
Bis
Sophia Grossmann
22.02.2015
28.04.2015
15.05.2023
Christof-Decker-Str. 38, 72285 Pfalzgrafenweiler
Sophia Grossmann
22.02.2015
15.05.2023
Danziger Str. 2, 72285 Pfalzgrafenweiler
Verfügungsberechtigte
Geburtsdatum
Seit
Bis
Juri Grossmann
08.05.1984
28.04.2015
15.05.2023
Christof-Decker-Str. 38, 72285 Pfalzgrafenweiler
Juri Grossmann
08.05.1984
15.05.2023
Danziger Str. 2, 72285 Pfalzgrafenweiler
Tatjana Grossmann
12.03.1985
28.04.2015
15.05.2023
Christof-Decker-Str. 38, 72285 Pfalzgrafenweiler
Tatjana Grossmann
12.03.1985
15.05.2023
Danziger Str. 2, 72285 Pfalzgrafenweiler
Kontonummer: DE02666500850008592616
Errichtungsdatum: 26.04.2012
Kontoinfo:
Auflösungsdatum:
Kontoinhaber
Geburtsdatum
Seit
Bis
Daniel Juri Grossmann
24.06.2008
30.04.2014
15.05.2023
Christof-Decker-Str. 38, 72285 Pfalzgrafenweiler
Daniel Juri Grossmann
24.06.2008
15.05.2023
Danziger Str. 2, 72285 Pfalzgrafenweiler
Verfügungsberechtigte
Geburtsdatum
Seit
Bis
Juri Grossmann
08.05.1984
17.04.2014
15.05.2023
Christof-Decker-Str. 38, 72285 Pfalzgrafenweiler
Juri Grossmann
08.05.1984
15.05.2023
Danziger Str. 2, 72285 Pfalzgrafenweiler
Tatjana Grossmann
12.03.1985
17.04.2014
15.05.2023
Christof-Decker-Str. 38, 72285 Pfalzgrafenweiler
Tatjana Grossmann
12.03.1985
15.05.2023
Danziger Str. 2, 72285 Pfalzgrafenweiler
Kontonummer: DE30666500854151131439
Errichtungsdatum: 15.07.2013
Kontoinfo:
Auflösungsdatum:
Kontoinhaber
Geburtsdatum
Seit
Bis
Jan Luka Grossmann
12.04.2011
30.04.2014
15.05.2023
Christof-Decker-Str. 38, 72285 Pfalzgrafenweiler
Jan Luka Grossmann
12.04.2011
15.05.2023
Danziger Str. 2, 72285 Pfalzgrafenweiler
Anfrage von Gerichtsvollzieherin
Seite
3 von
6
Franziska Häußler (G08291) zu AZ DR Il 2266/25
 Anlage zu GZ: St Il 4 S 0229a KEVIZZ 2838474/25 (Bitte stets angeben)
Verfügungsberechtigte
Geburtsdatum
Seit
Bis
Juri Grossmann
08.05.1984
17.04.2014
15.05.2023
Christof-Decker-Str. 38, 72285 Pfalzgrafenweiler
Juri Grossmann
08.05.1984
15.05.2023
Danziger Str. 2, 72285 Pfalzgrafenweiler
Tatjana Grossmann
12.03.1985
17.04.2014
15.05.2023
Christof-Decker-Str. 38, 72285 Pfalzgrafenweiler
Tatjana Grossmann
12.03.1985
15.05.2023
Danziger Str. 2, 72285 Pfalzgrafenweiler
Kontonummer: DE71666500850004462181
Errichtungsdatum: 26.10.2017
Kontoinfo:
Auflösungsdatum:
Kontoinhaber
Geburtsdatum
Seit
Bis
Joshua Emanuel Grossmann
08.10.2017
26.10.2017
15.05.2023
Christof-Decker-Str. 38, 72285 Pfalzgrafenweiler
Joshua Emanuel Grossmann
08.10.2017
15.05.2023
Danziger Str. 2, 72285 Pfalzgrafenweiler
Verfügungsberechtigte
Geburtsdatum
Seit
Bis
Juri Grossmann
08.05.1984
26.10.2017
15.05.2023
Christof-Decker-Str. 38, 72285 Pfalzgrafenweiler
Juri Grossmann
08.05.1984
15.05.2023
Danziger Str. 2, 72285 Pfalzgrafenweiler
Tatjana Grossmann
12.03.1985
26.10.2017
15.05.2023
Christof-Decker-Str. 38, 72285 Pfalzgrafenweiler
Tatjana Grossmann
12.03.1985
15.05.2023
Danziger Str. 2, 72285 Pfalzgrafenweiler
Kontonummer: DE40666500850003105903
Errichtungsdatum: 04.07.1996
Kontoinfo:
Auflösungsdatum:
Kontoinhaber
Geburtsdatum
Seit
Bis
Juri Grossmann
08.05.1984
17.04.2014
15.05.2023
Christof-Decker-Str. 38, 72285 Pfalzgrafenweiler
Juri Grossmann
08.05.1984
15.05.2023
Danziger Str. 2, 72285 Pfalzgrafenweiler
Tatjana Grossmann
12.03.1985
17.04.2014
15.05.2023
Christof-Decker-Str. 38, 72285 Pfalzgrafenweiler
Tatjana Grossmann
12.03.1985
15.05.2023
Danziger Str. 2, 72285 Pfalzgrafenweiler
Kontonummer: DE33666500850008592640
Errichtungsdatum: 26.04.2012
Kontoinfo:
Auflösungsdatum:
Kontoinhaber
Geburtsdatum
Seit
Bis
Jan Luka Grossmann
12.04.2011
30.04.2014
15.05.2023
Christof-Decker-Str. 38, 72285 Pfalzgrafenweiler
Anfrage von Gerichtsvollzieherin
Seite
4 von
6
Franziska Häußler (G08291) zu AZ DR Il 2266/25
 Anlage zu GZ: St Il 4 S 0229a KEVIZZ 2838474/25 (Bitte stets angeben)
Jan Luka Grossmann
12.04.2011
15.05.2023
Danziger Str. 2, 72285 Pfalzgrafenweiler
Verfügungsberechtigte
Geburtsdatum
Seit
Bis
Juri Grossmann
08.05.1984
17.04.2014
15.05.2023
Christof-Decker-Str. 38, 72285 Pfalzgrafenweiler
Juri Grossmann
08.05.1984
15.05.2023
Danziger Str. 2, 72285 Pfalzgrafenweiler
Tatjana Grossmann
12.03.1985
17.04.2014
15.05.2023
Christof-Decker-Str. 38, 72285 Pfalzgrafenweiler
Tatjana Grossmann
12.03.1985
15.05.2023
Danziger Str. 2, 72285 Pfalzgrafenweiler
Kontonummer: DE58666500854151131420
Errichtungsdatum: 15.07.2013
Kontoinfo:
Auflösungsdatum:
Kontoinhaber
Geburtsdatum
Seit
Bis
Daniel Juri Grossmann
24.06.2008
30.04.2014
15.05.2023
Christof-Decker-Str. 38, 72285 Pfalzgrafenweiler
Daniel Juri Grossmann
24.06.2008
15.05.2023
Danziger Str. 2, 72285 Pfalzgrafenweiler
Verfügungsberechtigte
Geburtsdatum
Seit
Bis
Juri Grossmann
08.05.1984
17.04.2014
15.05.2023
Christof-Decker-Str. 38, 72285 Pfalzgrafenweiler
Juri Grossmann
08.05.1984
15.05.2023
Danziger Str. 2, 72285 Pfalzgrafenweiler
Tatjana Grossmann
12.03.1985
17.04.2014
15.05.2023
Christof-Decker-Str. 38, 72285 Pfalzgrafenweiler
Tatjana Grossmann
12.03.1985
15.05.2023
Danziger Str. 2, 72285 Pfalzgrafenweiler
Kontonummer: DE69666500854151670348
Errichtungsdatum: 26.10.2017
Kontoinfo:
Auflösungsdatum:
Kontoinhaber
Geburtsdatum
Seit
Bis
Joshua Emanuel Grossmann
08.10.2017
26.10.2017
15.05.2023
Christof-Decker-Str. 38, 72285 Pfalzgrafenweiler
Joshua Emanuel Grossmann
08.10.2017
15.05.2023
Danziger Str. 2, 72285 Pfalzgrafenweiler
Verfügungsberechtigte
Geburtsdatum
Seit
Bis
Juri Grossmann
08.05.1984
26.10.2017
15.05.2023
Christof-Decker-Str. 38, 72285 Pfalzgrafenweiler
Juri Grossmann
08.05.1984
15.05.2023
Danziger Str. 2, 72285 Pfalzgrafenweiler
Tatjana Grossmann
12.03.1985
26.10.2017
15.05.2023
Christof-Decker-Str. 38, 72285 Pfalzgrafenweiler
Tatjana Grossmann
12.03.1985
15.05.2023
Danziger Str. 2, 72285 Pfalzgrafenweiler
Anfrage von Gerichtsvollzieherin
Seite
5 von
6
Franziska Häußler (G08291) zu AZ DR Il 2266/25
 Anlage zu GZ: St II 4 - S 0229a - KEVIZZ - 2838474/25 (Bitte stets angeben)
Anfrage von Gerichtsvollzieherin
Seite
6 von
6
Franziska Häußler (G08291) zu AZ DR II 2266/25",drittauskunft,False,False,9b56d9ca-46f4-5711-ba70-0577a0a3bbbc,1366f284-dd3b-5940-af20-b7a3b07d0b62,0cb6fa6492e0550c6ec900e44ad20c4e1fed2355fd88b3f2e3fd6270b4d45494,s3://pair-data-engineering-new/ocr_prepared_output/0cb6fa6492e0550c6ec900e44ad20c4e1fed2355fd88b3f2e3fd6270b4d45494.json
data/aftercourt/drittauskunft_without_invoice/7_DR_II_1447_25_An_Gl_Mitt_Ergebnis_Drittauskunft20251222-308-ilur2x.pdf,"<page_1>
Gerichtsvollzieherbüro Duhnke
Amtsgericht Lörrach, Bahnhofstraße 4, 79539 Lörrach
Duhnke (Dienstkonto)
DE40 6609 0800 0008 1093 97
GENODE61BBB
E-Mail
ogvduhnke@t-online.de
OGV Duhnke, Bahnhofstr. 4, 79539 Lörrach
PAIR Finance GmbH
Knesebeckstraße 62-63
10719 Berlin
Mein Zeichen
Ihr Zeichen
7 DR II 1447/25
168947092388
Lörrach, 19.12.2025
Bitte immer angeben!
Zwangsvollstreckungssache
Nelly Finance GmbH, Chausseestraße 29, 10115 Berlin
vertr. d.
PAIR Finance GmbH, Knesebeckstraße 62-63, 10719 Berlin
gegen
Frau Svetlana Maj, Alte Weberei 2, 79585 Steinen
Sehr geehrte Damen und Herren,
in obiger Sache erhalten Sie das Ergebnis der durchgeführten Drittauskunft für:
Svetlana Maj
Die erlangten Daten dürfen nur zu Vollstreckungszwecken für obige Sache genutzt werden und sind nach
Zweckerreichung zu löschen, §§ 8021 (3), 802d (1) ZPO. Die Weitergabe an Dritte ist unzulässig. Das Abrufergebnis
muss, trotz Übereinstimmung des Namens und Geburtsdatum, nicht zwingend mit der abgefragten Person identisch
sein (Doppelgänger). Die Drittbehörde kann nur Daten mitteilen, die mit der konkreten Abfrage übereinstimmen.
Vorpfändung: Es wurde kein Antrag auf Erlass einer Vorpfändung gestellt.
Mit freundlichen Grüßen
Dieses Dokument wurde maschinell
erstellt und ist ohne Unterschrift gültig.
(Duhnke)
Obergerichtsvollzieherin
beim Amtsgericht Lörrach
Sie erreichen uns zu folgenden Zeiten:
Telefonsprechstunde: Dienstag + Donnerstag von 8:30 bis 11:30 Uhr unter 01522/3090309
Bürosprechstunde: Montag + Mittwoch von 12:30 bis 13:30 Uhr (Wartezeiten möglich)
Schuldnerdaten sind nach Zweckerreichung zu löschen. Informationen zum Schutz personenbezogener Daten und deren Verarbeitung durch
die Justiz finden Sie auf der Internetseite des Amtsgerichts Lörrach. Diese können Sie auch in Papierform anfordern, Art. 13, 14 DS-GVO.
<page_2>
Bundeszentralamt
für Steuern
POSTANSCHRIFT
Bundeszentralamt für Steuem, 11055 Berlin
HAUSANSCHRIFT
DGZ-Ring 12, 13086 Berlin
BEARBEITET VON
Obergerichtsvollzieherin
Duhnke
Steuerabteilung National
Kontenabrufverfahren
c/o Amtsgericht Lörrach
TEL
+49 (0) 2 28 40 6-3600
Bahnhofstraße 4
FAX
+49 (0) 2 28 40 6-4408
79539 Lörrach
E-MAIL
kontenabruf@bzst.bund.de
INTERNET
www.bzst.bund.de
BETREFF
Kontenabrufersuchen nach §§ 93, 93b Abgabenordnung (AO)
BEZUG
Ihr Kontenabrufersuchen vom 11.12.2025 AZ: DR Il 1447/25
ANLAGEN
1
GZ
St II 4 S 0229a KEVIZZ 2894504/25
(bei Antwort bille angeben)
DATUM
14.12.2025
Ihr oben genanntes Kontenabrufersuchen ist im Rahmen des automatisierten Abrufs von
Kontoinformationen bearbeitet worden. Die Ergebnisse dieses Abrufs entnehmen Sie bitte der
nachfolgenden Anlage.
Bitte beachten Sie
dass die Verantwortung für die Zulässigkeit des Datenabrufs und die Datenübermittlung die
ersuchende Behörde trägt (§ 93b Abs. 3 AO),
die Informations- und Dokumentationspflichten gemäß § 93 Abs. 9 und 10 AO sowie den
Anwendungserlass zur Abgabenordnung (AEAO),
dass die Kontenstammdaten in der Datei nach § 24c Kreditwesengesetz (KWG) durch die
beteiligten Kreditinstitute vorgehalten werden. Ich kann deshalb keine Haftung dafür
übernehmen, dass die im Rahmen des Kontenabrufs mitgeteilten Daten vollständig und
inhaltlich korrekt sind.
Zum Inhalt des Ergebnisses bemerke ich folgendes:
Aufgrund der gesetzlichen Vorgabe der Unterscheidungsmerkmale in den von den Kreditinstituten
zu führenden Dateien kann die Identität der gemeldeten Personen immer nur im Hinblick auf die
Merkmale Name und Geburtsdatum für die Kontoinhaber und Verfügungsberechtigten bzw. Name
und Anschrift für die abweichend wirtschaftlich Berechtigten festgestellt werden. Insofern muss das
übermittelte Abrufergebnis trotz Übereinstimmung des Namens und des Geburtsdatums nicht
zwingend mit der von Ihnen abgefragten Person identisch sein. Das gilt auch für
Firmenbezeichnungen. Die auf dem Kontenabrufersuchen gleichwohl anzugebende Anschrift des
Kontoinhabers oder des Verfügungsberechtigten wird nicht in die Abfrage einbezogen.
<page_3>
Bundeszentralamt
für Steuern
Bei Rückfragen bitte ich Sie, zunächst die FAQ (häufige Fragen) zu beachten, die Sie auf der
Homepage des BZSt unter http://www.bzst.bund.de oder, sofern Sie für die Verwaltung der
Grundsicherung für Arbeitsuchende nach dem Zweiten Buch Sozialgesetzbuch zuständig sind, im
Intranet der Bundesagentur für Arbeit finden. Sie können sich aber auch an die oben angegebene
Telefonnummer wenden.
Dieses Anschreiben wurde automatisch erstellt und ist ohne Unterschrift gültig.
<page_4>
Anlage zu GZ: St Il 4 S 0229a KEVIZZ 2894504/25 (Bitte stets angeben)
Ergebnisse
zu der Anfrage von dem/der:
Obergerichtsvollzieherin
Duhnke
c/o Amtsgericht Lörrach
vom:
11.12.2025
Ihr AZ:
DR Il 1447/25
mit folgenden Anhaltsdaten:
Name:
Nachname:
Maj
Vorname:
Svetlana
Geburtsdatum:
15.05.1973
Kontonummer:
Sparkasse Wiesental
BAK-Nr.: 100500
Adolf-Müller-Straße 1, 79650 Schopfheim
Trefferanzahl: 5
Kontonummer: DE93683515576203206872
Errichtungsdatum: 19.03.2020
Kontoinfo:
Auflösungsdatum:
Kontoinhaber
Geburtsdatum Seit
Bis
Svetlana Maj
15.05.1973
02.12.2021
Alte Weberei 2, 79585 Steinen
Kontonummer: DE18683515576203206864
Errichtungsdatum: 19.03.2020
Kontoinfo:
Auflösungsdatum:
Kontoinhaber
Geburtsdatum Seit
Bis
Svetlana Maj
15.05.1973
02.12.2021
Alte Weberei 2, 79585 Steinen
Anfrage von Obergerichtsvollzieherin
Seite
1 von
3
Duhnke
c/o Amtsgericht Lörrach (G08685) zu AZ DR Il 1447/25
<page_5>
Anlage zu GZ: St Il 4 S 0229a KEVIZZ 2894504/25 (Bitte stets angeben)
Kontonummer: DE98683515573117192231
Errichtungsdatum: 27.01.2016
Kontoinfo:
Auflösungsdatum:
Kontoinhaber
Geburtsdatum Seit
Bis
Svetlana Maj
15.05.1973
02.12.2021
Alte Weberei 2, 79585 Steinen
Kontonummer: DE23683515570003327517
Errichtungsdatum: 12.11.2015
Kontoinfo:
Auflösungsdatum:
Kontoinhaber
Geburtsdatum Seit
Bis
Svetlana Maj
15.05.1973
02.12.2021
Alte Weberei 2, 79585 Steinen
Anfrage von Obergerichtsvollzieherin
Seite
2 von
3
Duhnke
c/o Amtsgericht Lörrach (G08685) zu AZ DR Il 1447/25
<page_6>
Anlage zu GZ: St Il 4 . S 0229a KEVIZZ - 2894504/25 (Bitte stets angeben)
LBS Landesbausparkasse Süd
BAK-Nr.: 105627
Jägerstraße 36, 70174 Stuttgart
Trefferanzahl: 1
Kontonummer: 9094574622
Errichtungsdatum: 01.07.2024
Kontoinfo:
Auflösungsdatum:
Kontoinhaber
Geburtsdatum Seit
Bis
Svetlana Maj
15.05.1973
01.07.2024
Alte Weberei 2, 79585 Steinen DE
Anfrage von Obergerichtsvollzieherin
Seite
3 von
3
Duhnke
c/o Amtsgericht Lörrach (G08685) zu AZ DR Il 1447/25",False," Gerichtsvollzieherbüro Duhnke
Amtsgericht Lörrach, Bahnhofstraße 4, 79539 Lörrach
Duhnke (Dienstkonto)
DE40 6609 0800 0008 1093 97
GENODE61BBB
E-Mail
ogvduhnke@t-online.de
OGV Duhnke, Bahnhofstr. 4, 79539 Lörrach
PAIR Finance GmbH
Knesebeckstraße 62-63
10719 Berlin
Mein Zeichen
Ihr Zeichen
7 DR II 1447/25
168947092388
Lörrach, 19.12.2025
Bitte immer angeben!
Zwangsvollstreckungssache
Nelly Finance GmbH, Chausseestraße 29, 10115 Berlin
vertr. d.
PAIR Finance GmbH, Knesebeckstraße 62-63, 10719 Berlin
gegen
Frau Svetlana Maj, Alte Weberei 2, 79585 Steinen
Sehr geehrte Damen und Herren,
in obiger Sache erhalten Sie das Ergebnis der durchgeführten Drittauskunft für:
Svetlana Maj
Die erlangten Daten dürfen nur zu Vollstreckungszwecken für obige Sache genutzt werden und sind nach
Zweckerreichung zu löschen, §§ 8021 (3), 802d (1) ZPO. Die Weitergabe an Dritte ist unzulässig. Das Abrufergebnis
muss, trotz Übereinstimmung des Namens und Geburtsdatum, nicht zwingend mit der abgefragten Person identisch
sein (Doppelgänger). Die Drittbehörde kann nur Daten mitteilen, die mit der konkreten Abfrage übereinstimmen.
Vorpfändung: Es wurde kein Antrag auf Erlass einer Vorpfändung gestellt.
Mit freundlichen Grüßen
Dieses Dokument wurde maschinell
erstellt und ist ohne Unterschrift gültig.
(Duhnke)
Obergerichtsvollzieherin
beim Amtsgericht Lörrach
Sie erreichen uns zu folgenden Zeiten:
Telefonsprechstunde: Dienstag + Donnerstag von 8:30 bis 11:30 Uhr unter 01522/3090309
Bürosprechstunde: Montag + Mittwoch von 12:30 bis 13:30 Uhr (Wartezeiten möglich)
Schuldnerdaten sind nach Zweckerreichung zu löschen. Informationen zum Schutz personenbezogener Daten und deren Verarbeitung durch
die Justiz finden Sie auf der Internetseite des Amtsgerichts Lörrach. Diese können Sie auch in Papierform anfordern, Art. 13, 14 DS-GVO.
 Bundeszentralamt
für Steuern
POSTANSCHRIFT
Bundeszentralamt für Steuem, 11055 Berlin
HAUSANSCHRIFT
DGZ-Ring 12, 13086 Berlin
BEARBEITET VON
Obergerichtsvollzieherin
Duhnke
Steuerabteilung National
Kontenabrufverfahren
c/o Amtsgericht Lörrach
TEL
+49 (0) 2 28 40 6-3600
Bahnhofstraße 4
FAX
+49 (0) 2 28 40 6-4408
79539 Lörrach
E-MAIL
kontenabruf@bzst.bund.de
INTERNET
www.bzst.bund.de
BETREFF
Kontenabrufersuchen nach §§ 93, 93b Abgabenordnung (AO)
BEZUG
Ihr Kontenabrufersuchen vom 11.12.2025 AZ: DR Il 1447/25
ANLAGEN
1
GZ
St II 4 S 0229a KEVIZZ 2894504/25
(bei Antwort bille angeben)
DATUM
14.12.2025
Ihr oben genanntes Kontenabrufersuchen ist im Rahmen des automatisierten Abrufs von
Kontoinformationen bearbeitet worden. Die Ergebnisse dieses Abrufs entnehmen Sie bitte der
nachfolgenden Anlage.
Bitte beachten Sie
dass die Verantwortung für die Zulässigkeit des Datenabrufs und die Datenübermittlung die
ersuchende Behörde trägt (§ 93b Abs. 3 AO),
die Informations- und Dokumentationspflichten gemäß § 93 Abs. 9 und 10 AO sowie den
Anwendungserlass zur Abgabenordnung (AEAO),
dass die Kontenstammdaten in der Datei nach § 24c Kreditwesengesetz (KWG) durch die
beteiligten Kreditinstitute vorgehalten werden. Ich kann deshalb keine Haftung dafür
übernehmen, dass die im Rahmen des Kontenabrufs mitgeteilten Daten vollständig und
inhaltlich korrekt sind.
Zum Inhalt des Ergebnisses bemerke ich folgendes:
Aufgrund der gesetzlichen Vorgabe der Unterscheidungsmerkmale in den von den Kreditinstituten
zu führenden Dateien kann die Identität der gemeldeten Personen immer nur im Hinblick auf die
Merkmale Name und Geburtsdatum für die Kontoinhaber und Verfügungsberechtigten bzw. Name
und Anschrift für die abweichend wirtschaftlich Berechtigten festgestellt werden. Insofern muss das
übermittelte Abrufergebnis trotz Übereinstimmung des Namens und des Geburtsdatums nicht
zwingend mit der von Ihnen abgefragten Person identisch sein. Das gilt auch für
Firmenbezeichnungen. Die auf dem Kontenabrufersuchen gleichwohl anzugebende Anschrift des
Kontoinhabers oder des Verfügungsberechtigten wird nicht in die Abfrage einbezogen.
 Bundeszentralamt
für Steuern
Bei Rückfragen bitte ich Sie, zunächst die FAQ (häufige Fragen) zu beachten, die Sie auf der
Homepage des BZSt unter http://www.bzst.bund.de oder, sofern Sie für die Verwaltung der
Grundsicherung für Arbeitsuchende nach dem Zweiten Buch Sozialgesetzbuch zuständig sind, im
Intranet der Bundesagentur für Arbeit finden. Sie können sich aber auch an die oben angegebene
Telefonnummer wenden.
Dieses Anschreiben wurde automatisch erstellt und ist ohne Unterschrift gültig.
 Anlage zu GZ: St Il 4 S 0229a KEVIZZ 2894504/25 (Bitte stets angeben)
Ergebnisse
zu der Anfrage von dem/der:
Obergerichtsvollzieherin
Duhnke
c/o Amtsgericht Lörrach
vom:
11.12.2025
Ihr AZ:
DR Il 1447/25
mit folgenden Anhaltsdaten:
Name:
Nachname:
Maj
Vorname:
Svetlana
Geburtsdatum:
15.05.1973
Kontonummer:
Sparkasse Wiesental
BAK-Nr.: 100500
Adolf-Müller-Straße 1, 79650 Schopfheim
Trefferanzahl: 5
Kontonummer: DE93683515576203206872
Errichtungsdatum: 19.03.2020
Kontoinfo:
Auflösungsdatum:
Kontoinhaber
Geburtsdatum Seit
Bis
Svetlana Maj
15.05.1973
02.12.2021
Alte Weberei 2, 79585 Steinen
Kontonummer: DE18683515576203206864
Errichtungsdatum: 19.03.2020
Kontoinfo:
Auflösungsdatum:
Kontoinhaber
Geburtsdatum Seit
Bis
Svetlana Maj
15.05.1973
02.12.2021
Alte Weberei 2, 79585 Steinen
Anfrage von Obergerichtsvollzieherin
Seite
1 von
3
Duhnke
c/o Amtsgericht Lörrach (G08685) zu AZ DR Il 1447/25
 Anlage zu GZ: St Il 4 S 0229a KEVIZZ 2894504/25 (Bitte stets angeben)
Kontonummer: DE98683515573117192231
Errichtungsdatum: 27.01.2016
Kontoinfo:
Auflösungsdatum:
Kontoinhaber
Geburtsdatum Seit
Bis
Svetlana Maj
15.05.1973
02.12.2021
Alte Weberei 2, 79585 Steinen
Kontonummer: DE23683515570003327517
Errichtungsdatum: 12.11.2015
Kontoinfo:
Auflösungsdatum:
Kontoinhaber
Geburtsdatum Seit
Bis
Svetlana Maj
15.05.1973
02.12.2021
Alte Weberei 2, 79585 Steinen
Anfrage von Obergerichtsvollzieherin
Seite
2 von
3
Duhnke
c/o Amtsgericht Lörrach (G08685) zu AZ DR Il 1447/25
 Anlage zu GZ: St Il 4 . S 0229a KEVIZZ - 2894504/25 (Bitte stets angeben)
LBS Landesbausparkasse Süd
BAK-Nr.: 105627
Jägerstraße 36, 70174 Stuttgart
Trefferanzahl: 1
Kontonummer: 9094574622
Errichtungsdatum: 01.07.2024
Kontoinfo:
Auflösungsdatum:
Kontoinhaber
Geburtsdatum Seit
Bis
Svetlana Maj
15.05.1973
01.07.2024
Alte Weberei 2, 79585 Steinen DE
Anfrage von Obergerichtsvollzieherin
Seite
3 von
3
Duhnke
c/o Amtsgericht Lörrach (G08685) zu AZ DR Il 1447/25",drittauskunft,False,False,fcb8f914-7324-53aa-a093-77d9a2ff502b,ac6193ae-de04-5325-8947-03865c1e8f9d,674af69a38c0bd80914157fc0769fec7fbf7d1170b0923f9b7383f16d2d97d58,s3://pair-data-engineering-new/ocr_prepared_output/674af69a38c0bd80914157fc0769fec7fbf7d1170b0923f9b7383f16d2d97d58.json
data/aftercourt/drittauskunft_without_invoice/551a7d98-8878-4a09-8b27-51b79e1bfbaf.pdf,"<page_1>
OLIVER LIEB
Stethaimerstraße 32-34
84034 Landshut
Tel. 0871/9749780
Hauptgerichtsvollzieher
Fax 0871 / 9749780
Mobil 0171/2186060
lieb@gerichtsvollzieher.de
safe-sp1-1355129458720-011717535
SPRECHSTUNDEN
Dienstag 08.00 bis 09.00 Uhr
HGV LIEB, Stethaimerstraße 32-34, 84034 Landshut
Mittwoch 11.00 bis 12.00 Uhr
Falls verzogen mit neuer Anschrift zurück
Stethaimerstraße 32-34
84034 Landshut
PAIR Finance GmbH
Tel.: 0871 / 9749780
Knesebeckstr. 62-63
10719 Berlin
5 DR-II 0348/26
BITTE BEI ALLEN SCHREIBEN
UND ZAHLUNGEN ANGEBEN
Ihr Zeichen: 178946524505
Datum: 23.04.2026
Sehr geehrte Damen und Herren
In der Zwangsvollstreckungssache Liquandum Capital II GmbH, Knesebeckstraße 62-63,
10719 Berlin
gegen Kern Jasmin Beatrix, Schönaustraße 23 a, 84036 Landshut
übersende ich Ihnen in vorbezeichneter Angelegenheit anliegend antragsgemäß das Ergebnis der eingeholten
Drittauskunft/Drittauskünfte.
Sie werden darauf hingewiesen, dass gem. § 802 Abs. 1 und 2 ZPO die Daten nur insoweit verwendet werden
dürfen, als sie zur Zwangsvollstreckung aus vorliegendem Rechtsverhältnis erforderlich sind. Die Daten dürfen
nicht für Inkasso- oder Vollstreckungszwecke in anderen Angelegenheiten verwendet werden.
Hochachtungsvoll
LIEB
Hauptgerichtsvollzieher
beim AG Landshut
3.3.1628
Dienstkonto: SPARKASSE LANDSHUT IBAN: DE88 7435 0000 0001 5617 90 BIC: BYLADEM1LAH
Informationen zum Datenschutz erhalten sie unter www.justiz.bayern.de/gerichte-und-behoerden.de oder über die obenstehenden Kontaktdaten.
Gemäß Artikel 13 der Verordnung (EU) 2016/679 des Europäischen Parlaments und des Rates vom 27.04.2016 (Datenschutz-Grundverordnung) wird darauf
hingewiesen, dass personenbezogene Daten zum Zwecke der Durchführung des Verfahrens vor dem Gerichtsvollzieher erhoben und verarbeitet werden. Es
besteht sowohl ein Recht auf Auskunft seitens des Gerichtsvollziehers über diese personenbezogenen Daten, sowie auch auf Berichtigung oder ggfls. Löschung.
<page_2>
Bundeszentralamt
für Steuern
POSTANSCHRIFT
Bundeszentralamt für Steuern, 11055 Berlin
HAUSANSCHRIFT
DGZ-Ring 12, 13086 Berlin
BEARBEITET VON
Hauptgerichtsvollzieher
Oliver Lieb
Steuerabteilung National
Kontenabrufverfahren
Stethaimerstraße 32-34
TEL
+49 (0) 2 28 40 6-3600
84034 Landshut
FAX
+49 (0) 2 28 40 6-4408
E-MAIL
kontenabruf@bzst.bund.de
INTERNET
www.bzst.bund.de
BETREFF
Kontenabrufersuchen nach §§ 93, 93b Abgabenordnung (AO)
BEZUG
Ihr Kontenabrufersuchen vom 22.04.2026 AZ: DR-II 0348_26_1
ANLAGEN
1
GZ
St II 4 S 0229a KEVIZZ 946758/26
(bei Antwort bitte angeben)
DATUM
22.04.2026
Ihr oben genanntes Kontenabrufersuchen ist im Rahmen des automatisierten Abrufs von
Kontoinformationen bearbeitet worden. Die Ergebnisse dieses Abrufs entnehmen Sie bitte der
nachfolgenden Anlage.
Bitte beachten Sie
dass die Verantwortung für die Zulässigkeit des Datenabrufs und die Datenübermittlung die
ersuchende Behörde trägt (§ 93b Abs. 3 AO),
die Informations- und Dokumentationspflichten gemäß § 93 Abs. 9 und 10 AO sowie den
Anwendungserlass zur Abgabenordnung (AEAO),
dass die Kontenstammdaten in der Datei nach § 24c Kreditwesengesetz (KWG) durch die
beteiligten Kreditinstitute vorgehalten werden. Ich kann deshalb keine Haftung dafür
übernehmen, dass die im Rahmen des Kontenabrufs mitgeteilten Daten vollständig und
inhaltlich korrekt sind.
Zum Inhalt des Ergebnisses bemerke ich folgendes:
Aufgrund der gesetzlichen Vorgabe der Unterscheidungsmerkmale in den von den Kreditinstituten
zu führenden Dateien kann die Identität der gemeldeten Personen immer nur im Hinblick auf die
Merkmale Name und Geburtsdatum für die Kontoinhaber und Verfügungsberechtigten bzw. Name
und Anschrift für die abweichend wirtschaftlich Berechtigten festgestellt werden. Insofern muss das
übermittelte Abrufergebnis trotz Übereinstimmung des Namens und des Geburtsdatums nicht
zwingend mit der von Ihnen abgefragten Person identisch sein. Das gilt auch für
Firmenbezeichnungen. Die auf dem Kontenabrufersuchen gleichwohl anzugebende Anschrift des
Kontoinhabers oder des Verfügungsberechtigten wird nicht in die Abfrage einbezogen.
<page_3>
Bundeszentralamt
für Steuern
Bei Rückfragen bitte ich Sie, zunächst die FAQ (häufige Fragen) zu beachten, die Sie auf der
Homepage des BZSt unter http://www.bzst.bund.de oder, sofern Sie für die Verwaltung der
Grundsicherung für Arbeitsuchende nach dem Zweiten Buch Sozialgesetzbuch zuständig sind, im
Intranet der Bundesagentur für Arbeit finden. Sie können sich aber auch an die oben angegebene
Telefonnummer wenden.
Dieses Anschreiben wurde automatisch erstellt und ist ohne Unterschrift gültig.
<page_4>
Anlage zu GZ: St Il 4 - S 0229a KEVIZZ 946758/26 (Bitte stets angeben)
Ergebnisse
zu der Anfrage von dem/der:
Hauptgerichtsvollzieher
Oliver Lieb
vom:
22.04.2026
Ihr AZ:
DR-II 0348_26_1
mit folgenden Anhaltsdaten:
Name:
Nachname:
Kern
Vorname:
Jasmin Beatrix
Geburtsdatum:
01.05.1980
Kontonummer:
ING-DiBa AG
BAK-Nr.: 100088
Theodor-Heuss-Allee 2, 60486 Frankfurt am Main
Trefferanzahl: 2
Kontonummer: DE77500105175582724878
Errichtungsdatum: 05.10.2021
Kontoinfo:
Auflösungsdatum:
Kontoinhaber
Geburtsdatum
Seit
Bis
Jasmin Beatrix Kern
01.05.1980
05.10.2021
Schönaustr. 23a 84036 Landshut
Kontonummer: 8020687236
Errichtungsdatum: 05.10.2021
Kontoinfo:
Auflösungsdatum:
Kontoinhaber
Geburtsdatum Seit
Bis
Jasmin Beatrix Kern
01.05.1980
05.10.2021
Schönaustr. 23a 84036 Landshut
Landesbank Baden-Württemberg
BAK-Nr.: 100430
Am Hauptbahnhof 2, 70173 Stuttgart
Trefferanzahl: 1
Kontonummer: 4242019678869000
Errichtungsdatum: 22.03.2019
Kontoinfo:
Auflösungsdatum:
Kontoinhaber
Geburtsdatum Seit
Bis
Jasmin Beatrix Kern
01.05.1980
21.08.2019
Schönaustr. 23A, 84036 Landshut
Anfrage von Hauptgerichtsvollzieher
Seite
1 von
3
Oliver Lieb (G09086) zu AZ DR-II 0348_26_1
<page_5>
Anlage zu GZ: St Il 4 - S 0229a KEVIZZ 946758/26 (Bitte stets angeben)
Sparkasse Landshut
BAK-Nr.: 100595
Bischof-Sailer-Platz 431, 84028 Landshut, Isar
Trefferanzahl: 1
Kontonummer: DE88743500000020116144
Errichtungsdatum: 13.05.2009
Kontoinfo:
Auflösungsdatum:
Kontoinhaber
Geburtsdatum
Seit
Bis
Jasmin Beatrix Kern
01.05.1980
05.05.2014
Schönaustr. 23a, 84036 Landshut
VR-Bank Landshut eG
BAK-Nr.: 101492
Ingolstädter Straße 2, 84030 Landshut
Trefferanzahl: 1
Kontonummer: DE19743900000001500449
Errichtungsdatum: 08.05.2025
Kontoinfo:
Auflösungsdatum:
Kontoinhaber
Geburtsdatum
Seit
Bis
Körry Karl GmbH
08.05.2025
Altstadt 364 84028 Landshut
Verfügungsberechtigte
Geburtsdatum
Seit
Bis
Jasmin Beatrix Kern
01.05.1980
08.05.2025
Schönaustr. 23 a 84036 Landshut
Wirtschaftlich Berechtigte
Seit
Bis
Jasmin Beatrix Kern
08.05.2025
Schönaustr. 23 a 84036 Landshut
Oberbank AG, Niederlassung Deutschland
BAK-Nr.: 115209
Oskar-von-Miller-Ring 38, 80333 München
Trefferanzahl: 2
Kontonummer: DE29701207001051223376
Errichtungsdatum: 16.11.2018
Kontoinfo:
Auflösungsdatum:
Kontoinhaber
Geburtsdatum
Seit
Bis
Körry Karl GmbH
02.01.2020
22.01.2026
Altstadt 364 84028 LANDSHUT
Körry Karl GmbH
22.01.2026
Schoenaustrasse 23A 84036 LANDSHUT
Anfrage von Hauptgerichtsvollzieher
Seite
2 von
3
Oliver Lieb (G09086) zu AZ DR-II 0348_26_1
<page_6>
Anlage zu GZ: St Il 4 - S 0229a KEVIZZ 946758/26 (Bitte stets angeben)
Verfügungsberechtigte
Geburtsdatum
Seit
Bis
Jasmin Beatrix Kern
01.05.1980
11.01.2022
Schoenaustrasse 23/a 84036 LANDSHUT
Karl Rupert Weber
29.04.1966
16.11.2018
Grasgasse 332 84028 LANDSHUT
Wirtschaftlich Berechtigte
Seit
Bis
Jasmin Beatrix Kern
11.01.2022
Schoenaustrasse 23/a 84036 LANDSHUT
Kontonummer: DE86701207001051225066
Errichtungsdatum: 27.12.2018
Kontoinfo:
Auflösungsdatum:
Kontoinhaber
Geburtsdatum
Seit
Bis
Körry Karl GmbH
02.01.2020
22.01.2026
Altstadt 364 84028 LANDSHUT
Körry Karl GmbH
22.01.2026
Schoenaustrasse 23A 84036 LANDSHUT
Verfügungsberechtigte
Geburtsdatum
Seit
Bis
Jasmin Beatrix Kern
01.05.1980
11.01.2022
Schoenaustrasse 23/a 84036 LANDSHUT
Karl Rupert Weber
29.04.1966
27.12.2018
Grasgasse 332 84028 LANDSHUT
Wirtschaftlich Berechtigte
Seit
Bis
Jasmin Beatrix Kern
11.01.2022
Schoenaustrasse 23/a 84036 LANDSHUT
Solaris SE
BAK-Nr.: 143626
Cuvrystraße 53, 10997 Berlin
Trefferanzahl: 1
Kontonummer: DE61110101015781622121
Errichtungsdatum: 11.09.2022
Kontoinfo:
Auflösungsdatum:
Kontoinhaber
Geburtsdatum
Seit
Bis
JASMIN BEATRIX KERN
01.05.1980
16.09.2022
Schönaustraße 23A 84036 Landshut DE
Anfrage von Hauptgerichtsvollzieher
Seite
3 von
3
Oliver Lieb (G09086) zu AZ DR-II 0348_26_1",False," OLIVER LIEB
Stethaimerstraße 32-34
84034 Landshut
Tel. 0871/9749780
Hauptgerichtsvollzieher
Fax 0871 / 9749780
Mobil 0171/2186060
lieb@gerichtsvollzieher.de
safe-sp1-1355129458720-011717535
SPRECHSTUNDEN
Dienstag 08.00 bis 09.00 Uhr
HGV LIEB, Stethaimerstraße 32-34, 84034 Landshut
Mittwoch 11.00 bis 12.00 Uhr
Falls verzogen mit neuer Anschrift zurück
Stethaimerstraße 32-34
84034 Landshut
PAIR Finance GmbH
Tel.: 0871 / 9749780
Knesebeckstr. 62-63
10719 Berlin
5 DR-II 0348/26
BITTE BEI ALLEN SCHREIBEN
UND ZAHLUNGEN ANGEBEN
Ihr Zeichen: 178946524505
Datum: 23.04.2026
Sehr geehrte Damen und Herren
In der Zwangsvollstreckungssache Liquandum Capital II GmbH, Knesebeckstraße 62-63,
10719 Berlin
gegen Kern Jasmin Beatrix, Schönaustraße 23 a, 84036 Landshut
übersende ich Ihnen in vorbezeichneter Angelegenheit anliegend antragsgemäß das Ergebnis der eingeholten
Drittauskunft/Drittauskünfte.
Sie werden darauf hingewiesen, dass gem. § 802 Abs. 1 und 2 ZPO die Daten nur insoweit verwendet werden
dürfen, als sie zur Zwangsvollstreckung aus vorliegendem Rechtsverhältnis erforderlich sind. Die Daten dürfen
nicht für Inkasso- oder Vollstreckungszwecke in anderen Angelegenheiten verwendet werden.
Hochachtungsvoll
LIEB
Hauptgerichtsvollzieher
beim AG Landshut
3.3.1628
Dienstkonto: SPARKASSE LANDSHUT IBAN: DE88 7435 0000 0001 5617 90 BIC: BYLADEM1LAH
Informationen zum Datenschutz erhalten sie unter www.justiz.bayern.de/gerichte-und-behoerden.de oder über die obenstehenden Kontaktdaten.
Gemäß Artikel 13 der Verordnung (EU) 2016/679 des Europäischen Parlaments und des Rates vom 27.04.2016 (Datenschutz-Grundverordnung) wird darauf
hingewiesen, dass personenbezogene Daten zum Zwecke der Durchführung des Verfahrens vor dem Gerichtsvollzieher erhoben und verarbeitet werden. Es
besteht sowohl ein Recht auf Auskunft seitens des Gerichtsvollziehers über diese personenbezogenen Daten, sowie auch auf Berichtigung oder ggfls. Löschung.
 Bundeszentralamt
für Steuern
POSTANSCHRIFT
Bundeszentralamt für Steuern, 11055 Berlin
HAUSANSCHRIFT
DGZ-Ring 12, 13086 Berlin
BEARBEITET VON
Hauptgerichtsvollzieher
Oliver Lieb
Steuerabteilung National
Kontenabrufverfahren
Stethaimerstraße 32-34
TEL
+49 (0) 2 28 40 6-3600
84034 Landshut
FAX
+49 (0) 2 28 40 6-4408
E-MAIL
kontenabruf@bzst.bund.de
INTERNET
www.bzst.bund.de
BETREFF
Kontenabrufersuchen nach §§ 93, 93b Abgabenordnung (AO)
BEZUG
Ihr Kontenabrufersuchen vom 22.04.2026 AZ: DR-II 0348_26_1
ANLAGEN
1
GZ
St II 4 S 0229a KEVIZZ 946758/26
(bei Antwort bitte angeben)
DATUM
22.04.2026
Ihr oben genanntes Kontenabrufersuchen ist im Rahmen des automatisierten Abrufs von
Kontoinformationen bearbeitet worden. Die Ergebnisse dieses Abrufs entnehmen Sie bitte der
nachfolgenden Anlage.
Bitte beachten Sie
dass die Verantwortung für die Zulässigkeit des Datenabrufs und die Datenübermittlung die
ersuchende Behörde trägt (§ 93b Abs. 3 AO),
die Informations- und Dokumentationspflichten gemäß § 93 Abs. 9 und 10 AO sowie den
Anwendungserlass zur Abgabenordnung (AEAO),
dass die Kontenstammdaten in der Datei nach § 24c Kreditwesengesetz (KWG) durch die
beteiligten Kreditinstitute vorgehalten werden. Ich kann deshalb keine Haftung dafür
übernehmen, dass die im Rahmen des Kontenabrufs mitgeteilten Daten vollständig und
inhaltlich korrekt sind.
Zum Inhalt des Ergebnisses bemerke ich folgendes:
Aufgrund der gesetzlichen Vorgabe der Unterscheidungsmerkmale in den von den Kreditinstituten
zu führenden Dateien kann die Identität der gemeldeten Personen immer nur im Hinblick auf die
Merkmale Name und Geburtsdatum für die Kontoinhaber und Verfügungsberechtigten bzw. Name
und Anschrift für die abweichend wirtschaftlich Berechtigten festgestellt werden. Insofern muss das
übermittelte Abrufergebnis trotz Übereinstimmung des Namens und des Geburtsdatums nicht
zwingend mit der von Ihnen abgefragten Person identisch sein. Das gilt auch für
Firmenbezeichnungen. Die auf dem Kontenabrufersuchen gleichwohl anzugebende Anschrift des
Kontoinhabers oder des Verfügungsberechtigten wird nicht in die Abfrage einbezogen.
 Bundeszentralamt
für Steuern
Bei Rückfragen bitte ich Sie, zunächst die FAQ (häufige Fragen) zu beachten, die Sie auf der
Homepage des BZSt unter http://www.bzst.bund.de oder, sofern Sie für die Verwaltung der
Grundsicherung für Arbeitsuchende nach dem Zweiten Buch Sozialgesetzbuch zuständig sind, im
Intranet der Bundesagentur für Arbeit finden. Sie können sich aber auch an die oben angegebene
Telefonnummer wenden.
Dieses Anschreiben wurde automatisch erstellt und ist ohne Unterschrift gültig.
 Anlage zu GZ: St Il 4 - S 0229a KEVIZZ 946758/26 (Bitte stets angeben)
Ergebnisse
zu der Anfrage von dem/der:
Hauptgerichtsvollzieher
Oliver Lieb
vom:
22.04.2026
Ihr AZ:
DR-II 0348_26_1
mit folgenden Anhaltsdaten:
Name:
Nachname:
Kern
Vorname:
Jasmin Beatrix
Geburtsdatum:
01.05.1980
Kontonummer:
ING-DiBa AG
BAK-Nr.: 100088
Theodor-Heuss-Allee 2, 60486 Frankfurt am Main
Trefferanzahl: 2
Kontonummer: DE77500105175582724878
Errichtungsdatum: 05.10.2021
Kontoinfo:
Auflösungsdatum:
Kontoinhaber
Geburtsdatum
Seit
Bis
Jasmin Beatrix Kern
01.05.1980
05.10.2021
Schönaustr. 23a 84036 Landshut
Kontonummer: 8020687236
Errichtungsdatum: 05.10.2021
Kontoinfo:
Auflösungsdatum:
Kontoinhaber
Geburtsdatum Seit
Bis
Jasmin Beatrix Kern
01.05.1980
05.10.2021
Schönaustr. 23a 84036 Landshut
Landesbank Baden-Württemberg
BAK-Nr.: 100430
Am Hauptbahnhof 2, 70173 Stuttgart
Trefferanzahl: 1
Kontonummer: 4242019678869000
Errichtungsdatum: 22.03.2019
Kontoinfo:
Auflösungsdatum:
Kontoinhaber
Geburtsdatum Seit
Bis
Jasmin Beatrix Kern
01.05.1980
21.08.2019
Schönaustr. 23A, 84036 Landshut
Anfrage von Hauptgerichtsvollzieher
Seite
1 von
3
Oliver Lieb (G09086) zu AZ DR-II 0348_26_1
 Anlage zu GZ: St Il 4 - S 0229a KEVIZZ 946758/26 (Bitte stets angeben)
Sparkasse Landshut
BAK-Nr.: 100595
Bischof-Sailer-Platz 431, 84028 Landshut, Isar
Trefferanzahl: 1
Kontonummer: DE88743500000020116144
Errichtungsdatum: 13.05.2009
Kontoinfo:
Auflösungsdatum:
Kontoinhaber
Geburtsdatum
Seit
Bis
Jasmin Beatrix Kern
01.05.1980
05.05.2014
Schönaustr. 23a, 84036 Landshut
VR-Bank Landshut eG
BAK-Nr.: 101492
Ingolstädter Straße 2, 84030 Landshut
Trefferanzahl: 1
Kontonummer: DE19743900000001500449
Errichtungsdatum: 08.05.2025
Kontoinfo:
Auflösungsdatum:
Kontoinhaber
Geburtsdatum
Seit
Bis
Körry Karl GmbH
08.05.2025
Altstadt 364 84028 Landshut
Verfügungsberechtigte
Geburtsdatum
Seit
Bis
Jasmin Beatrix Kern
01.05.1980
08.05.2025
Schönaustr. 23 a 84036 Landshut
Wirtschaftlich Berechtigte
Seit
Bis
Jasmin Beatrix Kern
08.05.2025
Schönaustr. 23 a 84036 Landshut
Oberbank AG, Niederlassung Deutschland
BAK-Nr.: 115209
Oskar-von-Miller-Ring 38, 80333 München
Trefferanzahl: 2
Kontonummer: DE29701207001051223376
Errichtungsdatum: 16.11.2018
Kontoinfo:
Auflösungsdatum:
Kontoinhaber
Geburtsdatum
Seit
Bis
Körry Karl GmbH
02.01.2020
22.01.2026
Altstadt 364 84028 LANDSHUT
Körry Karl GmbH
22.01.2026
Schoenaustrasse 23A 84036 LANDSHUT
Anfrage von Hauptgerichtsvollzieher
Seite
2 von
3
Oliver Lieb (G09086) zu AZ DR-II 0348_26_1
 Anlage zu GZ: St Il 4 - S 0229a KEVIZZ 946758/26 (Bitte stets angeben)
Verfügungsberechtigte
Geburtsdatum
Seit
Bis
Jasmin Beatrix Kern
01.05.1980
11.01.2022
Schoenaustrasse 23/a 84036 LANDSHUT
Karl Rupert Weber
29.04.1966
16.11.2018
Grasgasse 332 84028 LANDSHUT
Wirtschaftlich Berechtigte
Seit
Bis
Jasmin Beatrix Kern
11.01.2022
Schoenaustrasse 23/a 84036 LANDSHUT
Kontonummer: DE86701207001051225066
Errichtungsdatum: 27.12.2018
Kontoinfo:
Auflösungsdatum:
Kontoinhaber
Geburtsdatum
Seit
Bis
Körry Karl GmbH
02.01.2020
22.01.2026
Altstadt 364 84028 LANDSHUT
Körry Karl GmbH
22.01.2026
Schoenaustrasse 23A 84036 LANDSHUT
Verfügungsberechtigte
Geburtsdatum
Seit
Bis
Jasmin Beatrix Kern
01.05.1980
11.01.2022
Schoenaustrasse 23/a 84036 LANDSHUT
Karl Rupert Weber
29.04.1966
27.12.2018
Grasgasse 332 84028 LANDSHUT
Wirtschaftlich Berechtigte
Seit
Bis
Jasmin Beatrix Kern
11.01.2022
Schoenaustrasse 23/a 84036 LANDSHUT
Solaris SE
BAK-Nr.: 143626
Cuvrystraße 53, 10997 Berlin
Trefferanzahl: 1
Kontonummer: DE61110101015781622121
Errichtungsdatum: 11.09.2022
Kontoinfo:
Auflösungsdatum:
Kontoinhaber
Geburtsdatum
Seit
Bis
JASMIN BEATRIX KERN
01.05.1980
16.09.2022
Schönaustraße 23A 84036 Landshut DE
Anfrage von Hauptgerichtsvollzieher
Seite
3 von
3
Oliver Lieb (G09086) zu AZ DR-II 0348_26_1",drittauskunft,False,False,13d78d06-647f-502f-82b7-cd42d5eb914b,58c1cb69-a6b7-5c87-96ea-7bcbd8d8d142,599c26934284ee812572072a717077b982e92b1ac17188886985be39bf1b216f,s3://pair-data-engineering-new/ocr_prepared_output/599c26934284ee812572072a717077b982e92b1ac17188886985be39bf1b216f.json
data/aftercourt/drittauskunft_without_invoice/32b91e58-d3ad-4a34-aa72-2ec754086c31.pdf,"<page_1>
Janina Dahlhaus
Adolf-Grimme-Straße 3
Obergerichtsvollzieherin
45768 Marl
E-Mail: Janina.Dahlhaus@ag-marl.nrw.de
Sprechstunden:
Montag: 09:00 Uhr 10:00 Uhr
Mittwoch: 09:00 Uhr 10:00 Uhr
Telefon 0163/7322268
Abs. OGV'in Dahlhaus, Adolf-Grimme-Straße 3, 45768 Marl
EGVP-Nutzer-ID für ERV:
PAIR Finance GmbH
DE.Justiz.cb9c25f5-28cb-4139-8421-
Knesebeckstraße 62-63
20b799bf4c0c.b558
10719 Berlin
Dienstkonto:
IBAN: DE68 4265 0150 1000 6373 46
BIC: WELADED1REK
Sparkasse Vest Recklinghausen
DR II 598/26
Bitte bei allen Schreiben
und Zahlungen angeben!
159612694228
Marl, 23.04.2026
Zwangsvollstreckungssache
Liquandum Capital II GmbH, Knesenbeckstraße 62-63, 10719 Berlin
vertreten durch: PAIR Finance GmbH, Knesebeckstraße 62-63, 10719 Berlin, Az.159612694228
gegen
Frau Franziska Donath, Finkenstraße 4c, 45772 Marl
Sehr geehrte Damen und Herren,
anliegend erhalten Sie wie von Ihnen beantragt:
Auskunft vom Bundeszentralamt für Steuern
Daten, die für die Zwecke der Vollstreckung nicht erforderlich sind, wurden aus der Auskunft entfernt.
Die erlangten Angaben dürfen nur zu Vollstreckungszwecken verwendet werden. Nach Zweckerreichung
(insbesondere bei vollständiger Zahlung) sind die Daten zu löschen.
Mit freundlichen Grüßen
Dahlhaus
Obergerichtsvollzieherin
beim Amtsgericht Marl
Informationen zur Verarbeitung personenbezogener Daten in Rechtssachen durch die Justiz Nordrhein-Westfalen finden Sie unter
www.justiz.nrw/datenschutz/rechtssachen. Informationen in Papierform erhalten Sie gern auf Anfrage.
DR II 598/26, Seite 1
<page_2>
Anlage zu GZ: St II 4 - S 0229a KEVIZZ 951662/26 (Bitte stets angeben)
Ergebnisse
zu der Anfrage von dem/der:
Gerichtsvollzieherin
Janina Dahlhaus
vom:
22.04.2026
Ihr AZ:
DR II 598/26
mit folgenden Anhaltsdaten:
Name:
Nachname:
Donath
Vorname:
Franziska
Geburtsdatum:
29.01.1980
Kontonummer:
COMMERZBANK Aktiengesellschaft
BAK-Nr.: 100005
Kaiserstraße 16 (Kaiserplatz), 60311 Frankfurt am Main
Trefferanzahl: 5
Kontonummer:
Errichtungsdatum: 31.10.2007
Kontoinfo:
Auflösungsdatum:
Kontoinhaber
Geburtsdatum Seit
Bis
Verfügungsberechtigte
Geburtsdatum Seit
Bis
Kontonummer: DE14360400390181274200
Errichtungsdatum: 07.11.2014
Kontoinfo:
Auflösungsdatum:
Kontoinhaber
Geburtsdatum Seit
Bis
Franziska Donath
29.01.1980
14.10.2022
Finkenstr. 4 c 45772 Marl
Verfügungsberechtigte
Geburtsdatum
Seit
Bis
Anfrage von Gerichtsvollzieherin
Seite
1 von
4
Janina Dahlhaus (G21288) zu AZ DR Il 598/26
<page_3>
Anlage zu GZ: St Il 4 - S 0229a KEVIZZ 951662/26 (Bitte stets angeben)
Kontonummer: DE84360400390181274201
Errichtungsdatum: 30.08.2016
Kontoinfo:
Auflösungsdatum:
Kontoinhaber
Geburtsdatum Seit
Bis
Franziska Donath
29.01.1980
14.10.2022
Finkenstr. 4 c 45772 Marl
Verfügungsberechtigte
Geburtsdatum Seit
Bis
Kontonummer: DE57360400390181274202
Errichtungsdatum: 28.11.2019
Kontoinfo:
Auflösungsdatum:
Kontoinhaber
Geburtsdatum Seit
Bis
Franziska Donath
29.01.1980
14.10.2022
Finkenstr. 4 c 45772 Marl
Verfügungsberechtigte
Geburtsdatum Seit
Bis
Kontonummer: 181274200
Errichtungsdatum: 13.08.2018
Kontoinfo:
Auflösungsdatum:
Kontoinhaber
Geburtsdatum Seit
Bis
Franziska Donath
29.01.1980
06.05.2025
Finkenstr. 4 c 45772 Marl
Verfügungsberechtigte
Geburtsdatum
Seit
Bis
Anfrage von Gerichtsvollzieherin
Seite
2 von
4
Janina Dahlhaus (G21288) zu AZ DR Il 598/26
<page_4>
Anlage zu GZ: St Il 4 - S 0229a KEVIZZ 951662/26 (Bitte stets angeben)
Stadtsparkasse Essen
BAK-Nr.: 100827
III. Hagen 43, 45127 Essen, Ruhr
Trefferanzahl: 1
Kontonummer: DE03360501053002691875
Errichtungsdatum: 16.08.2019
Kontoinfo:
Auflösungsdatum:
Kontoinhaber
Geburtsdatum Seit
Bis
Franziska Donath
29.01.1980
14.06.2021
Finkenstr. 4c, 45772 Marl
BNP Paribas S.A. Niederlassung Deutschland
BAK-Nr.: 108556
Senckenberganlage 19, 60325 Frankfurt
Trefferanzahl: 2
Kontonummer: 44908954659001
Errichtungsdatum: 17.12.2018
Kontoinfo:
Auflösungsdatum:
Kontoinhaber
Geburtsdatum Seit
Bis
FRANZISKA DONATH
29.01.1980
13.02.2026
FINKENSTRASSE 4C 45772 MARL
Kontonummer: 44911683599001
Errichtungsdatum: 23.04.2020
Kontoinfo:
Auflösungsdatum:
Kontoinhaber
Geburtsdatum Seit
Bis
Anfrage von Gerichtsvollzieherin
Seite
3 von
4
Janina Dahlhaus (G21288) zu AZ DR Il 598/26
<page_5>
Anlage zu GZ: St Il 4 - S 0229a - KEVIZZ 951662/26 (Bitte stets angeben)
FRANZISKA DONATH
29.01.1980
13.02.2026
FINKENSTRASSE 4C 45772 MARL
Grund: Beglaubigung-Signatur
Unterzeichnet von:
Janina Dahlhaus
Ort: Gerichtsvollzieherin bei
dem Amtsgericht Marl
Anfrage von Gerichtsvollzieherin
Seite
4 von
4
Janina Dahlhaus (G21288) zu AZ DR Il 598/26",False," Janina Dahlhaus
Adolf-Grimme-Straße 3
Obergerichtsvollzieherin
45768 Marl
E-Mail: Janina.Dahlhaus@ag-marl.nrw.de
Sprechstunden:
Montag: 09:00 Uhr 10:00 Uhr
Mittwoch: 09:00 Uhr 10:00 Uhr
Telefon 0163/7322268
Abs. OGV'in Dahlhaus, Adolf-Grimme-Straße 3, 45768 Marl
EGVP-Nutzer-ID für ERV:
PAIR Finance GmbH
DE.Justiz.cb9c25f5-28cb-4139-8421-
Knesebeckstraße 62-63
20b799bf4c0c.b558
10719 Berlin
Dienstkonto:
IBAN: DE68 4265 0150 1000 6373 46
BIC: WELADED1REK
Sparkasse Vest Recklinghausen
DR II 598/26
Bitte bei allen Schreiben
und Zahlungen angeben!
159612694228
Marl, 23.04.2026
Zwangsvollstreckungssache
Liquandum Capital II GmbH, Knesenbeckstraße 62-63, 10719 Berlin
vertreten durch: PAIR Finance GmbH, Knesebeckstraße 62-63, 10719 Berlin, Az.159612694228
gegen
Frau Franziska Donath, Finkenstraße 4c, 45772 Marl
Sehr geehrte Damen und Herren,
anliegend erhalten Sie wie von Ihnen beantragt:
Auskunft vom Bundeszentralamt für Steuern
Daten, die für die Zwecke der Vollstreckung nicht erforderlich sind, wurden aus der Auskunft entfernt.
Die erlangten Angaben dürfen nur zu Vollstreckungszwecken verwendet werden. Nach Zweckerreichung
(insbesondere bei vollständiger Zahlung) sind die Daten zu löschen.
Mit freundlichen Grüßen
Dahlhaus
Obergerichtsvollzieherin
beim Amtsgericht Marl
Informationen zur Verarbeitung personenbezogener Daten in Rechtssachen durch die Justiz Nordrhein-Westfalen finden Sie unter
www.justiz.nrw/datenschutz/rechtssachen. Informationen in Papierform erhalten Sie gern auf Anfrage.
DR II 598/26, Seite 1
 Anlage zu GZ: St II 4 - S 0229a KEVIZZ 951662/26 (Bitte stets angeben)
Ergebnisse
zu der Anfrage von dem/der:
Gerichtsvollzieherin
Janina Dahlhaus
vom:
22.04.2026
Ihr AZ:
DR II 598/26
mit folgenden Anhaltsdaten:
Name:
Nachname:
Donath
Vorname:
Franziska
Geburtsdatum:
29.01.1980
Kontonummer:
COMMERZBANK Aktiengesellschaft
BAK-Nr.: 100005
Kaiserstraße 16 (Kaiserplatz), 60311 Frankfurt am Main
Trefferanzahl: 5
Kontonummer:
Errichtungsdatum: 31.10.2007
Kontoinfo:
Auflösungsdatum:
Kontoinhaber
Geburtsdatum Seit
Bis
Verfügungsberechtigte
Geburtsdatum Seit
Bis
Kontonummer: DE14360400390181274200
Errichtungsdatum: 07.11.2014
Kontoinfo:
Auflösungsdatum:
Kontoinhaber
Geburtsdatum Seit
Bis
Franziska Donath
29.01.1980
14.10.2022
Finkenstr. 4 c 45772 Marl
Verfügungsberechtigte
Geburtsdatum
Seit
Bis
Anfrage von Gerichtsvollzieherin
Seite
1 von
4
Janina Dahlhaus (G21288) zu AZ DR Il 598/26
 Anlage zu GZ: St Il 4 - S 0229a KEVIZZ 951662/26 (Bitte stets angeben)
Kontonummer: DE84360400390181274201
Errichtungsdatum: 30.08.2016
Kontoinfo:
Auflösungsdatum:
Kontoinhaber
Geburtsdatum Seit
Bis
Franziska Donath
29.01.1980
14.10.2022
Finkenstr. 4 c 45772 Marl
Verfügungsberechtigte
Geburtsdatum Seit
Bis
Kontonummer: DE57360400390181274202
Errichtungsdatum: 28.11.2019
Kontoinfo:
Auflösungsdatum:
Kontoinhaber
Geburtsdatum Seit
Bis
Franziska Donath
29.01.1980
14.10.2022
Finkenstr. 4 c 45772 Marl
Verfügungsberechtigte
Geburtsdatum Seit
Bis
Kontonummer: 181274200
Errichtungsdatum: 13.08.2018
Kontoinfo:
Auflösungsdatum:
Kontoinhaber
Geburtsdatum Seit
Bis
Franziska Donath
29.01.1980
06.05.2025
Finkenstr. 4 c 45772 Marl
Verfügungsberechtigte
Geburtsdatum
Seit
Bis
Anfrage von Gerichtsvollzieherin
Seite
2 von
4
Janina Dahlhaus (G21288) zu AZ DR Il 598/26
 Anlage zu GZ: St Il 4 - S 0229a KEVIZZ 951662/26 (Bitte stets angeben)
Stadtsparkasse Essen
BAK-Nr.: 100827
III. Hagen 43, 45127 Essen, Ruhr
Trefferanzahl: 1
Kontonummer: DE03360501053002691875
Errichtungsdatum: 16.08.2019
Kontoinfo:
Auflösungsdatum:
Kontoinhaber
Geburtsdatum Seit
Bis
Franziska Donath
29.01.1980
14.06.2021
Finkenstr. 4c, 45772 Marl
BNP Paribas S.A. Niederlassung Deutschland
BAK-Nr.: 108556
Senckenberganlage 19, 60325 Frankfurt
Trefferanzahl: 2
Kontonummer: 44908954659001
Errichtungsdatum: 17.12.2018
Kontoinfo:
Auflösungsdatum:
Kontoinhaber
Geburtsdatum Seit
Bis
FRANZISKA DONATH
29.01.1980
13.02.2026
FINKENSTRASSE 4C 45772 MARL
Kontonummer: 44911683599001
Errichtungsdatum: 23.04.2020
Kontoinfo:
Auflösungsdatum:
Kontoinhaber
Geburtsdatum Seit
Bis
Anfrage von Gerichtsvollzieherin
Seite
3 von
4
Janina Dahlhaus (G21288) zu AZ DR Il 598/26
 Anlage zu GZ: St Il 4 - S 0229a - KEVIZZ 951662/26 (Bitte stets angeben)
FRANZISKA DONATH
29.01.1980
13.02.2026
FINKENSTRASSE 4C 45772 MARL
Grund: Beglaubigung-Signatur
Unterzeichnet von:
Janina Dahlhaus
Ort: Gerichtsvollzieherin bei
dem Amtsgericht Marl
Anfrage von Gerichtsvollzieherin
Seite
4 von
4
Janina Dahlhaus (G21288) zu AZ DR Il 598/26",drittauskunft,False,False,8a730471-52ef-5536-ab02-14f8cb5ed90b,c76e734b-5b4c-5765-80be-5f6ee87040d4,970d9c4c4e1bae6888f5bf7f244a29295952d59088c2ef5dfe058e3bd8fd502c,s3://pair-data-engineering-new/ocr_prepared_output/970d9c4c4e1bae6888f5bf7f244a29295952d59088c2ef5dfe058e3bd8fd502c.json
data/aftercourt/drittauskunft_without_invoice/DA im Text.pdf,"<page_1>
Obergerichtsvollzieher
66953 Pirmasens
Stephan Breyer
Bahnhofstraße 22-26
Bürozeiten
Montag 10.00 11.00 Uhr
Mittwoch 11.00 12.00 Uhr
Telefon
06331/871270; 06336/911774
0151/67528318
OGV Stephan Breyer, Bahnhofstraße 22, 66953 Pirmasens
Pair Finance GmbH
E-Mail: gv.breyer@gvpost.de
Knesebeckstraße 62-63
10719 Berlin
Dienstkonto:
Sparkasse Kaiserslautern
IBAN: DE78 5405 0220 0000 5376 54
SWIFT-BIC: MALADE51KLK
GläubigerID: DE52ZZZ00000111747
Mein Zeichen
Ihr Zeichen
4 DR II 416/26
134557212633
Pirmasens, 21.04.2026
Bitte immer angeben!
Zwangsvollstreckungssache
Liquandum Capital GmbH, Knesebeckstraße 62-63, 10719 Berlin
vertr. d.
Pair Finance GmbH, Knesebeckstraße 62-63, 10719 Berlin, E-Mail aftercourt@pairfinance.de
gegen
Herrn Kai Becker, Hirschstraße 1, 66953 Pirmasens
Sehr geehrte Damen und Herren,
in o.g. Sache haben Sie mich beauftragt, eine Drittauskunft nach § 8021 ZPO beim Bundeszentralamt für Steuern
einzuholen.
Die Anfrage/n lieferte/n keine verwertbaren Ergebnisse
Ich weise Sie ausdrücklich darauf hin, dass die erlangten Daten nur zu Vollstreckungszwecken genutzt werden dürfen
und nach Zweckerreichung in dieser Sache zu löschen sind (§§ 802 Abs. 3, 802 d Abs. 1 ZPO). Die Weiterleitung
dieser Daten an Dritte ist unzulässig..
Nach Zweckerreichung sind erlangte Schuldnerdaten zu löschen.
Mit reundlichen Grüßen
(Stephan Breyer)
Obergerichtsvollzieher
beim Amtsgericht Pirmasens
Die Datenschutzerklärung für den Gerichtsvollzieherdienst zur Informationspflicht nach Art. 13 und 14 DS-GVO und § 43 LDSG
finden Sie auf der Startseite des Amtsgericht Pirmasens www.agps.justiz.rlp.de/de/startseite",False," Obergerichtsvollzieher
66953 Pirmasens
Stephan Breyer
Bahnhofstraße 22-26
Bürozeiten
Montag 10.00 11.00 Uhr
Mittwoch 11.00 12.00 Uhr
Telefon
06331/871270; 06336/911774
0151/67528318
OGV Stephan Breyer, Bahnhofstraße 22, 66953 Pirmasens
Pair Finance GmbH
E-Mail: gv.breyer@gvpost.de
Knesebeckstraße 62-63
10719 Berlin
Dienstkonto:
Sparkasse Kaiserslautern
IBAN: DE78 5405 0220 0000 5376 54
SWIFT-BIC: MALADE51KLK
GläubigerID: DE52ZZZ00000111747
Mein Zeichen
Ihr Zeichen
4 DR II 416/26
134557212633
Pirmasens, 21.04.2026
Bitte immer angeben!
Zwangsvollstreckungssache
Liquandum Capital GmbH, Knesebeckstraße 62-63, 10719 Berlin
vertr. d.
Pair Finance GmbH, Knesebeckstraße 62-63, 10719 Berlin, E-Mail aftercourt@pairfinance.de
gegen
Herrn Kai Becker, Hirschstraße 1, 66953 Pirmasens
Sehr geehrte Damen und Herren,
in o.g. Sache haben Sie mich beauftragt, eine Drittauskunft nach § 8021 ZPO beim Bundeszentralamt für Steuern
einzuholen.
Die Anfrage/n lieferte/n keine verwertbaren Ergebnisse
Ich weise Sie ausdrücklich darauf hin, dass die erlangten Daten nur zu Vollstreckungszwecken genutzt werden dürfen
und nach Zweckerreichung in dieser Sache zu löschen sind (§§ 802 Abs. 3, 802 d Abs. 1 ZPO). Die Weiterleitung
dieser Daten an Dritte ist unzulässig..
Nach Zweckerreichung sind erlangte Schuldnerdaten zu löschen.
Mit reundlichen Grüßen
(Stephan Breyer)
Obergerichtsvollzieher
beim Amtsgericht Pirmasens
Die Datenschutzerklärung für den Gerichtsvollzieherdienst zur Informationspflicht nach Art. 13 und 14 DS-GVO und § 43 LDSG
finden Sie auf der Startseite des Amtsgericht Pirmasens www.agps.justiz.rlp.de/de/startseite",drittauskunft,False,False,2ae4c098-0459-5863-8f46-830caa0083e0,c76e9fd2-6ea6-5611-b44d-54bca1ceab58,18a4f16daa732e41e116c833c24e645e1dfc62a9e5acfc382ca62a1fc1bbc6e4,s3://pair-data-engineering-new/ocr_prepared_output/18a4f16daa732e41e116c833c24e645e1dfc62a9e5acfc382ca62a1fc1bbc6e4.json
data/aftercourt/drittauskunft_without_invoice/Dokument_163925_18122025_09065920251218-310-br2n6l.pdf,"<page_1>
Theo Schmitz
Kölner Strasse 73
Obergerichtsvollzieher
53879 Euskirchen
E-Mail: theo.schmitz@ag-euskirchen.nrw.de
Sprechstunden:
Di. 11.00 Uhr bis 12.00 Uhr
Do. 08.00 Uhr bis 09.30 Uhr
Abs. OGV Schmitz, Kölner Strasse 73, 53879 Euskirchen
Telefon 02225/882910
0163/5772419
PAIR Finance GmbH
Telefax 02225/882911
Knesebeckstraße 62
10719 Berlin oT Wilmersdorf
Dienstkonto:
Empfänger: Theo Schmitz
IBAN: DE05 6609 0800 0008 8469 36
BIC: GENODE61BBB
Bank: BBBank Karlsruhe
DR II 1639/25
Bitte bei Schreiben und Zahlungen angeben!
167484146805
Euskirchen, 18.12.2025
Zwangsvollstreckungssache
Firma Liquandum Capital II GmbH, Knesebeckstraße 62, 10719 Berlin oT Wilmersdorf
vertreten durch: PAIR Finance GmbH, Knesebeckstraße 62, 10719 Berlin oT Wilmersdorf, Az.167484146805
gegen
Frau Lea Arndt, Domweide 12, 53881 Euskirchen oT Kleinbüllesheim
Sehr geehrte Damen und Herren,
in obiger Sache ist die Schuldnerin zum Termin zwecks Abgabe der Vermögensauskunft nicht erschienen.
Eine Protokollabschrift ist nicht beantragt.
Ich habe eine Eintragungsanordnung nach § 882 c Abs. 1 Nr.1 ZPO erlassen und die Zustellung an die Schuldnerin
veranlasst. Zwei Wochen nach Zustellung wird die Eintragung im Schuldnerverzeichnis vollzogen.
Der Erlass eines Haftbefehls ist bisher nicht beantragt. Sie haben die Möglichkeit, diesen beim Amtsgericht
Euskirchen gegen die Schuldnerin zu beantragen. Im Falle eines Verhaftungsauftrages ist neben der Ausfertigung
des Haftbefehls auch die beglaubigte Abschrift zwecks Aushändigung an die Schuldnerin wieder einzureichen.
Diesem Verhaftungsantrag fügen Sie bitte eine aktuelle Forderungsaufstellung bei.
Die Vollstreckungsunterlagen werde ich Ihnen nach Eintragung im Schuldnerverzeichnis übersenden.
Die beantragte Drittstellenauskunft werde ich nunmehr durchführen. Die eingehende Auskunft werde ich Ihnen mit
separater Post übersenden.
Die nachstehend berechneten Kosten ziehe ich per Lastschrift ein.
Meine Gläubiger-ID: DE53ZZZ00000130159, Mandatsreferenz: 163925-002 vom 25.11.2025
Ihre IBAN: DE03 1604 0000 0101 4513 02, Abbuchung fällig am: 08.01.2026
Mit freundlichen Grüßen
Kostenrechnung gem. GVKostG (KV=Kostenverzeichnis)
KV100 Persönliche Zustellung
12,00 €
KV208 Versuch e. gütl. Erledigung
9,60 €
KV440 Einholung einer Auskunft
15,60 €
KV604(260) Nicht erl. Vermögensaus..
18,00€
KV701 Entgelte für Zustellungen
5,62 €
Schmitz
KV711 Wegegeld (bis 10km)
3,25 €
Obergerichtsvollzieher
KV716 Auslagenpauschale
10,00 €
Summe
beim Amtsgericht Euskirchen
74,07€
Kostenschuldner gem. §13 GVKostG ist Liquandum Capital II GmbH
Rechtsbehelfsbelehrung: Gegen diese Kostenrechnung kann Erinnerung bei dem Amtsgericht Euskirchen, Kölner Strasse 40-42, 53879 Euskirchen, schriftlich oder zu
Protokoll der Geschäftsstelle eingelegt werden. Es ist zweckmäßig, die Erinnerung zu begründen. Die Erinnerung kann auch als elektronisches Dokument eingereicht
werden.
Informationen zur Verarbeitung personenbezogener Daten in Rechtssachen durch die Justiz Nordrhein-Westfalen finden Sie unter
www.justiz.nrw/datenschutz/rechtssachen. Informationen in Papierform erhalten Sie gern auf Anfrage.",False," Theo Schmitz
Kölner Strasse 73
Obergerichtsvollzieher
53879 Euskirchen
E-Mail: theo.schmitz@ag-euskirchen.nrw.de
Sprechstunden:
Di. 11.00 Uhr bis 12.00 Uhr
Do. 08.00 Uhr bis 09.30 Uhr
Abs. OGV Schmitz, Kölner Strasse 73, 53879 Euskirchen
Telefon 02225/882910
0163/5772419
PAIR Finance GmbH
Telefax 02225/882911
Knesebeckstraße 62
10719 Berlin oT Wilmersdorf
Dienstkonto:
Empfänger: Theo Schmitz
IBAN: DE05 6609 0800 0008 8469 36
BIC: GENODE61BBB
Bank: BBBank Karlsruhe
DR II 1639/25
Bitte bei Schreiben und Zahlungen angeben!
167484146805
Euskirchen, 18.12.2025
Zwangsvollstreckungssache
Firma Liquandum Capital II GmbH, Knesebeckstraße 62, 10719 Berlin oT Wilmersdorf
vertreten durch: PAIR Finance GmbH, Knesebeckstraße 62, 10719 Berlin oT Wilmersdorf, Az.167484146805
gegen
Frau Lea Arndt, Domweide 12, 53881 Euskirchen oT Kleinbüllesheim
Sehr geehrte Damen und Herren,
in obiger Sache ist die Schuldnerin zum Termin zwecks Abgabe der Vermögensauskunft nicht erschienen.
Eine Protokollabschrift ist nicht beantragt.
Ich habe eine Eintragungsanordnung nach § 882 c Abs. 1 Nr.1 ZPO erlassen und die Zustellung an die Schuldnerin
veranlasst. Zwei Wochen nach Zustellung wird die Eintragung im Schuldnerverzeichnis vollzogen.
Der Erlass eines Haftbefehls ist bisher nicht beantragt. Sie haben die Möglichkeit, diesen beim Amtsgericht
Euskirchen gegen die Schuldnerin zu beantragen. Im Falle eines Verhaftungsauftrages ist neben der Ausfertigung
des Haftbefehls auch die beglaubigte Abschrift zwecks Aushändigung an die Schuldnerin wieder einzureichen.
Diesem Verhaftungsantrag fügen Sie bitte eine aktuelle Forderungsaufstellung bei.
Die Vollstreckungsunterlagen werde ich Ihnen nach Eintragung im Schuldnerverzeichnis übersenden.
Die beantragte Drittstellenauskunft werde ich nunmehr durchführen. Die eingehende Auskunft werde ich Ihnen mit
separater Post übersenden.
Die nachstehend berechneten Kosten ziehe ich per Lastschrift ein.
Meine Gläubiger-ID: DE53ZZZ00000130159, Mandatsreferenz: 163925-002 vom 25.11.2025
Ihre IBAN: DE03 1604 0000 0101 4513 02, Abbuchung fällig am: 08.01.2026
Mit freundlichen Grüßen
Kostenrechnung gem. GVKostG (KV=Kostenverzeichnis)
KV100 Persönliche Zustellung
12,00 €
KV208 Versuch e. gütl. Erledigung
9,60 €
KV440 Einholung einer Auskunft
15,60 €
KV604(260) Nicht erl. Vermögensaus..
18,00€
KV701 Entgelte für Zustellungen
5,62 €
Schmitz
KV711 Wegegeld (bis 10km)
3,25 €
Obergerichtsvollzieher
KV716 Auslagenpauschale
10,00 €
Summe
beim Amtsgericht Euskirchen
74,07€
Kostenschuldner gem. §13 GVKostG ist Liquandum Capital II GmbH
Rechtsbehelfsbelehrung: Gegen diese Kostenrechnung kann Erinnerung bei dem Amtsgericht Euskirchen, Kölner Strasse 40-42, 53879 Euskirchen, schriftlich oder zu
Protokoll der Geschäftsstelle eingelegt werden. Es ist zweckmäßig, die Erinnerung zu begründen. Die Erinnerung kann auch als elektronisches Dokument eingereicht
werden.
Informationen zur Verarbeitung personenbezogener Daten in Rechtssachen durch die Justiz Nordrhein-Westfalen finden Sie unter
www.justiz.nrw/datenschutz/rechtssachen. Informationen in Papierform erhalten Sie gern auf Anfrage.",drittauskunft,False,False,e1d01068-d3ed-51bb-bb0b-00e4a20ae184,5cc802d4-c9fb-5494-9adc-3145ce2a693b,4b35ec6592919c14ea8685cbdaa3cc8a2dbf590ccde85eb86f7d49e39be174b9,s3://pair-data-engineering-new/ocr_prepared_output/4b35ec6592919c14ea8685cbdaa3cc8a2dbf590ccde85eb86f7d49e39be174b9.json
data/aftercourt/drittauskunft_without_invoice/dokumente_31426_26022026_082419_signed20260227-294-dlzn16.pdf,"<page_1>
Nina Glöckler
Marktplatz 3
Gerichtsvollzieherin
89584 Ehingen (Donau)
E-Mail: gloeckler@gvjustiz.de
Sprechstunden:
Dienstag, 14:00 16:00 Uhr
Donnerstag, 10:00 12:00 Uhr
Telefon (auch außerhalb der Sprechzeiten)
0152 08230753
Telefax 07391 508311
2 DR II 314/26
EGVP-Nutzer-ID für ERV:
Abs. GVin Glöckler, Marktplatz 3, 89584 Ehingen (Donau)
DE.Justiz.337455d8-8dec-4ec3-89c0-
1591032e3037.15b9
Dienstkonto:
Firma
IBAN: DE84 6609 0800 0001 9703 48
PAIR Finance GmbH
BIC: GENODE61BBB
Knesebeckstraße 62-63
BBBank Karlsruhe
10719 Berlin
2 DR II 314/26
Bitte bei allen Schreiben
und Zahlungen angeben!
177174467700
Ehingen (Donau), 26.02.2026
Zwangsvollstreckungssache
Firma E.ON Energie Deutschland GmbH, Arnulfstraße 203, 80634 München
vertreten durch: Firma PAIR Finance GmbH, Knesebeckstraße 62-63, 10719 Berlin, Az.177174467700
gegen
Herrn Özgün Okan, Gänsberg 7, 89584 Ehingen (Donau)
Sehr geehrte Damen und Herren,
in obiger Sache ist der Schuldner zum Termin (Dienstag, 24. Februar 2026, um 10:10 Uhr) zwecks Abgabe der
Vermögensauskunft nicht erschienen.
Anliegend erhalten Sie wie von Ihnen beantragt:
Auskunft vom Bundeszentralamt für Steuern
Die erlangten Angaben dürfen nur zu Vollstreckungszwecken verwendet werden. Nach Zweckerreichung
(insbesondere bei vollständiger Zahlung) sind die Daten zu löschen.
Mit freundlichen Grüßen
Glöckler
Gerichtsvollzieherin
beim Amtsgericht Ehingen (Donau)
Unter http://www.amtsgericht-ehingen.de/pb/,Lde/5168973. finden Sie Informationen zum Schutz personenbezogener Daten bei deren Verarbeitung durch die Justiz
nach Artikel 13 und 14 EU-DS-GVO; diese Informationen erhalten Sie auf Antrag auch in Papierform.
DR II 314/26
Seite 1
<page_2>
Bundeszentralamt
für Steuern
POSTANSCHRIFT
Bundeszentralamt für Steuern, 11055 Berlin
HAUSANSCHRIFT
DGZ-Ring 12, 13086 Berlin
BEARBEITET VON
Gerichtsvollzieherin
Nina Glöckler
Steuerabteilung National
Kontenabrufverfahren
Marktplatz 3
TEL
+49 (0) 2 28 40 6-3600
89584 Ehingen (Donau)
FAX
+49 (0) 2 28 40 6-4408
E-MAIL
kontenabruf@bzst.bund.de
INTERNET
www.bzst.bund.de
BETREFF
Kontenabrufersuchen nach §§ 93, 93b Abgabenordnung (AO)
BEZUG
Ihr Kontenabrufersuchen vom 25.02.2026 AZ: DR II 314/26
ANLAGEN
1
GZ
St II 4 S 0229a KEVIZZ 488394/26
(bei Antwort bitte angeben)
DATUM
25.02.2026
Ihr oben genanntes Kontenabrufersuchen ist im Rahmen des automatisierten Abrufs von
Kontoinformationen bearbeitet worden. Die Ergebnisse dieses Abrufs entnehmen Sie bitte der
nachfolgenden Anlage.
Bitte beachten Sie
dass die Verantwortung für die Zulässigkeit des Datenabrufs und die Datenübermittlung die
ersuchende Behörde trägt (§ 93b Abs. 3 AO),
die Informations- und Dokumentationspflichten gemäß § 93 Abs. 9 und 10 AO sowie den
Anwendungserlass zur Abgabenordnung (AEAO),
dass die Kontenstammdaten in der Datei nach § 24c Kreditwesengesetz (KWG) durch die
beteiligten Kreditinstitute vorgehalten werden. Ich kann deshalb keine Haftung dafür
übernehmen, dass die im Rahmen des Kontenabrufs mitgeteilten Daten vollständig und
inhaltlich korrekt sind.
Zum Inhalt des Ergebnisses bemerke ich folgendes:
Aufgrund der gesetzlichen Vorgabe der Unterscheidungsmerkmale in den von den Kreditinstituten
zu führenden Dateien kann die Identität der gemeldeten Personen immer nur im Hinblick auf die
Merkmale Name und Geburtsdatum für die Kontoinhaber und Verfügungsberechtigten bzw. Name
und Anschrift für die abweichend wirtschaftlich Berechtigten festgestellt werden. Insofern muss das
übermittelte Abrufergebnis trotz Übereinstimmung des Namens und des Geburtsdatums nicht
zwingend mit der von Ihnen abgefragten Person identisch sein. Das gilt auch für
Firmenbezeichnungen. Die auf dem Kontenabrufersuchen gleichwohl anzugebende Anschrift des
Kontoinhabers oder des Verfügungsberechtigten wird nicht in die Abfrage einbezogen.
<page_3>
Bundeszentralamt
für Steuern
Bei Rückfragen bitte ich Sie, zunächst die FAQ (häufige Fragen) zu beachten, die Sie auf der
Homepage des BZSt unter http://www.bzst.bund.de oder, sofern Sie für die Verwaltung der
Grundsicherung für Arbeitsuchende nach dem Zweiten Buch Sozialgesetzbuch zuständig sind, im
Intranet der Bundesagentur für Arbeit finden. Sie können sich aber auch an die oben angegebene
Telefonnummer wenden.
Dieses Anschreiben wurde automatisch erstellt und ist ohne Unterschrift gültig.
<page_4>
Anlage zu GZ: St II 4 S 0229a KEVIZZ 488394/26 (Bitte stets angeben)
Ergebnisse
zu der Anfrage von dem/der:
Gerichtsvollzieherin
Nina Glöckler
vom:
25.02.2026
Ihr AZ:
DR II 314/26
mit folgenden Anhaltsdaten:
Name:
Nachname:
Okan
Vorname:
Özgün
Geburtsdatum:
25.02.1963
Kontonummer:
Donau-Iller Bank eG
BAK-Nr.: 101328
Pfisterstraße 20, 89584 Ehingen (Donau)
Trefferanzahl: 5
Kontonummer: DE08630910100615839401
Errichtungsdatum: 25.09.2008
Kontoinfo:
Auflösungsdatum:
Kontoinhaber
Geburtsdatum
Seit
Bis
Arife Okan
07.07.1967
21.03.2014
Gänsberg 7 89584 Ehingen (Donau)
Verfügungsberechtigte
Geburtsdatum
Seit
Bis
Özgün Okan
25.02.1963
21.03.2014
15.04.2025
Gänsberg 7 89584 Ehingen (Donau)
Özgün Okan
25.02.1963
17.04.2025
Gänsberg 7 89584 Ehingen (Donau)
Kontonummer: DE14630910100615839002
Errichtungsdatum: 19.02.2008
Kontoinfo:
Auflösungsdatum:
Kontoinhaber
Geburtsdatum
Seit
Bis
Arife Okan
07.07.1967
21.03.2014
Gänsberg 7 89584 Ehingen (Donau)
Verfügungsberechtigte
Geburtsdatum
Seit
Bis
Özgün Okan
25.02.1963
21.03.2014
15.04.2025
Gänsberg 7 89584 Ehingen (Donau)
Özgün Okan
25.02.1963
17.04.2025
Gänsberg 7 89584 Ehingen (Donau)
Anfrage von Gerichtsvollzieherin
Seite
1 von
3
Nina Glöckler (G08893) zu AZ DR II 314/26
<page_5>
Anlage zu GZ: St Il 4 - S 0229a KEVIZZ 488394/26 (Bitte stets angeben)
Kontonummer: DE97630910100613458001
Errichtungsdatum: 06.10.2000
Kontoinfo:
Auflösungsdatum:
Kontoinhaber
Geburtsdatum
Seit
Bis
Selma Okan
25.04.1986
28.12.2017
Katzensteige 17 89604 Allmendingen
Tevfik Okan
21.07.1987
21.03.2014
Katzensteige 17 89604 Allmendingen
Verfügungsberechtigte
Geburtsdatum Seit
Bis
Özgün Okan
25.02.1963
30.07.2020
Gänsberg 7 89584 Ehingen (Donau)
Kontonummer: SF00-194
Errichtungsdatum: 24.09.2013
Kontoinfo:
Auflösungsdatum:
Kontoinhaber
Geburtsdatum
Seit
Bis
Arife Okan
07.07.1967
24.09.2013
Gänsberg 7 89584 Ehingen (Donau)
Verfügungsberechtigte
Geburtsdatum
Seit
Bis
Özgün Okan
25.02.1963
04.08.2016
Gänsberg 7 89584 Ehingen (Donau)
Kontonummer: DE80630910100605346003
Errichtungsdatum: 09.03.2023
Kontoinfo:
Auflösungsdatum:
Kontoinhaber
Geburtsdatum Seit
Bis
Özgün Okan
25.02.1963
09.03.2023
Gänsberg 7 89584 Ehingen (Donau)
Verfügungsberechtigte
Geburtsdatum
Seit
Bis
Anfrage von Gerichtsvollzieherin
Seite
2 von
3
Nina Glöckler (G08893) zu AZ DR Il 314/26
<page_6>
Anlage zu GZ: St Il 4 - S 0229a - KEVIZZ - 488394/26 (Bitte stets angeben)
Süd-West-Kreditbank Finanzierung GmbH
BAK-Nr.: 104189
Isaac-Fulda-Allee 2 C, 55124 Mainz a Rhein
Trefferanzahl: 1
Kontonummer: DE27550207000242393864
Errichtungsdatum: 06.04.1999
Kontoinfo:
Auflösungsdatum:
Kontoinhaber
Geburtsdatum Seit
Bis
Oezguen Okan
25.02.1963
22.07.2014
Gaensbergstr 7, 89584 Ehingen Deutschland
Reason: qualifiziert signiert
gem. EU-eIDAS-VO
Signed by: Nina Glöckler
Location: Ehingen (Donau)
Anfrage von Gerichtsvollzieherin
Date: 26.02.2026 08:24 Uhr
Nina Glöckler (G08893) zu AZ DR II 314/26",False," Nina Glöckler
Marktplatz 3
Gerichtsvollzieherin
89584 Ehingen (Donau)
E-Mail: gloeckler@gvjustiz.de
Sprechstunden:
Dienstag, 14:00 16:00 Uhr
Donnerstag, 10:00 12:00 Uhr
Telefon (auch außerhalb der Sprechzeiten)
0152 08230753
Telefax 07391 508311
2 DR II 314/26
EGVP-Nutzer-ID für ERV:
Abs. GVin Glöckler, Marktplatz 3, 89584 Ehingen (Donau)
DE.Justiz.337455d8-8dec-4ec3-89c0-
1591032e3037.15b9
Dienstkonto:
Firma
IBAN: DE84 6609 0800 0001 9703 48
PAIR Finance GmbH
BIC: GENODE61BBB
Knesebeckstraße 62-63
BBBank Karlsruhe
10719 Berlin
2 DR II 314/26
Bitte bei allen Schreiben
und Zahlungen angeben!
177174467700
Ehingen (Donau), 26.02.2026
Zwangsvollstreckungssache
Firma E.ON Energie Deutschland GmbH, Arnulfstraße 203, 80634 München
vertreten durch: Firma PAIR Finance GmbH, Knesebeckstraße 62-63, 10719 Berlin, Az.177174467700
gegen
Herrn Özgün Okan, Gänsberg 7, 89584 Ehingen (Donau)
Sehr geehrte Damen und Herren,
in obiger Sache ist der Schuldner zum Termin (Dienstag, 24. Februar 2026, um 10:10 Uhr) zwecks Abgabe der
Vermögensauskunft nicht erschienen.
Anliegend erhalten Sie wie von Ihnen beantragt:
Auskunft vom Bundeszentralamt für Steuern
Die erlangten Angaben dürfen nur zu Vollstreckungszwecken verwendet werden. Nach Zweckerreichung
(insbesondere bei vollständiger Zahlung) sind die Daten zu löschen.
Mit freundlichen Grüßen
Glöckler
Gerichtsvollzieherin
beim Amtsgericht Ehingen (Donau)
Unter http://www.amtsgericht-ehingen.de/pb/,Lde/5168973. finden Sie Informationen zum Schutz personenbezogener Daten bei deren Verarbeitung durch die Justiz
nach Artikel 13 und 14 EU-DS-GVO; diese Informationen erhalten Sie auf Antrag auch in Papierform.
DR II 314/26
Seite 1
 Bundeszentralamt
für Steuern
POSTANSCHRIFT
Bundeszentralamt für Steuern, 11055 Berlin
HAUSANSCHRIFT
DGZ-Ring 12, 13086 Berlin
BEARBEITET VON
Gerichtsvollzieherin
Nina Glöckler
Steuerabteilung National
Kontenabrufverfahren
Marktplatz 3
TEL
+49 (0) 2 28 40 6-3600
89584 Ehingen (Donau)
FAX
+49 (0) 2 28 40 6-4408
E-MAIL
kontenabruf@bzst.bund.de
INTERNET
www.bzst.bund.de
BETREFF
Kontenabrufersuchen nach §§ 93, 93b Abgabenordnung (AO)
BEZUG
Ihr Kontenabrufersuchen vom 25.02.2026 AZ: DR II 314/26
ANLAGEN
1
GZ
St II 4 S 0229a KEVIZZ 488394/26
(bei Antwort bitte angeben)
DATUM
25.02.2026
Ihr oben genanntes Kontenabrufersuchen ist im Rahmen des automatisierten Abrufs von
Kontoinformationen bearbeitet worden. Die Ergebnisse dieses Abrufs entnehmen Sie bitte der
nachfolgenden Anlage.
Bitte beachten Sie
dass die Verantwortung für die Zulässigkeit des Datenabrufs und die Datenübermittlung die
ersuchende Behörde trägt (§ 93b Abs. 3 AO),
die Informations- und Dokumentationspflichten gemäß § 93 Abs. 9 und 10 AO sowie den
Anwendungserlass zur Abgabenordnung (AEAO),
dass die Kontenstammdaten in der Datei nach § 24c Kreditwesengesetz (KWG) durch die
beteiligten Kreditinstitute vorgehalten werden. Ich kann deshalb keine Haftung dafür
übernehmen, dass die im Rahmen des Kontenabrufs mitgeteilten Daten vollständig und
inhaltlich korrekt sind.
Zum Inhalt des Ergebnisses bemerke ich folgendes:
Aufgrund der gesetzlichen Vorgabe der Unterscheidungsmerkmale in den von den Kreditinstituten
zu führenden Dateien kann die Identität der gemeldeten Personen immer nur im Hinblick auf die
Merkmale Name und Geburtsdatum für die Kontoinhaber und Verfügungsberechtigten bzw. Name
und Anschrift für die abweichend wirtschaftlich Berechtigten festgestellt werden. Insofern muss das
übermittelte Abrufergebnis trotz Übereinstimmung des Namens und des Geburtsdatums nicht
zwingend mit der von Ihnen abgefragten Person identisch sein. Das gilt auch für
Firmenbezeichnungen. Die auf dem Kontenabrufersuchen gleichwohl anzugebende Anschrift des
Kontoinhabers oder des Verfügungsberechtigten wird nicht in die Abfrage einbezogen.
 Bundeszentralamt
für Steuern
Bei Rückfragen bitte ich Sie, zunächst die FAQ (häufige Fragen) zu beachten, die Sie auf der
Homepage des BZSt unter http://www.bzst.bund.de oder, sofern Sie für die Verwaltung der
Grundsicherung für Arbeitsuchende nach dem Zweiten Buch Sozialgesetzbuch zuständig sind, im
Intranet der Bundesagentur für Arbeit finden. Sie können sich aber auch an die oben angegebene
Telefonnummer wenden.
Dieses Anschreiben wurde automatisch erstellt und ist ohne Unterschrift gültig.
 Anlage zu GZ: St II 4 S 0229a KEVIZZ 488394/26 (Bitte stets angeben)
Ergebnisse
zu der Anfrage von dem/der:
Gerichtsvollzieherin
Nina Glöckler
vom:
25.02.2026
Ihr AZ:
DR II 314/26
mit folgenden Anhaltsdaten:
Name:
Nachname:
Okan
Vorname:
Özgün
Geburtsdatum:
25.02.1963
Kontonummer:
Donau-Iller Bank eG
BAK-Nr.: 101328
Pfisterstraße 20, 89584 Ehingen (Donau)
Trefferanzahl: 5
Kontonummer: DE08630910100615839401
Errichtungsdatum: 25.09.2008
Kontoinfo:
Auflösungsdatum:
Kontoinhaber
Geburtsdatum
Seit
Bis
Arife Okan
07.07.1967
21.03.2014
Gänsberg 7 89584 Ehingen (Donau)
Verfügungsberechtigte
Geburtsdatum
Seit
Bis
Özgün Okan
25.02.1963
21.03.2014
15.04.2025
Gänsberg 7 89584 Ehingen (Donau)
Özgün Okan
25.02.1963
17.04.2025
Gänsberg 7 89584 Ehingen (Donau)
Kontonummer: DE14630910100615839002
Errichtungsdatum: 19.02.2008
Kontoinfo:
Auflösungsdatum:
Kontoinhaber
Geburtsdatum
Seit
Bis
Arife Okan
07.07.1967
21.03.2014
Gänsberg 7 89584 Ehingen (Donau)
Verfügungsberechtigte
Geburtsdatum
Seit
Bis
Özgün Okan
25.02.1963
21.03.2014
15.04.2025
Gänsberg 7 89584 Ehingen (Donau)
Özgün Okan
25.02.1963
17.04.2025
Gänsberg 7 89584 Ehingen (Donau)
Anfrage von Gerichtsvollzieherin
Seite
1 von
3
Nina Glöckler (G08893) zu AZ DR II 314/26
 Anlage zu GZ: St Il 4 - S 0229a KEVIZZ 488394/26 (Bitte stets angeben)
Kontonummer: DE97630910100613458001
Errichtungsdatum: 06.10.2000
Kontoinfo:
Auflösungsdatum:
Kontoinhaber
Geburtsdatum
Seit
Bis
Selma Okan
25.04.1986
28.12.2017
Katzensteige 17 89604 Allmendingen
Tevfik Okan
21.07.1987
21.03.2014
Katzensteige 17 89604 Allmendingen
Verfügungsberechtigte
Geburtsdatum Seit
Bis
Özgün Okan
25.02.1963
30.07.2020
Gänsberg 7 89584 Ehingen (Donau)
Kontonummer: SF00-194
Errichtungsdatum: 24.09.2013
Kontoinfo:
Auflösungsdatum:
Kontoinhaber
Geburtsdatum
Seit
Bis
Arife Okan
07.07.1967
24.09.2013
Gänsberg 7 89584 Ehingen (Donau)
Verfügungsberechtigte
Geburtsdatum
Seit
Bis
Özgün Okan
25.02.1963
04.08.2016
Gänsberg 7 89584 Ehingen (Donau)
Kontonummer: DE80630910100605346003
Errichtungsdatum: 09.03.2023
Kontoinfo:
Auflösungsdatum:
Kontoinhaber
Geburtsdatum Seit
Bis
Özgün Okan
25.02.1963
09.03.2023
Gänsberg 7 89584 Ehingen (Donau)
Verfügungsberechtigte
Geburtsdatum
Seit
Bis
Anfrage von Gerichtsvollzieherin
Seite
2 von
3
Nina Glöckler (G08893) zu AZ DR Il 314/26
 Anlage zu GZ: St Il 4 - S 0229a - KEVIZZ - 488394/26 (Bitte stets angeben)
Süd-West-Kreditbank Finanzierung GmbH
BAK-Nr.: 104189
Isaac-Fulda-Allee 2 C, 55124 Mainz a Rhein
Trefferanzahl: 1
Kontonummer: DE27550207000242393864
Errichtungsdatum: 06.04.1999
Kontoinfo:
Auflösungsdatum:
Kontoinhaber
Geburtsdatum Seit
Bis
Oezguen Okan
25.02.1963
22.07.2014
Gaensbergstr 7, 89584 Ehingen Deutschland
Reason: qualifiziert signiert
gem. EU-eIDAS-VO
Signed by: Nina Glöckler
Location: Ehingen (Donau)
Anfrage von Gerichtsvollzieherin
Date: 26.02.2026 08:24 Uhr
Nina Glöckler (G08893) zu AZ DR II 314/26",drittauskunft,False,False,6eb55951-e9dc-5c08-bffa-1ab235649740,6b1c7bf3-0e62-5592-81ad-a7ef76d59854,f9ec76ad48865c6afd1a341bb07bfc859680a471c0452cb0c3c00873ec23ab8f,s3://pair-data-engineering-new/ocr_prepared_output/f9ec76ad48865c6afd1a341bb07bfc859680a471c0452cb0c3c00873ec23ab8f.json
data/aftercourt/drittauskunft_without_invoice/Dokumente_242125_16122025_09032120251217-309-xib8rr (1).pdf,"<page_1>
Amtsgericht
Kontakt und Information
Bürosprechstunden
Postfach 1151
Gerichtsvollzieher
88330 Bad Waldsee
Amtsgericht Biberach
Telefon: 07524 / 9722-607
Alter Postplatz 4, Zimmer 5
Andreas Diem
Telefax: 07524 / 9722-609
88400 Biberach an der Riß
Telefax: 07351 / 59-529
Obergerichtsvollzieher
Montag 13:30- 14:45 Uhr
Mobil: 0179 / 739 3413
Telefon: 07351 / 304-1671
E-Mail: diem@gerichtsvollzieher.de
Telegram: me/ogv_diem
Telefon: 07351 / 59-522
Amtsgericht Riedlingen
OGV Diem, Postfach 1151, 88330 Bad Waldsee
Kirchstraße 20, Zimmer 17
Bei Umzug mit neuer Anschrift zurück an Absender:
88499 Riedlingen
Amtsgericht Biberach, Alter Postplatz 4, 88400 Biberach
Donnerstag 14:00 15:00 Uhr
PAIR Finance GmbH
Telefon: 07371 / 187-210
Knesebeckstraße 62-63
10719 Berlin
DR II 2421/25
Bitte bei allen Schreiben
und Zahlungen angeben!
Datum: 16.12.2025
183697901928
Zwangsvollstreckungssache
Liquandum Capital II GmbH, Knesenbeckstraße 62-63, 10719 Berlin
vertreten durch: PAIR Finance GmbH, Knesebeckstraße 62-63, 10719 Berlin, Az.183697901928
gegen
Frau Suhana Fejzulai, Freiburger Straße 53, 88400 Biberach an der Riß
Sehr geehrte Damen und Herren,
in vorbezeichneter Angelegenheit übersende ich Ihnen antragsgemäß angefügt das Ergebnis der eingeholten
Drittauskunft/Drittauskünfte.
Sie werden darauf hingewiesen, dass gemäß § 802 I Abs. 1 und 2 ZPO die Daten nur insoweit verwendet werden
dürfen, als sie zur Zwangsvollstreckung in vorliegendem Rechtsverhältnis erforderlich sind.
Bei positiver Auskunft wird abschließend pflichtgemäß angefragt, ob und falls ja, gegen welche/n
Drittschuldner zur Rangsicherung gemäß § 845 ZPO ein vorläufiges Zahlungsverbot erlassen und zugestellt
werden soll. Sofern dieser Antrag noch nicht vorliegt, handelt es sich kostenrechtlich gemäß § 3 GvKostG um
einen neuen Antrag.
Mit freundlichen Grüßen
Auf Anordnung des Gerichtsvollzieher
Dieser Brief wurde maschinell erstellt und
ist ohne Unterschrift gültig.
(Diem, Obergerichtsvollzieher)
-Amtsgericht-
Informationen zum Schutz personenbezogener Daten bei deren Verarbeitung durch die Justiz nach Artikel 13 und Artikel 14 der Europäischen Datenschutz-Grundverordnung finden sich auf
der Internetseite des Gerichts unter dem Menüpunkt Service"" / Informationen zum Datenschutz in der Justiz"".
Dienstkonto:
Landesbank
Zahlungsempfänger: OGV Diem, Amtsgericht
Bankverbindung
IBAN: DE84 6535 1050 0000 0512 17
Verwendungszweck bei Überweisung: DR II 2421/25
BIC: SOLADES1SIG
<page_2>
Bundeszentralamt
für Steuern
POSTANSCHRIFT
Bundeszentralamt für Steuern, 11055 Berlin
HAUSANSCHRIFT
DGZ-Ring 12, 13086 Berlin
BEARBEITET VON
Obergerichtsvollzieher
Andreas Diem
Steuerabteilung National
Kontenabrufverfahren
Postfach 11 51
TEL
+49 (0) 2 28 40 6-3600
88330 Bad Waldsee
FAX
+49 (0) 2 28 40 6-4408
E-MAIL
kontenabruf@bzst.bund.de
INTERNET
www.bzst.bund.de
BETREFF
Kontenabrufersuchen nach §§ 93, 93b Abgabenordnung (AO)
BEZUG
Ihr Kontenabrufersuchen vom 15.12.2025 AZ: DR II 2421/25
ANLAGEN
1
GZ
St II 4 S 0229a KEVIZZ 2918200/25
(bei Antwort bitte angeben)
DATUM
16.12.2025
Ihr oben genanntes Kontenabrufersuchen ist im Rahmen des automatisierten Abrufs von
Kontoinformationen bearbeitet worden. Die Ergebnisse dieses Abrufs entnehmen Sie bitte der
nachfolgenden Anlage.
Bitte beachten Sie
dass die Verantwortung für die Zulässigkeit des Datenabrufs und die Datenübermittlung die
ersuchende Behörde trägt (§ 93b Abs. 3 AO),
die Informations- und Dokumentationspflichten gemäß § 93 Abs. 9 und 10 AO sowie den
Anwendungserlass zur Abgabenordnung (AEAO),
dass die Kontenstammdaten in der Datei nach § 24c Kreditwesengesetz (KWG) durch die
beteiligten Kreditinstitute vorgehalten werden. Ich kann deshalb keine Haftung dafür
übernehmen, dass die im Rahmen des Kontenabrufs mitgeteilten Daten vollständig und
inhaltlich korrekt sind.
Zum Inhalt des Ergebnisses bemerke ich folgendes:
Aufgrund der gesetzlichen Vorgabe der Unterscheidungsmerkmale in den von den Kreditinstituten
zu führenden Dateien kann die Identität der gemeldeten Personen immer nur im Hinblick auf die
Merkmale Name und Geburtsdatum für die Kontoinhaber und Verfügungsberechtigten bzw. Name
und Anschrift für die abweichend wirtschaftlich Berechtigten festgestellt werden. Insofern muss das
übermittelte Abrufergebnis trotz Übereinstimmung des Namens und des Geburtsdatums nicht
zwingend mit der von Ihnen abgefragten Person identisch sein. Das gilt auch für
Firmenbezeichnungen. Die auf dem Kontenabrufersuchen gleichwohl anzugebende Anschrift des
Kontoinhabers oder des Verfügungsberechtigten wird nicht in die Abfrage einbezogen.
<page_3>
Bundeszentralamt
für Steuern
Bei Rückfragen bitte ich Sie, zunächst die FAQ (häufige Fragen) zu beachten, die Sie auf der
Homepage des BZSt unter http://www.bzst.bund.de oder, sofern Sie für die Verwaltung der
Grundsicherung für Arbeitsuchende nach dem Zweiten Buch Sozialgesetzbuch zuständig sind, im
Intranet der Bundesagentur für Arbeit finden. Sie können sich aber auch an die oben angegebene
Telefonnummer wenden.
Dieses Anschreiben wurde automatisch erstellt und ist ohne Unterschrift gültig.
<page_4>
Anlage zu GZ: St Il 4 - S 0229a KEVIZZ 2918200/25 (Bitte stets angeben)
Ergebnisse
zu der Anfrage von dem/der:
Obergerichtsvollzieher
Andreas Diem
vom:
15.12.2025
Ihr AZ:
DR II 2421/25
mit folgenden Anhaltsdaten:
Name:
Nachname:
Fejzulai
Vorname:
Suhana
Geburtsdatum:
03.11.1995
Kontonummer:
Kreissparkasse Biberach
BAK-Nr.: 100446
Zeppelinring 27 29, 88400 Biberach an der Riß
Trefferanzahl: 3
Kontonummer: DE29654500700007871919
Errichtungsdatum: 08.12.2015
Kontoinfo:
Auflösungsdatum:
Kontoinhaber
Geburtsdatum
Seit
Bis
Amer Fejzulai
10.08.1994
04.05.2020
Freiburger Str. 53, 88400 Biberach an der Riß
Verfügungsberechtigte
Geburtsdatum
Seit
Bis
Suhana Fejzulai
03.11.1995
06.09.2022
Freiburger Str. 53, 88400 Biberach an der Riß
Kontonummer: DE85654500700007978678
Errichtungsdatum: 30.05.2017
Kontoinfo:
Auflösungsdatum:
Kontoinhaber
Geburtsdatum
Seit
Bis
Fikret Fejzulai
05.09.1969
18.05.2020
Freiburger Str. 53, 88400 Biberach an der Riß
Verfügungsberechtigte
Geburtsdatum
Seit
Bis
Suhana Fejzulai
03.11.1995
06.09.2022
Freiburger Str. 53, 88400 Biberach an der Riß
Kontonummer: DE70654500700008226783
Errichtungsdatum: 19.11.2018
Kontoinfo:
Auflösungsdatum:
Kontoinhaber
Geburtsdatum
Seit
Bis
Nezafet Bedjeti
05.12.1971
12.12.2019
Saulgauer Str. 30/1, 88400 Biberach an der Riß
Anfrage von Obergerichtsvollzieher
Seite
1 von
2
Andreas Diem (G08017) zu AZ DR II 2421/25
<page_5>
Anlage zu GZ: St Il 4 - S 0229a KEVIZZ 2918200/25 (Bitte stets angeben)
Verfügungsberechtigte
Geburtsdatum Seit
Bis
Alisa Bedjeti
28.07.2000
15.04.2025
Saulgauer Str. 30/1, 88400 Biberach an der Riß
Satki Bedjeti
13.02.1973
23.06.2020
Saulgauer Str. 30/1, 88400 Biberach an der Riß
Suhana Fejzulai
03.11.1995
06.09.2022
Freiburger Str. 53, 88400 Biberach an der Riß
Volksbank Ulm-Biberach eG
BAK-Nr.: 101434
Frauenstraße 60, 89073 Ulm, Donau
Trefferanzahl: 1
Kontonummer: DE18630901000112050000
Errichtungsdatum: 22.11.2018
Kontoinfo:
Auflösungsdatum:
Kontoinhaber
Geburtsdatum
Seit
Bis
Sabiha Fejzulai
29.07.1999
07.05.2020
10.07.2025
Freiburger Str. 5388400 Biberach an der Riß
Sabiha Fejzulai
29.07.1999
10.07.2025
Meisenweg 49 88400 Biberach an der Riß
Verfügungsberechtigte
Geburtsdatum
Seit
Bis
Suhana Fejzulai
03.11.1995
29.11.2018
Kolpingstr. 33 88400 Biberach an der Riß
Anfrage von Obergerichtsvollzieher
Seite
2 von
2
Andreas Diem (G08017) zu AZ DR II 2421/25",False," Amtsgericht
Kontakt und Information
Bürosprechstunden
Postfach 1151
Gerichtsvollzieher
88330 Bad Waldsee
Amtsgericht Biberach
Telefon: 07524 / 9722-607
Alter Postplatz 4, Zimmer 5
Andreas Diem
Telefax: 07524 / 9722-609
88400 Biberach an der Riß
Telefax: 07351 / 59-529
Obergerichtsvollzieher
Montag 13:30- 14:45 Uhr
Mobil: 0179 / 739 3413
Telefon: 07351 / 304-1671
E-Mail: diem@gerichtsvollzieher.de
Telegram: me/ogv_diem
Telefon: 07351 / 59-522
Amtsgericht Riedlingen
OGV Diem, Postfach 1151, 88330 Bad Waldsee
Kirchstraße 20, Zimmer 17
Bei Umzug mit neuer Anschrift zurück an Absender:
88499 Riedlingen
Amtsgericht Biberach, Alter Postplatz 4, 88400 Biberach
Donnerstag 14:00 15:00 Uhr
PAIR Finance GmbH
Telefon: 07371 / 187-210
Knesebeckstraße 62-63
10719 Berlin
DR II 2421/25
Bitte bei allen Schreiben
und Zahlungen angeben!
Datum: 16.12.2025
183697901928
Zwangsvollstreckungssache
Liquandum Capital II GmbH, Knesenbeckstraße 62-63, 10719 Berlin
vertreten durch: PAIR Finance GmbH, Knesebeckstraße 62-63, 10719 Berlin, Az.183697901928
gegen
Frau Suhana Fejzulai, Freiburger Straße 53, 88400 Biberach an der Riß
Sehr geehrte Damen und Herren,
in vorbezeichneter Angelegenheit übersende ich Ihnen antragsgemäß angefügt das Ergebnis der eingeholten
Drittauskunft/Drittauskünfte.
Sie werden darauf hingewiesen, dass gemäß § 802 I Abs. 1 und 2 ZPO die Daten nur insoweit verwendet werden
dürfen, als sie zur Zwangsvollstreckung in vorliegendem Rechtsverhältnis erforderlich sind.
Bei positiver Auskunft wird abschließend pflichtgemäß angefragt, ob und falls ja, gegen welche/n
Drittschuldner zur Rangsicherung gemäß § 845 ZPO ein vorläufiges Zahlungsverbot erlassen und zugestellt
werden soll. Sofern dieser Antrag noch nicht vorliegt, handelt es sich kostenrechtlich gemäß § 3 GvKostG um
einen neuen Antrag.
Mit freundlichen Grüßen
Auf Anordnung des Gerichtsvollzieher
Dieser Brief wurde maschinell erstellt und
ist ohne Unterschrift gültig.
(Diem, Obergerichtsvollzieher)
-Amtsgericht-
Informationen zum Schutz personenbezogener Daten bei deren Verarbeitung durch die Justiz nach Artikel 13 und Artikel 14 der Europäischen Datenschutz-Grundverordnung finden sich auf
der Internetseite des Gerichts unter dem Menüpunkt Service"" / Informationen zum Datenschutz in der Justiz"".
Dienstkonto:
Landesbank
Zahlungsempfänger: OGV Diem, Amtsgericht
Bankverbindung
IBAN: DE84 6535 1050 0000 0512 17
Verwendungszweck bei Überweisung: DR II 2421/25
BIC: SOLADES1SIG
 Bundeszentralamt
für Steuern
POSTANSCHRIFT
Bundeszentralamt für Steuern, 11055 Berlin
HAUSANSCHRIFT
DGZ-Ring 12, 13086 Berlin
BEARBEITET VON
Obergerichtsvollzieher
Andreas Diem
Steuerabteilung National
Kontenabrufverfahren
Postfach 11 51
TEL
+49 (0) 2 28 40 6-3600
88330 Bad Waldsee
FAX
+49 (0) 2 28 40 6-4408
E-MAIL
kontenabruf@bzst.bund.de
INTERNET
www.bzst.bund.de
BETREFF
Kontenabrufersuchen nach §§ 93, 93b Abgabenordnung (AO)
BEZUG
Ihr Kontenabrufersuchen vom 15.12.2025 AZ: DR II 2421/25
ANLAGEN
1
GZ
St II 4 S 0229a KEVIZZ 2918200/25
(bei Antwort bitte angeben)
DATUM
16.12.2025
Ihr oben genanntes Kontenabrufersuchen ist im Rahmen des automatisierten Abrufs von
Kontoinformationen bearbeitet worden. Die Ergebnisse dieses Abrufs entnehmen Sie bitte der
nachfolgenden Anlage.
Bitte beachten Sie
dass die Verantwortung für die Zulässigkeit des Datenabrufs und die Datenübermittlung die
ersuchende Behörde trägt (§ 93b Abs. 3 AO),
die Informations- und Dokumentationspflichten gemäß § 93 Abs. 9 und 10 AO sowie den
Anwendungserlass zur Abgabenordnung (AEAO),
dass die Kontenstammdaten in der Datei nach § 24c Kreditwesengesetz (KWG) durch die
beteiligten Kreditinstitute vorgehalten werden. Ich kann deshalb keine Haftung dafür
übernehmen, dass die im Rahmen des Kontenabrufs mitgeteilten Daten vollständig und
inhaltlich korrekt sind.
Zum Inhalt des Ergebnisses bemerke ich folgendes:
Aufgrund der gesetzlichen Vorgabe der Unterscheidungsmerkmale in den von den Kreditinstituten
zu führenden Dateien kann die Identität der gemeldeten Personen immer nur im Hinblick auf die
Merkmale Name und Geburtsdatum für die Kontoinhaber und Verfügungsberechtigten bzw. Name
und Anschrift für die abweichend wirtschaftlich Berechtigten festgestellt werden. Insofern muss das
übermittelte Abrufergebnis trotz Übereinstimmung des Namens und des Geburtsdatums nicht
zwingend mit der von Ihnen abgefragten Person identisch sein. Das gilt auch für
Firmenbezeichnungen. Die auf dem Kontenabrufersuchen gleichwohl anzugebende Anschrift des
Kontoinhabers oder des Verfügungsberechtigten wird nicht in die Abfrage einbezogen.
 Bundeszentralamt
für Steuern
Bei Rückfragen bitte ich Sie, zunächst die FAQ (häufige Fragen) zu beachten, die Sie auf der
Homepage des BZSt unter http://www.bzst.bund.de oder, sofern Sie für die Verwaltung der
Grundsicherung für Arbeitsuchende nach dem Zweiten Buch Sozialgesetzbuch zuständig sind, im
Intranet der Bundesagentur für Arbeit finden. Sie können sich aber auch an die oben angegebene
Telefonnummer wenden.
Dieses Anschreiben wurde automatisch erstellt und ist ohne Unterschrift gültig.
 Anlage zu GZ: St Il 4 - S 0229a KEVIZZ 2918200/25 (Bitte stets angeben)
Ergebnisse
zu der Anfrage von dem/der:
Obergerichtsvollzieher
Andreas Diem
vom:
15.12.2025
Ihr AZ:
DR II 2421/25
mit folgenden Anhaltsdaten:
Name:
Nachname:
Fejzulai
Vorname:
Suhana
Geburtsdatum:
03.11.1995
Kontonummer:
Kreissparkasse Biberach
BAK-Nr.: 100446
Zeppelinring 27 29, 88400 Biberach an der Riß
Trefferanzahl: 3
Kontonummer: DE29654500700007871919
Errichtungsdatum: 08.12.2015
Kontoinfo:
Auflösungsdatum:
Kontoinhaber
Geburtsdatum
Seit
Bis
Amer Fejzulai
10.08.1994
04.05.2020
Freiburger Str. 53, 88400 Biberach an der Riß
Verfügungsberechtigte
Geburtsdatum
Seit
Bis
Suhana Fejzulai
03.11.1995
06.09.2022
Freiburger Str. 53, 88400 Biberach an der Riß
Kontonummer: DE85654500700007978678
Errichtungsdatum: 30.05.2017
Kontoinfo:
Auflösungsdatum:
Kontoinhaber
Geburtsdatum
Seit
Bis
Fikret Fejzulai
05.09.1969
18.05.2020
Freiburger Str. 53, 88400 Biberach an der Riß
Verfügungsberechtigte
Geburtsdatum
Seit
Bis
Suhana Fejzulai
03.11.1995
06.09.2022
Freiburger Str. 53, 88400 Biberach an der Riß
Kontonummer: DE70654500700008226783
Errichtungsdatum: 19.11.2018
Kontoinfo:
Auflösungsdatum:
Kontoinhaber
Geburtsdatum
Seit
Bis
Nezafet Bedjeti
05.12.1971
12.12.2019
Saulgauer Str. 30/1, 88400 Biberach an der Riß
Anfrage von Obergerichtsvollzieher
Seite
1 von
2
Andreas Diem (G08017) zu AZ DR II 2421/25
 Anlage zu GZ: St Il 4 - S 0229a KEVIZZ 2918200/25 (Bitte stets angeben)
Verfügungsberechtigte
Geburtsdatum Seit
Bis
Alisa Bedjeti
28.07.2000
15.04.2025
Saulgauer Str. 30/1, 88400 Biberach an der Riß
Satki Bedjeti
13.02.1973
23.06.2020
Saulgauer Str. 30/1, 88400 Biberach an der Riß
Suhana Fejzulai
03.11.1995
06.09.2022
Freiburger Str. 53, 88400 Biberach an der Riß
Volksbank Ulm-Biberach eG
BAK-Nr.: 101434
Frauenstraße 60, 89073 Ulm, Donau
Trefferanzahl: 1
Kontonummer: DE18630901000112050000
Errichtungsdatum: 22.11.2018
Kontoinfo:
Auflösungsdatum:
Kontoinhaber
Geburtsdatum
Seit
Bis
Sabiha Fejzulai
29.07.1999
07.05.2020
10.07.2025
Freiburger Str. 5388400 Biberach an der Riß
Sabiha Fejzulai
29.07.1999
10.07.2025
Meisenweg 49 88400 Biberach an der Riß
Verfügungsberechtigte
Geburtsdatum
Seit
Bis
Suhana Fejzulai
03.11.1995
29.11.2018
Kolpingstr. 33 88400 Biberach an der Riß
Anfrage von Obergerichtsvollzieher
Seite
2 von
2
Andreas Diem (G08017) zu AZ DR II 2421/25",drittauskunft,False,False,6ded2e97-089e-5f35-a1e5-40528d04e1fc,b8447b3c-e84a-5573-9578-cd2bc1a95678,a3fe76f5b1f3dc7b6292757346037264739d148d00520bb69c062915ab7b2ea3,s3://pair-data-engineering-new/ocr_prepared_output/a3fe76f5b1f3dc7b6292757346037264739d148d00520bb69c062915ab7b2ea3.json
data/aftercourt/drittauskunft_without_invoice/DA im Text Beispiel.pdf,"<page_1>
VINCENZ SCHIMA
Knöterichpfad 13
Obergerichtsvollzieher
13591 Berlin
SPRECHSTUNDEN:
Grund: Qualifizierte Signatur
Unterzeichnet von: Vincenz Schima
Dienstag 15.00 16.00 Uhr
Ort: Berlin
Donnerstag 10.00 11.00 Uhr
Datum: 21.04.2026
Tel.: (030) 36 71 18 66
OGV Schima, Knöterichpfad 13, 13591 Berlin
Fax.: (030) 36 71 18 65
E-Mail: OGV.Schima@t-online.de
PAIR Finance GmbH
Nutzer-ID (ERV):
Knesebeckstraße 62 63
safe-sp1-1354033559103-011667417
10719 Berlin
GV-Dienstkonto: POSTBANK BERLIN
Empfänger: VINCENZ SCHIMA
IBAN: DE89 1001 0010 0025 2431 03
BIC: PBNKDEFFXXX
Geschäftszeichen (Dienstreg.-Nummer):
13 DR II 264/26
Bitte stets angeben!
168898332486
Berlin, 21.04.2026
Zwangsvollstreckungssache
Liquandum Capital Il GmbH, Knesebeckstraße 62 63, 10719 Berlin
vertreten durch: PAIR Finance GmbH, Knesebeckstraße 62 63, 10719 Berlin, Az.168898332486
gegen Frau Melanie Klotz, Falkenseer Chaussee 204, 13589 Berlin
Sehr geehrte Damen und Herren,
in vorbezeichneter Sache wurde/n nachfolgende Drittauskunft/künfte gem. § 8021 ZPO auf Ihren Antrag eingeholt:
Auskunft des Bundeszentralamtes für Steuern (§ 8021 Abs. 1 Nr. 2 ZPO) Kontoverbindung/en
Bestehende Kontoverbindung/en und/oder bestehende Berechtigungen bzgl. Konten Dritter:
Bank IBAN oder Kontonummer (falls Person nicht Kontoinhaber, dann Angabe der Berechtigung und d. eigentl. Kontoinhabers/in)
DEUTSCHE BANK AKTIENGESELLSCHAFT, Taunusanlage 12, 60325 Frankfurt am Main
DE12100100100888149117
Hinweis: Die Kontenabfrage erfolgt laut Bundeszentralamt für Steuern nur auf Grund des Namens und des Geburtsdatums,
sodass eine Personengleichheit mit der Schuldnerin nicht zwingend gegeben ist.
Rechtsangelegenheit: Liquandum Capital II GmbH ./. Melanie Klotz
Schuldtitel: Vollstreckungsbescheid des Amtsgerichts Wedding vom 21.01.2026, Az. 25-1340479-0-6
Sie werden darauf hingewiesen, dass gem. § 8021 Abs. 1 und 2 ZPO die Daten nur insoweit verwendet werden dürfen, als sie zur
Zwangsvollstreckung aus vorliegendem Rechtsverhältnis erforderlich sind. Die Daten dürfen insbesondere nicht für Inkasso- oder
Vollstreckungszwecke in anderen Angelegenheiten verwendet werden. Die Daten sind nach Zweckerreichung zu löschen.
Die Schuldnerin wird nach Ablauf von drei Wochen von d. Ihnen erteilten Drittauskunft/-künften in Kenntnis gesetzt.
Es wird empfohlen, weitere Kosten verursachende Anträge nicht vor Ablauf von zwei Wochen zu stellen, da die
Schuldnerin innerhalb des laufenden Eintragungsverfahrens (Eintragung der Schuldnerin ins Schuldnerverzeichnis)
hier noch einen Antrag auf gütliche Erledigung stellen oder die Forderung vollständig begleichen könnte.
Kostenrechnung siehe Rückseite bzw. Seite 2
<page_2>
2
Das Vermögensverzeichnis der Schuldnerin vom 27.03.2025 erhielten Sie bereits mit einem gesonderten Schreiben.
Schuldtitel: Vollstreckungsbescheid des Amtsgerichts Wedding vom 21.01.2026, Az. 25-1340479-0-6
Die entstandenen Kosten bitte ich innerhalb von 14 Tagen zu überweisen.
Mit freundlichen Grüßen
Kostenrechnung gem. GVKostG (KV=Kostenverzeichnis)
KV261 Vermögensverzeichnis an Drit..
39,50 €
Schima
KV440 Einholung einer Auskunft
15,60 €
KV701 Entgelte für Zustellungen
5,62 €
SCHIMA
KV716 Auslagenpauschale
11,02 €
Summe
71,74€
Obergerichtsvollziehen
Kostenschuldner gem. §13 GVKostG ist Liquandum Capital II GmbH
beim Amtsgericht Spandau
Rechtsbehelfsbelehrung: Gegen diese Kostenrechnung kann beim Vollstreckungsgericht
(Amtsgericht Spandau, Altstädter Ring 7, 13597 Berlin) schriftlich oder zu Protokoll der
Geschäftsstelle Erinnerung eingelegt werden. Die Erinnerung ist zu begründen.",False," VINCENZ SCHIMA
Knöterichpfad 13
Obergerichtsvollzieher
13591 Berlin
SPRECHSTUNDEN:
Grund: Qualifizierte Signatur
Unterzeichnet von: Vincenz Schima
Dienstag 15.00 16.00 Uhr
Ort: Berlin
Donnerstag 10.00 11.00 Uhr
Datum: 21.04.2026
Tel.: (030) 36 71 18 66
OGV Schima, Knöterichpfad 13, 13591 Berlin
Fax.: (030) 36 71 18 65
E-Mail: OGV.Schima@t-online.de
PAIR Finance GmbH
Nutzer-ID (ERV):
Knesebeckstraße 62 63
safe-sp1-1354033559103-011667417
10719 Berlin
GV-Dienstkonto: POSTBANK BERLIN
Empfänger: VINCENZ SCHIMA
IBAN: DE89 1001 0010 0025 2431 03
BIC: PBNKDEFFXXX
Geschäftszeichen (Dienstreg.-Nummer):
13 DR II 264/26
Bitte stets angeben!
168898332486
Berlin, 21.04.2026
Zwangsvollstreckungssache
Liquandum Capital Il GmbH, Knesebeckstraße 62 63, 10719 Berlin
vertreten durch: PAIR Finance GmbH, Knesebeckstraße 62 63, 10719 Berlin, Az.168898332486
gegen Frau Melanie Klotz, Falkenseer Chaussee 204, 13589 Berlin
Sehr geehrte Damen und Herren,
in vorbezeichneter Sache wurde/n nachfolgende Drittauskunft/künfte gem. § 8021 ZPO auf Ihren Antrag eingeholt:
Auskunft des Bundeszentralamtes für Steuern (§ 8021 Abs. 1 Nr. 2 ZPO) Kontoverbindung/en
Bestehende Kontoverbindung/en und/oder bestehende Berechtigungen bzgl. Konten Dritter:
Bank IBAN oder Kontonummer (falls Person nicht Kontoinhaber, dann Angabe der Berechtigung und d. eigentl. Kontoinhabers/in)
DEUTSCHE BANK AKTIENGESELLSCHAFT, Taunusanlage 12, 60325 Frankfurt am Main
DE12100100100888149117
Hinweis: Die Kontenabfrage erfolgt laut Bundeszentralamt für Steuern nur auf Grund des Namens und des Geburtsdatums,
sodass eine Personengleichheit mit der Schuldnerin nicht zwingend gegeben ist.
Rechtsangelegenheit: Liquandum Capital II GmbH ./. Melanie Klotz
Schuldtitel: Vollstreckungsbescheid des Amtsgerichts Wedding vom 21.01.2026, Az. 25-1340479-0-6
Sie werden darauf hingewiesen, dass gem. § 8021 Abs. 1 und 2 ZPO die Daten nur insoweit verwendet werden dürfen, als sie zur
Zwangsvollstreckung aus vorliegendem Rechtsverhältnis erforderlich sind. Die Daten dürfen insbesondere nicht für Inkasso- oder
Vollstreckungszwecke in anderen Angelegenheiten verwendet werden. Die Daten sind nach Zweckerreichung zu löschen.
Die Schuldnerin wird nach Ablauf von drei Wochen von d. Ihnen erteilten Drittauskunft/-künften in Kenntnis gesetzt.
Es wird empfohlen, weitere Kosten verursachende Anträge nicht vor Ablauf von zwei Wochen zu stellen, da die
Schuldnerin innerhalb des laufenden Eintragungsverfahrens (Eintragung der Schuldnerin ins Schuldnerverzeichnis)
hier noch einen Antrag auf gütliche Erledigung stellen oder die Forderung vollständig begleichen könnte.
Kostenrechnung siehe Rückseite bzw. Seite 2
 2
Das Vermögensverzeichnis der Schuldnerin vom 27.03.2025 erhielten Sie bereits mit einem gesonderten Schreiben.
Schuldtitel: Vollstreckungsbescheid des Amtsgerichts Wedding vom 21.01.2026, Az. 25-1340479-0-6
Die entstandenen Kosten bitte ich innerhalb von 14 Tagen zu überweisen.
Mit freundlichen Grüßen
Kostenrechnung gem. GVKostG (KV=Kostenverzeichnis)
KV261 Vermögensverzeichnis an Drit..
39,50 €
Schima
KV440 Einholung einer Auskunft
15,60 €
KV701 Entgelte für Zustellungen
5,62 €
SCHIMA
KV716 Auslagenpauschale
11,02 €
Summe
71,74€
Obergerichtsvollziehen
Kostenschuldner gem. §13 GVKostG ist Liquandum Capital II GmbH
beim Amtsgericht Spandau
Rechtsbehelfsbelehrung: Gegen diese Kostenrechnung kann beim Vollstreckungsgericht
(Amtsgericht Spandau, Altstädter Ring 7, 13597 Berlin) schriftlich oder zu Protokoll der
Geschäftsstelle Erinnerung eingelegt werden. Die Erinnerung ist zu begründen.",drittauskunft,False,False,6a9e2b5c-8d26-5871-9a7c-17afc90a5512,9fedb73d-2e78-5406-be51-11ce0a76b3e7,7d00d1af6ff13219938b2aead7a3aa13016f10d78d2498705beed5d5437f257e,s3://pair-data-engineering-new/ocr_prepared_output/7d00d1af6ff13219938b2aead7a3aa13016f10d78d2498705beed5d5437f257e.json
data/aftercourt/drittauskunft_without_invoice/2_dr_83_26_an_gl_mitt_ergebnis_drittauskunft20260226-292-1xxm4hj.pdf,"<page_1>
Helga Gerstl
Hauptgerichtsvollzieherin
Amselweg 5
beim Amtsgericht Eggenfelden
84307 Eggenfelden
Telefon: (087 21) 12 71 81 6
Sprechzeiten:
Email: Helga.Gerstl@bay-gv-bund.de
Montag und Freitag, 08 h bis 09 h
Elektronischer Rechtsverkehr: safe-sp1-1355739468044-011776554
Dienstkonto:
Badische Beamtenbank eG
IBAN: DE06 6609 0800 0005 6100 28
HGVin Helga Gerstl, Amselweg 5, 84307 Eggenfelden
BIC: GENODE61BBB
PAIR Finance GmbH
Knesebeckstraße 62-63
10719 Berlin
Mein Zeichen
Ihr Zeichen
2 DR 83/26
184935444911
Eggenfelden, 25.02.2026
Bitte immer angeben!
Zwangsvollstreckungssache
Outfittery GmbH, Mehringdamm 55, 10961 Berlin
vertr. d.
PAIR Finance GmbH, Knesebeckstraße 62-63, 10719 Berlin
gegen
Frau Daniela Traunsberger, Fichtenweg 5, 84359 Simbach a. Inn
Sehr geehrte Damen und Herren,
in o.g. Sache haben Sie mich beauftragt, eine Drittauskunft nach § 8021 ZPO beim Bundeszentralamt für Steuern einzuholen.
Das Ergebnis teile ich Ihnen unter Übersendung einer evtl. auszugsweisen Kopie mit.
Ich weise Sie ausdrücklich darauf hin, dass die erlangten Daten nur zu Vollstreckungszwecken genutzt werden dürfen und nach
Zweckerreichung in dieser Sache zu löschen sind (§§ 802 I Abs. 3, 802 d Abs. 1 ZPO). Die Weiterleitung dieser Daten an Dritte ist unzulässig.
Mit freundlichen Grüßen
Helga Gerstl
Hauptgerichtsvollzieherin
beim Amtsgericht Eggenfelden
Ihre personenbezogenen Daten werden verarbeitet. Weitere Informationen:Homepage Amtsgericht Eggenfelden unter ""Datenschutz"":
htps://www.justiz.bayern.de/gerichte-und-behoerden/amtsgerichte/eggenfelden/datenschutzphp
Personenbezogene Daten werden auch den Schreibkräften des Gerichtsvollziehers gegenüber offengelegt.
<page_2>
Anlage zu GZ: St II 4 S 0229a KEVIZZ 489779/26 (Bitte stets angeben)
Ergebnisse
zu der Anfrage von dem/der:
Hauptgerichtsvollzieherin
Helga Gerstl
vom:
25.02.2026
Ihr AZ:
DR 83/26
mit folgenden Anhaltsdaten:
Name:
Nachname:
Traunsberger
Vorname:
Daniela
Geburtsdatum:
31.05.1976
Kontonummer:
Raisin Bank AG
BAK-Nr.: 100112
Niedenau 61 63, 60325 Frankfurt am Main
Trefferanzahl: 1
Kontonummer: DE93503302002275715002
Errichtungsdatum: 05.10.2021
Kontoinfo:
Auflösungsdatum:
Kontoinhaber
Geburtsdatum
Seit
Bis
Daniela Traunsberger
31.05.1976
05.10.2021
Fichtenweg 5 84359 Simbach am Inn Erlach, DE
norisbank GmbH
BAK-Nr.: 100118
Bundeskanzlerplatz 4, 53113 Bonn
Trefferanzahl: 1
Kontonummer: DE97100777770833346000
Errichtungsdatum: 19.09.2024
Kontoinfo:
Auflösungsdatum:
Kontoinhaber
Geburtsdatum Seit
Bis
Daniela Traunsberger
31.05.1976
19.09.2024
26.09.2024
Fichtenweg 5, 84359 Simbach a. Inn Erlach
Daniela Traunsberger
31.05.1976
26.09.2024
Fichtenweg 5, 84359 Simbach a. Inn Erlach
Anfrage von Hauptgerichtsvollzieherin
Seite
1 von
3
Helga Gerstl (G09245) zu AZ DR 83/26
<page_3>
Anlage zu GZ: St II 4 S 0229a KEVIZZ 489779/26 (Bitte stets angeben)
Sparkasse Rottal-Inn
BAK-Nr.: 100564
Pfarrkirchener Straße 16, 84307 Eggenfelden
Trefferanzahl: 1
Kontonummer: DE13743514300010549087
Errichtungsdatum: 25.03.2022
Kontoinfo:
Auflösungsdatum:
Kontoinhaber
Geburtsdatum
Seit
Bis
Daniela Traunsberger
31.05.1976
25.03.2022
Fichtenweg 5, 84359 Simbach a. Inn
Solaris SE
BAK-Nr.: 143626
Cuvrystraße 53, 10997 Berlin
Trefferanzahl: 1
Kontonummer: DE57110101015697658799
Errichtungsdatum: 09.07.2022
Kontoinfo:
Auflösungsdatum:
Kontoinhaber
Geburtsdatum Seit
Bis
DANIELA TRAUNSBERGER
31.05.1976
13.07.2022
Fichtenweg 5 84359 Simbach DE
N26 Bank SE
BAK-Nr.: 145827
Voltairestraße 8, 10179 Berlin
Trefferanzahl: 1
Kontonummer: DE79100110012622205988
Errichtungsdatum: 14.05.2021
Kontoinfo:
Auflösungsdatum:
Kontoinhaber
Geburtsdatum
Seit
Bis
DANIELA TRAUNSBERGER
31.05.1976
14.05.2021
FICHTENWEG 5 84359 SIMBACH AM INN DEU
Trade Republic Bank GmbH
BAK-Nr.: 150368
Brunnenstraße 19 21, 10119 Berlin
Trefferanzahl: 2
Kontonummer: 0268241601
Errichtungsdatum: 19.09.2024
Kontoinfo:
Auflösungsdatum:
Kontoinhaber
Geburtsdatum Seit
Bis
Daniela Traunsberger
31.05.1976
19.09.2024
Fichtenweg 5, 84359 Simbach am Inn DE
Anfrage von Hauptgerichtsvollzieherin
Seite
2 von
3
Helga Gerstl (G09245) zu AZ DR 83/26
<page_4>
Anlage zu GZ: St II 4 - S 0229a - KEVIZZ 489779/26 (Bitte stets angeben)
Kontonummer: DE26100123450268241601
Errichtungsdatum: 19.09.2024
Kontoinfo:
Auflösungsdatum:
Kontoinhaber
Geburtsdatum Seit
Bis
Daniela Traunsberger
31.05.1976
19.09.2024
Fichtenweg 5, 84359 Simbach am Inn DE
Anfrage von Hauptgerichtsvollzieherin
Seite
3 von
3
Helga Gerstl (G09245) zu AZ DR 83/26",False," Helga Gerstl
Hauptgerichtsvollzieherin
Amselweg 5
beim Amtsgericht Eggenfelden
84307 Eggenfelden
Telefon: (087 21) 12 71 81 6
Sprechzeiten:
Email: Helga.Gerstl@bay-gv-bund.de
Montag und Freitag, 08 h bis 09 h
Elektronischer Rechtsverkehr: safe-sp1-1355739468044-011776554
Dienstkonto:
Badische Beamtenbank eG
IBAN: DE06 6609 0800 0005 6100 28
HGVin Helga Gerstl, Amselweg 5, 84307 Eggenfelden
BIC: GENODE61BBB
PAIR Finance GmbH
Knesebeckstraße 62-63
10719 Berlin
Mein Zeichen
Ihr Zeichen
2 DR 83/26
184935444911
Eggenfelden, 25.02.2026
Bitte immer angeben!
Zwangsvollstreckungssache
Outfittery GmbH, Mehringdamm 55, 10961 Berlin
vertr. d.
PAIR Finance GmbH, Knesebeckstraße 62-63, 10719 Berlin
gegen
Frau Daniela Traunsberger, Fichtenweg 5, 84359 Simbach a. Inn
Sehr geehrte Damen und Herren,
in o.g. Sache haben Sie mich beauftragt, eine Drittauskunft nach § 8021 ZPO beim Bundeszentralamt für Steuern einzuholen.
Das Ergebnis teile ich Ihnen unter Übersendung einer evtl. auszugsweisen Kopie mit.
Ich weise Sie ausdrücklich darauf hin, dass die erlangten Daten nur zu Vollstreckungszwecken genutzt werden dürfen und nach
Zweckerreichung in dieser Sache zu löschen sind (§§ 802 I Abs. 3, 802 d Abs. 1 ZPO). Die Weiterleitung dieser Daten an Dritte ist unzulässig.
Mit freundlichen Grüßen
Helga Gerstl
Hauptgerichtsvollzieherin
beim Amtsgericht Eggenfelden
Ihre personenbezogenen Daten werden verarbeitet. Weitere Informationen:Homepage Amtsgericht Eggenfelden unter ""Datenschutz"":
htps://www.justiz.bayern.de/gerichte-und-behoerden/amtsgerichte/eggenfelden/datenschutzphp
Personenbezogene Daten werden auch den Schreibkräften des Gerichtsvollziehers gegenüber offengelegt.
 Anlage zu GZ: St II 4 S 0229a KEVIZZ 489779/26 (Bitte stets angeben)
Ergebnisse
zu der Anfrage von dem/der:
Hauptgerichtsvollzieherin
Helga Gerstl
vom:
25.02.2026
Ihr AZ:
DR 83/26
mit folgenden Anhaltsdaten:
Name:
Nachname:
Traunsberger
Vorname:
Daniela
Geburtsdatum:
31.05.1976
Kontonummer:
Raisin Bank AG
BAK-Nr.: 100112
Niedenau 61 63, 60325 Frankfurt am Main
Trefferanzahl: 1
Kontonummer: DE93503302002275715002
Errichtungsdatum: 05.10.2021
Kontoinfo:
Auflösungsdatum:
Kontoinhaber
Geburtsdatum
Seit
Bis
Daniela Traunsberger
31.05.1976
05.10.2021
Fichtenweg 5 84359 Simbach am Inn Erlach, DE
norisbank GmbH
BAK-Nr.: 100118
Bundeskanzlerplatz 4, 53113 Bonn
Trefferanzahl: 1
Kontonummer: DE97100777770833346000
Errichtungsdatum: 19.09.2024
Kontoinfo:
Auflösungsdatum:
Kontoinhaber
Geburtsdatum Seit
Bis
Daniela Traunsberger
31.05.1976
19.09.2024
26.09.2024
Fichtenweg 5, 84359 Simbach a. Inn Erlach
Daniela Traunsberger
31.05.1976
26.09.2024
Fichtenweg 5, 84359 Simbach a. Inn Erlach
Anfrage von Hauptgerichtsvollzieherin
Seite
1 von
3
Helga Gerstl (G09245) zu AZ DR 83/26
 Anlage zu GZ: St II 4 S 0229a KEVIZZ 489779/26 (Bitte stets angeben)
Sparkasse Rottal-Inn
BAK-Nr.: 100564
Pfarrkirchener Straße 16, 84307 Eggenfelden
Trefferanzahl: 1
Kontonummer: DE13743514300010549087
Errichtungsdatum: 25.03.2022
Kontoinfo:
Auflösungsdatum:
Kontoinhaber
Geburtsdatum
Seit
Bis
Daniela Traunsberger
31.05.1976
25.03.2022
Fichtenweg 5, 84359 Simbach a. Inn
Solaris SE
BAK-Nr.: 143626
Cuvrystraße 53, 10997 Berlin
Trefferanzahl: 1
Kontonummer: DE57110101015697658799
Errichtungsdatum: 09.07.2022
Kontoinfo:
Auflösungsdatum:
Kontoinhaber
Geburtsdatum Seit
Bis
DANIELA TRAUNSBERGER
31.05.1976
13.07.2022
Fichtenweg 5 84359 Simbach DE
N26 Bank SE
BAK-Nr.: 145827
Voltairestraße 8, 10179 Berlin
Trefferanzahl: 1
Kontonummer: DE79100110012622205988
Errichtungsdatum: 14.05.2021
Kontoinfo:
Auflösungsdatum:
Kontoinhaber
Geburtsdatum
Seit
Bis
DANIELA TRAUNSBERGER
31.05.1976
14.05.2021
FICHTENWEG 5 84359 SIMBACH AM INN DEU
Trade Republic Bank GmbH
BAK-Nr.: 150368
Brunnenstraße 19 21, 10119 Berlin
Trefferanzahl: 2
Kontonummer: 0268241601
Errichtungsdatum: 19.09.2024
Kontoinfo:
Auflösungsdatum:
Kontoinhaber
Geburtsdatum Seit
Bis
Daniela Traunsberger
31.05.1976
19.09.2024
Fichtenweg 5, 84359 Simbach am Inn DE
Anfrage von Hauptgerichtsvollzieherin
Seite
2 von
3
Helga Gerstl (G09245) zu AZ DR 83/26
 Anlage zu GZ: St II 4 - S 0229a - KEVIZZ 489779/26 (Bitte stets angeben)
Kontonummer: DE26100123450268241601
Errichtungsdatum: 19.09.2024
Kontoinfo:
Auflösungsdatum:
Kontoinhaber
Geburtsdatum Seit
Bis
Daniela Traunsberger
31.05.1976
19.09.2024
Fichtenweg 5, 84359 Simbach am Inn DE
Anfrage von Hauptgerichtsvollzieherin
Seite
3 von
3
Helga Gerstl (G09245) zu AZ DR 83/26",drittauskunft,False,False,9f205ef8-8911-5e26-af73-ad7bc0c1b97e,9fbfd249-c135-5ac8-ac00-2ad8de4b0ee6,432d4fb97512f9b31fdb2eda2b91ef4cf931a1b35e9fc40842bfd2eceff70a71,s3://pair-data-engineering-new/ocr_prepared_output/432d4fb97512f9b31fdb2eda2b91ef4cf931a1b35e9fc40842bfd2eceff70a71.json
data/aftercourt/drittauskunft_without_invoice/FA_003-18122025-075010.pdf,"<page_1>
R. Müller
Obergerichtsvollzieher
Lerchenweg 15, 56656 Brohl-Lützing (Postanschrift)
IBAN:DE51577615910152883500; BIC:GENODED1BNA
Sprechzeit:(telefonisch)
Mi.09.30h-10.30h Tel.:02631/8999118,Fax:02631/8999200
im Amtsgericht,Hermannstr.39,56564 Neuwied u.n. Vereinbarung
D
Datenschutzerkl zur Informationspflicht nach Art 13 u 14 d. DS-GVO, § 55 Bundesdatenschutzgesetz u. § 43 Landesdatenschutzgesetz finden Sie auf di Startseite di
Internetauftritts d. Gerichts:www.agnr.justiz.rlp.de Auf Wunsch übersende ich diese Informationen auch in Papierform
R. Müller, Lerchenweg 15,56656 Brohl-Lützing
PAIR Finance GmbH
Knesebeckstraße 62-63
10719 Berlin
PAIR Finance GmbH
17. Dez. 2025
AZ
Mein Zeichen
Ihr Zeichen
DR II 359/25
163495927085
Brohl-Lützing, 12.12.2025
Bitte immer angeben!
Zwangsvollstreckungssache
Free2 Move Deutschland GmbH, Warschauer Platz 11-13, 10245 Berlin
gegen
Herrn Tommy Grunau, Im Steinchen 13, 57614 Woldert
Sehr geehrte Damen und Herren,
in o.g. Sache haben Sie mich u.a. mit der Einholung einer Drittauskunft nach § 8021 ZPO beim
Bundeszentralamt für Steuern beauftragt.
hat. Die Anfrage lieferte kein verwertbares Ergebnis. Das BZST teilt mit, dass der Abruf zu keinem Ergebnis geführt
Ich weise ausdrücklich darauf hin, dass die erlangten Daten nur zu Vollstreckungszwecken genutzt werden
dürfen und nach Zweckerreichung in dieser Sache zu löschen sind (§§ 802 I Abs. 3, 802 d Abs. 1 ZPO). Die
Weiterleitung dieser Daten an Dritte ist unzulässig..
Nach Zweckerreichung sind erlangte Schuldnerdaten zu löschen.
Mit freundlichen Grüßen
(R. Müller)
"",
Obergerichtsvollzieher
Name
beim Amtsgericht Neuwied
By
Dem
American",False," R. Müller
Obergerichtsvollzieher
Lerchenweg 15, 56656 Brohl-Lützing (Postanschrift)
IBAN:DE51577615910152883500; BIC:GENODED1BNA
Sprechzeit:(telefonisch)
Mi.09.30h-10.30h Tel.:02631/8999118,Fax:02631/8999200
im Amtsgericht,Hermannstr.39,56564 Neuwied u.n. Vereinbarung
D
Datenschutzerkl zur Informationspflicht nach Art 13 u 14 d. DS-GVO, § 55 Bundesdatenschutzgesetz u. § 43 Landesdatenschutzgesetz finden Sie auf di Startseite di
Internetauftritts d. Gerichts:www.agnr.justiz.rlp.de Auf Wunsch übersende ich diese Informationen auch in Papierform
R. Müller, Lerchenweg 15,56656 Brohl-Lützing
PAIR Finance GmbH
Knesebeckstraße 62-63
10719 Berlin
PAIR Finance GmbH
17. Dez. 2025
AZ
Mein Zeichen
Ihr Zeichen
DR II 359/25
163495927085
Brohl-Lützing, 12.12.2025
Bitte immer angeben!
Zwangsvollstreckungssache
Free2 Move Deutschland GmbH, Warschauer Platz 11-13, 10245 Berlin
gegen
Herrn Tommy Grunau, Im Steinchen 13, 57614 Woldert
Sehr geehrte Damen und Herren,
in o.g. Sache haben Sie mich u.a. mit der Einholung einer Drittauskunft nach § 8021 ZPO beim
Bundeszentralamt für Steuern beauftragt.
hat. Die Anfrage lieferte kein verwertbares Ergebnis. Das BZST teilt mit, dass der Abruf zu keinem Ergebnis geführt
Ich weise ausdrücklich darauf hin, dass die erlangten Daten nur zu Vollstreckungszwecken genutzt werden
dürfen und nach Zweckerreichung in dieser Sache zu löschen sind (§§ 802 I Abs. 3, 802 d Abs. 1 ZPO). Die
Weiterleitung dieser Daten an Dritte ist unzulässig..
Nach Zweckerreichung sind erlangte Schuldnerdaten zu löschen.
Mit freundlichen Grüßen
(R. Müller)
"",
Obergerichtsvollzieher
Name
beim Amtsgericht Neuwied
By
Dem
American",drittauskunft,False,False,4f6c9081-0928-527c-9356-943ba2237293,e3a0150a-cdb8-5a9c-be4a-0f5603361356,fe02c9970e549b20806d238d71c0adfe8a6f3dccdf820ad76fe0906e21b67708,s3://pair-data-engineering-new/ocr_prepared_output/fe02c9970e549b20806d238d71c0adfe8a6f3dccdf820ad76fe0906e21b67708.json
data/aftercourt/drittauskunft_without_invoice/combined_pdf_02BZST_0120251218-309-tsmi5u.pdf,"<page_1>
Bundeszentralamt
für Steuern
POSTANSCHRIFT
Bundeszentralamt für Steuern, 11055 Berlin
HAUSANSCHRIFT
DGZ-Ring 12, 13086 Berlin
BEARBEITET VON
Gerichtsvollzieher Rüngeling
Cardenap 7
Steuerabteilung National
Kontenabrufverfahren
38518 Gifhorn
TEL
+49 (0) 2 28 40 6-3600
FAX
+49 (0) 2 28 40 6-4408
E-MAIL
kontenabruf@bzst.bund.de
INTERNET
www.bzst.bund.de
BETREFF
Kontenabrufersuchen nach §§ 93, 93b Abgabenordnung (AO)
BEZUG
Ihr Kontenabrufersuchen vom 16.12.2025 AZ: DR Il 1356/25
ANLAGEN
1
GZ
St II 4 S 0229a KEVIZZ 2924642/25
(bei Antwort bitte angeben)
DATUM
17.12.2025
Ihr oben genanntes Kontenabrufersuchen ist im Rahmen des automatisierten Abrufs von
Kontoinformationen bearbeitet worden. Die Ergebnisse dieses Abrufs entnehmen Sie bitte der
nachfolgenden Anlage.
Bitte beachten Sie
dass die Verantwortung für die Zulässigkeit des Datenabrufs und die Datenübermittlung die
ersuchende Behörde trägt (§ 93b Abs. 3 AO),
die Informations- und Dokumentationspflichten gemäß § 93 Abs. 9 und 10 AO sowie den
Anwendungserlass zur Abgabenordnung (AEAO),
dass die Kontenstammdaten in der Datei nach § 24c Kreditwesengesetz (KWG) durch die
beteiligten Kreditinstitute vorgehalten werden. Ich kann deshalb keine Haftung dafür
übernehmen, dass die im Rahmen des Kontenabrufs mitgeteilten Daten vollständig und
inhaltlich korrekt sind.
Zum Inhalt des Ergebnisses bemerke ich folgendes:
Aufgrund der gesetzlichen Vorgabe der Unterscheidungsmerkmale in den von den Kreditinstituten
zu führenden Dateien kann die Identität der gemeldeten Personen immer nur im Hinblick auf die
Merkmale Name und Geburtsdatum für die Kontoinhaber und Verfügungsberechtigten bzw. Name
und Anschrift für die abweichend wirtschaftlich Berechtigten festgestellt werden. Insofern muss das
übermittelte Abrufergebnis trotz Übereinstimmung des Namens und des Geburtsdatums nicht
zwingend mit der von Ihnen abgefragten Person identisch sein. Das gilt auch für
Firmenbezeichnungen. Die auf dem Kontenabrufersuchen gleichwohl anzugebende Anschrift des
Kontoinhabers oder des Verfügungsberechtigten wird nicht in die Abfrage einbezogen.
<page_2>
Bundeszentralamt
für Steuern
Bei Rückfragen bitte ich Sie, zunächst die FAQ (häufige Fragen) zu beachten, die Sie auf der
Homepage des BZSt unter http://www.bzst.bund.de oder, sofern Sie für die Verwaltung der
Grundsicherung für Arbeitsuchende nach dem Zweiten Buch Sozialgesetzbuch zuständig sind, im
Intranet der Bundesagentur für Arbeit finden. Sie können sich aber auch an die oben angegebene
Telefonnummer wenden.
Hinweise zum Ergebnis Ihres Kontenabrufs
Das Ergebnis des für Sie durchgeführten Kontenabrufs wurde einer Plausibilitätsprüfung
(Stichprobe) unterzogen.
Falls das Ergebnis keine Treffer enthält oder Sie bereits bekannte Konten dort nicht finden, kann
dies mehrere Ursachen haben.
Ein Abruf von Kontenstammdaten bei der Kreditwirtschaft erfolgt mit den von Ihnen dafür
vorgegeben Personendaten. Welche Daten Sie für den Abruf vorgegeben haben, ersehen Sie an
dem fett gedruckten Eintrag im oberen Teil des Ergebnisausdrucks.
Bitte stellen Sie ggf. ein neues Kontenabrufersuchen, wenn Sie im Nachgang feststellen, dass die
von Ihnen verwendeten Daten unzutreffend oder unvollständig waren.
Für allgemeine fachliche Fragen wenden Sie sich bitte per E-Mail an den Fachbereich
(kontenabruf@bzst.bund.de).
Dieses Anschreiben wurde automatisch erstellt und ist ohne Unterschrift gültig.
<page_3>
Anlage zu GZ: St Il 4 S 0229a KEVIZZ 2924642/25 (Bitte stets angeben)
Ergebnisse
zu der Anfrage von dem/der:
Gerichtsvollzieher Rüngeling
vom:
16.12.2025
Ihr AZ:
DR II 1356/25
mit folgenden Anhaltsdaten:
Name:
Nachname:
Pohl
Vorname:
Christian
Geburtsdatum:
28.02.1984
Kontonummer:
COMMERZBANK Aktiengesellschaft
BAK-Nr.: 100005
Kaiserstraße 16 (Kaiserplatz), 60311 Frankfurt am Main
Trefferanzahl: 1
Kontonummer: DE67532400480105574801
Errichtungsdatum: 16.09.2015
Kontoinfo:
Auflösungsdatum:
Kontoinhaber
Geburtsdatum
Seit
Bis
Maximilian Maurice Manfred Pohl
29.08.2013
02.12.2019
Meisebacher Straße 103 36251 Bad Hersfeld
Verfügungsberechtigte
Geburtsdatum
Seit
Bis
Christian Pohl
28.02.1984
25.01.2021
Bosteleck 1 38518 Gifhorn
Anna-Katharina Pohl
27.07.1988
12.06.2020
Meisebacher Straße 103 36251 Bad Hersfeld
Volkswagen Bank Gesellschaft mit beschränkter Haftung
BAK-Nr.: 100178
Gifhorner Straße 57, 38112 Braunschweig
Trefferanzahl: 3
Kontonummer: DE11270200001700852930
Errichtungsdatum: 25.06.2024
Kontoinfo:
Auflösungsdatum:
Kontoinhaber
Geburtsdatum
Seit
Bis
Jaqueline Kremer
17.09.1976
25.06.2024
Bosteleck 1 38518 Gifhorn DE
Verfügungsberechtigte
Geburtsdatum
Seit
Bis
Christian Pohl
28.02.1984
30.08.2024
Bosteleck 1 38518 Gifhorn DE
Anfrage von Gerichtsvollzieher Rüngeling (G03556) zu AZ DR Il 1356/25
Seite
1 von
5
<page_4>
Anlage zu GZ: St Il 4 S 0229a KEVIZZ 2924642/25 (Bitte stets angeben)
Kontonummer: DE14270200001529851576
Errichtungsdatum: 11.04.2025
Kontoinfo:
Auflösungsdatum:
Kontoinhaber
Geburtsdatum
Seit
Bis
Jaqueline Kremer
17.09.1976
11.04.2025
Bosteleck 1 38518 Gifhorn DE
Verfügungsberechtigte
Geburtsdatum
Seit
Bis
Christian Pohl
28.02.1984
11.04.2025
Bosteleck 1 38518 Gifhorn DE
Kontonummer: DE36270200001529851568
Errichtungsdatum: 11.04.2025
Kontoinfo:
Auflösungsdatum:
Kontoinhaber
Geburtsdatum
Seit
Bis
Jaqueline Kremer
17.09.1976
11.04.2025
Bosteleck 1 38518 Gifhorn DE
Verfügungsberechtigte
Geburtsdatum
Seit
Bis
Christian Pohl
28.02.1984
11.04.2025
Bosteleck 1 38518 Gifhorn DE
Volksbank Mittelhessen eG
BAK-Nr.: 101587
Schiffenberger Weg 110, 35394 Gießen, Lahn
Trefferanzahl: 1
Kontonummer: DE23513900000028267304
Errichtungsdatum: 23.06.2014
Kontoinfo:
Auflösungsdatum:
Kontoinhaber
Geburtsdatum Seit
Bis
Maximilian Maurice Manfred Pohl
29.08.2013
11.07.2025
Im Borngrund 3 29365 Sprakensehl
Verfügungsberechtigte
Geburtsdatum
Seit
Bis
Christian Pohl
28.02.1984
11.07.2025
Bosteleck 1 38518 Gifhorn
Anna-Katharina Pohl
27.07.1988
11.07.2025
Im Borngrund 3 29365 Sprakensehl
Anfrage von Gerichtsvollzieher Rüngeling (G03556) zu AZ DR Il 1356/25
Seite
2 von
5
<page_5>
Anlage zu GZ: St Il 4 - S 0229a KEVIZZ 2924642/25 (Bitte stets angeben)
Solaris SE
BAK-Nr.: 143626
Cuvrystraße 53, 10997 Berlin
Trefferanzahl: 2
Kontonummer: DE24110101015012165340
Errichtungsdatum: 21.04.2022
Kontoinfo:
Auflösungsdatum:
Kontoinhaber
Geburtsdatum Seit
Bis
CHRISTIAN POHL
28.02.1984
07.05.2022
Bosteleck 1 38518 Gifhorn DE
Kontonummer: DE06110101015328147626
Errichtungsdatum: 20.07.2022
Kontoinfo:
Auflösungsdatum:
Kontoinhaber
Geburtsdatum
Seit
Bis
CHRISTIAN POHL
28.02.1984
24.07.2022
Bosteleck 1 38518 Gifhorn DE
Banking Circle S.A. German Branch
BAK-Nr.: 156937
Maximilianstr. 54, 80538 München
Trefferanzahl: 2
Kontonummer: DE65202208000051417633
Errichtungsdatum: 06.05.2025
Kontoinfo:
Auflösungsdatum:
Kontoinhaber
Geburtsdatum Seit
Bis
Vivid Money S.A
06.05.2025
21 Rue Glesener LU L-1631
Wirtschaftlich Berechtigte
Seit
Bis
Christian Pohl
06.05.2025
Bosteleck 1 Gifhorn 38518 DE
Kontonummer: DE28202208000051417620
Errichtungsdatum: 12.05.2025
Kontoinfo:
Auflösungsdatum:
Kontoinhaber
Geburtsdatum
Seit
Bis
Vivid Money S.A
12.05.2025
21 Rue Glesener LU L-1631
Wirtschaftlich Berechtigte
Seit
Bis
Christian Pohl
12.05.2025
Bosteleck 1 Gifhorn 38518 DE
Anfrage von Gerichtsvollzieher Rüngeling (G03556) zu AZ DR Il 1356/25
Seite
3 von
5
<page_6>
Anlage zu GZ: St Il 4 - S 0229a KEVIZZ 2924642/25 (Bitte stets angeben)
OLINDA Zweigniederlassung Deutschland
BAK-Nr.: 156946
Warschauer Platz 11 13, 10245 Berlin
Trefferanzahl: 2
Kontonummer: DE05100101231164830968
Errichtungsdatum: 10.10.2025
Kontoinfo:
Auflösungsdatum:
Kontoinhaber
Geburtsdatum Seit
Bis
CHRISTIAN POHL
28.02.1984
10.10.2025
Bosteleck 1 38518 Gifhorn Germany
Kontonummer: DE26100101238475133934
Errichtungsdatum: 11.10.2025
Kontoinfo:
Auflösungsdatum:
Kontoinhaber
Geburtsdatum
Seit
Bis
CHRISTIAN POHL
28.02.1984
11.10.2025
Bosteleck 1 38518 Gifhorn Germany
bunq B.V. Niederlassung Deutschland
BAK-Nr.: 159131
Landsbergerstr. 302, 80687 München
Trefferanzahl: 3
Kontonummer: DE73370190001010264074
Errichtungsdatum: 27.04.2022
Kontoinfo:
Auflösungsdatum:
Kontoinhaber
Geburtsdatum Seit
Bis
Christian Pohl Kuhn
28.02.1984
27.04.2022
Bosteleck 1 38518 GIFHORN GERMANY
Kontonummer: DE44370190001010261686
Errichtungsdatum: 27.04.2022
Kontoinfo:
Auflösungsdatum:
Kontoinhaber
Geburtsdatum
Seit
Bis
Christian Pohl Kuhn
28.02.1984
27.04.2022
Bosteleck 1 38518 GIFHORN GERMANY
Kontonummer: DE64370190001010264818
Errichtungsdatum: 27.04.2022
Kontoinfo:
Auflösungsdatum:
Kontoinhaber
Geburtsdatum
Seit
Bis
Christian Pohl Kuhn
28.02.1984
27.04.2022
Bosteleck 1 38518 GIFHORN GERMANY
Anfrage von Gerichtsvollzieher Rüngeling (G03556) zu AZ DR Il 1356/25
Seite
4 von
5
<page_7>
Anlage zu GZ: St Il 4 - S 0229a KEVIZZ 2924642/25 (Bitte stets angeben)
Revolut Bank UAB, Zweigniederlassung Deutschland
BAK-Nr.: 161008
c/o FORA Linden Palais / Unter den Linden 40, 10117 Berlin
Trefferanzahl: 2
Kontonummer: DE33100101789855263215
Errichtungsdatum: 03.05.2025
Kontoinfo:
Auflösungsdatum:
Kontoinhaber
Geburtsdatum Seit
Bis
CHRISTIAN POHL
28.02.1984
03.05.2025
DE Gifhorn 38518 Bosteleck 1
Kontonummer: DE68100101780057672146
Errichtungsdatum: 08.03.2025
Kontoinfo:
Auflösungsdatum:
Kontoinhaber
Geburtsdatum
Seit
Bis
CHRISTIAN POHL
28.02.1984
08.03.2025
DE Gifhorn 38518 Bosteleck 1
Swan SAS Zweigniederlassung Deutschland
BAK-Nr.: 161352
Münzstraße 12, 10178 Berlin
Trefferanzahl: 2
Kontonummer: DE72100140007517885261
Errichtungsdatum: 13.10.2025
Kontoinfo:
Auflösungsdatum:
Kontoinhaber
Geburtsdatum Seit
Bis
Das Flinke Gifhornchen
13.10.2025
Bosteleck 1 DE 38518 Gifhorn
Verfügungsberechtigte
Geburtsdatum Seit
Bis
Christian Pohl
28.02.1984
13.10.2025
Bosteleck 1 DE 38518 Gifhorn
Kontonummer: DE46100140015367467169
Errichtungsdatum: 13.10.2025
Kontoinfo:
Auflösungsdatum:
Kontoinhaber
Geburtsdatum Seit
Bis
Das Flinke Gifhornchen
13.10.2025
Bosteleck 1 DE 38518 Gifhorn
Verfügungsberechtigte
Geburtsdatum Seit
Bis
Christian Pohl
28.02.1984
13.10.2025
Bosteleck 1 DE 38518 Gifhorn
Anfrage von Gerichtsvollzieher Rüngeling (G03556) zu AZ DR Il 1356/25
Seite
5 von
5
<page_8>
Rüngeling
GERICHTSVOLLZIEHER
beim Amtsgericht Gifhorn
Sprechzeiten Geschäftszimmer
Dienstkonto
Kontakt
Cardenap 7, 38518 Gifhorn
Zahlungsempfänger: Rüngeling
Telefon: 0151 53388449
Dienstag: 09:00 10:00 Uhr
DE94 2504 0066 0334 1609 00
Fax:
05371 897300
und
15:00 16:00 Uhr
COBADEFFXXX
E-Mail: ruengeling@gvzpost.de
Abs.: GV Rüngeling, Cardenap 7, 38518 Gifhorn
Pair Finance GmbH
Knesebeckstraße 62-63
10719 Berlin
Mein Zeichen
Ihr Zeichen
DR II 1356/25
120173044047
Gifhorn, 18.12.2025
Bitte immer angeben!
Zwangsvollstreckungssache
N26 Bank SE, Voltairestraße 8, 10179 Berlin
vertr. d.
Pair Finance GmbH, Knesebeckstraße 62-63, 10719 Berlin
gegen
Herrn Christian Pohl, Bosteleck 1, 38518 Gifhorn
Sehr geehrte Damen und Herren,
in vorstehender Zwangsvollstreckungssache haben Sie mich beauftragt Auskünfte Dritter gemäß § 8021 ZPO beim
Bundeszentralamt für Steuern einzuholen. Die mir übermittelten Daten sind beigefügt.
Ich weise Sie ausdrücklich darauf hin, dass die erlangten Daten nur zu Vollstreckungszwecken genutzt werden
dürfen und nach Zweckerreichung in dieser Sache zu löschen sind (§§ 8021 Abs. 3, 802d Abs. 1 ZPO). Die
Weiterleitung dieser Daten an Dritte ist unzulässig.
Nach Zweckerreichung sind erlangte Schuldnerdaten zu löschen.
Rungeling
Grüßen
(Rüngeling)
Gerichtsvollzieher
beim Amtsgericht Gifhorn
Seite 1 DR Il 1356/25 Drittstellenauskunft Mitteilung an GI. ohne KR.",False," Bundeszentralamt
für Steuern
POSTANSCHRIFT
Bundeszentralamt für Steuern, 11055 Berlin
HAUSANSCHRIFT
DGZ-Ring 12, 13086 Berlin
BEARBEITET VON
Gerichtsvollzieher Rüngeling
Cardenap 7
Steuerabteilung National
Kontenabrufverfahren
38518 Gifhorn
TEL
+49 (0) 2 28 40 6-3600
FAX
+49 (0) 2 28 40 6-4408
E-MAIL
kontenabruf@bzst.bund.de
INTERNET
www.bzst.bund.de
BETREFF
Kontenabrufersuchen nach §§ 93, 93b Abgabenordnung (AO)
BEZUG
Ihr Kontenabrufersuchen vom 16.12.2025 AZ: DR Il 1356/25
ANLAGEN
1
GZ
St II 4 S 0229a KEVIZZ 2924642/25
(bei Antwort bitte angeben)
DATUM
17.12.2025
Ihr oben genanntes Kontenabrufersuchen ist im Rahmen des automatisierten Abrufs von
Kontoinformationen bearbeitet worden. Die Ergebnisse dieses Abrufs entnehmen Sie bitte der
nachfolgenden Anlage.
Bitte beachten Sie
dass die Verantwortung für die Zulässigkeit des Datenabrufs und die Datenübermittlung die
ersuchende Behörde trägt (§ 93b Abs. 3 AO),
die Informations- und Dokumentationspflichten gemäß § 93 Abs. 9 und 10 AO sowie den
Anwendungserlass zur Abgabenordnung (AEAO),
dass die Kontenstammdaten in der Datei nach § 24c Kreditwesengesetz (KWG) durch die
beteiligten Kreditinstitute vorgehalten werden. Ich kann deshalb keine Haftung dafür
übernehmen, dass die im Rahmen des Kontenabrufs mitgeteilten Daten vollständig und
inhaltlich korrekt sind.
Zum Inhalt des Ergebnisses bemerke ich folgendes:
Aufgrund der gesetzlichen Vorgabe der Unterscheidungsmerkmale in den von den Kreditinstituten
zu führenden Dateien kann die Identität der gemeldeten Personen immer nur im Hinblick auf die
Merkmale Name und Geburtsdatum für die Kontoinhaber und Verfügungsberechtigten bzw. Name
und Anschrift für die abweichend wirtschaftlich Berechtigten festgestellt werden. Insofern muss das
übermittelte Abrufergebnis trotz Übereinstimmung des Namens und des Geburtsdatums nicht
zwingend mit der von Ihnen abgefragten Person identisch sein. Das gilt auch für
Firmenbezeichnungen. Die auf dem Kontenabrufersuchen gleichwohl anzugebende Anschrift des
Kontoinhabers oder des Verfügungsberechtigten wird nicht in die Abfrage einbezogen.
 Bundeszentralamt
für Steuern
Bei Rückfragen bitte ich Sie, zunächst die FAQ (häufige Fragen) zu beachten, die Sie auf der
Homepage des BZSt unter http://www.bzst.bund.de oder, sofern Sie für die Verwaltung der
Grundsicherung für Arbeitsuchende nach dem Zweiten Buch Sozialgesetzbuch zuständig sind, im
Intranet der Bundesagentur für Arbeit finden. Sie können sich aber auch an die oben angegebene
Telefonnummer wenden.
Hinweise zum Ergebnis Ihres Kontenabrufs
Das Ergebnis des für Sie durchgeführten Kontenabrufs wurde einer Plausibilitätsprüfung
(Stichprobe) unterzogen.
Falls das Ergebnis keine Treffer enthält oder Sie bereits bekannte Konten dort nicht finden, kann
dies mehrere Ursachen haben.
Ein Abruf von Kontenstammdaten bei der Kreditwirtschaft erfolgt mit den von Ihnen dafür
vorgegeben Personendaten. Welche Daten Sie für den Abruf vorgegeben haben, ersehen Sie an
dem fett gedruckten Eintrag im oberen Teil des Ergebnisausdrucks.
Bitte stellen Sie ggf. ein neues Kontenabrufersuchen, wenn Sie im Nachgang feststellen, dass die
von Ihnen verwendeten Daten unzutreffend oder unvollständig waren.
Für allgemeine fachliche Fragen wenden Sie sich bitte per E-Mail an den Fachbereich
(kontenabruf@bzst.bund.de).
Dieses Anschreiben wurde automatisch erstellt und ist ohne Unterschrift gültig.
 Anlage zu GZ: St Il 4 S 0229a KEVIZZ 2924642/25 (Bitte stets angeben)
Ergebnisse
zu der Anfrage von dem/der:
Gerichtsvollzieher Rüngeling
vom:
16.12.2025
Ihr AZ:
DR II 1356/25
mit folgenden Anhaltsdaten:
Name:
Nachname:
Pohl
Vorname:
Christian
Geburtsdatum:
28.02.1984
Kontonummer:
COMMERZBANK Aktiengesellschaft
BAK-Nr.: 100005
Kaiserstraße 16 (Kaiserplatz), 60311 Frankfurt am Main
Trefferanzahl: 1
Kontonummer: DE67532400480105574801
Errichtungsdatum: 16.09.2015
Kontoinfo:
Auflösungsdatum:
Kontoinhaber
Geburtsdatum
Seit
Bis
Maximilian Maurice Manfred Pohl
29.08.2013
02.12.2019
Meisebacher Straße 103 36251 Bad Hersfeld
Verfügungsberechtigte
Geburtsdatum
Seit
Bis
Christian Pohl
28.02.1984
25.01.2021
Bosteleck 1 38518 Gifhorn
Anna-Katharina Pohl
27.07.1988
12.06.2020
Meisebacher Straße 103 36251 Bad Hersfeld
Volkswagen Bank Gesellschaft mit beschränkter Haftung
BAK-Nr.: 100178
Gifhorner Straße 57, 38112 Braunschweig
Trefferanzahl: 3
Kontonummer: DE11270200001700852930
Errichtungsdatum: 25.06.2024
Kontoinfo:
Auflösungsdatum:
Kontoinhaber
Geburtsdatum
Seit
Bis
Jaqueline Kremer
17.09.1976
25.06.2024
Bosteleck 1 38518 Gifhorn DE
Verfügungsberechtigte
Geburtsdatum
Seit
Bis
Christian Pohl
28.02.1984
30.08.2024
Bosteleck 1 38518 Gifhorn DE
Anfrage von Gerichtsvollzieher Rüngeling (G03556) zu AZ DR Il 1356/25
Seite
1 von
5
 Anlage zu GZ: St Il 4 S 0229a KEVIZZ 2924642/25 (Bitte stets angeben)
Kontonummer: DE14270200001529851576
Errichtungsdatum: 11.04.2025
Kontoinfo:
Auflösungsdatum:
Kontoinhaber
Geburtsdatum
Seit
Bis
Jaqueline Kremer
17.09.1976
11.04.2025
Bosteleck 1 38518 Gifhorn DE
Verfügungsberechtigte
Geburtsdatum
Seit
Bis
Christian Pohl
28.02.1984
11.04.2025
Bosteleck 1 38518 Gifhorn DE
Kontonummer: DE36270200001529851568
Errichtungsdatum: 11.04.2025
Kontoinfo:
Auflösungsdatum:
Kontoinhaber
Geburtsdatum
Seit
Bis
Jaqueline Kremer
17.09.1976
11.04.2025
Bosteleck 1 38518 Gifhorn DE
Verfügungsberechtigte
Geburtsdatum
Seit
Bis
Christian Pohl
28.02.1984
11.04.2025
Bosteleck 1 38518 Gifhorn DE
Volksbank Mittelhessen eG
BAK-Nr.: 101587
Schiffenberger Weg 110, 35394 Gießen, Lahn
Trefferanzahl: 1
Kontonummer: DE23513900000028267304
Errichtungsdatum: 23.06.2014
Kontoinfo:
Auflösungsdatum:
Kontoinhaber
Geburtsdatum Seit
Bis
Maximilian Maurice Manfred Pohl
29.08.2013
11.07.2025
Im Borngrund 3 29365 Sprakensehl
Verfügungsberechtigte
Geburtsdatum
Seit
Bis
Christian Pohl
28.02.1984
11.07.2025
Bosteleck 1 38518 Gifhorn
Anna-Katharina Pohl
27.07.1988
11.07.2025
Im Borngrund 3 29365 Sprakensehl
Anfrage von Gerichtsvollzieher Rüngeling (G03556) zu AZ DR Il 1356/25
Seite
2 von
5
 Anlage zu GZ: St Il 4 - S 0229a KEVIZZ 2924642/25 (Bitte stets angeben)
Solaris SE
BAK-Nr.: 143626
Cuvrystraße 53, 10997 Berlin
Trefferanzahl: 2
Kontonummer: DE24110101015012165340
Errichtungsdatum: 21.04.2022
Kontoinfo:
Auflösungsdatum:
Kontoinhaber
Geburtsdatum Seit
Bis
CHRISTIAN POHL
28.02.1984
07.05.2022
Bosteleck 1 38518 Gifhorn DE
Kontonummer: DE06110101015328147626
Errichtungsdatum: 20.07.2022
Kontoinfo:
Auflösungsdatum:
Kontoinhaber
Geburtsdatum
Seit
Bis
CHRISTIAN POHL
28.02.1984
24.07.2022
Bosteleck 1 38518 Gifhorn DE
Banking Circle S.A. German Branch
BAK-Nr.: 156937
Maximilianstr. 54, 80538 München
Trefferanzahl: 2
Kontonummer: DE65202208000051417633
Errichtungsdatum: 06.05.2025
Kontoinfo:
Auflösungsdatum:
Kontoinhaber
Geburtsdatum Seit
Bis
Vivid Money S.A
06.05.2025
21 Rue Glesener LU L-1631
Wirtschaftlich Berechtigte
Seit
Bis
Christian Pohl
06.05.2025
Bosteleck 1 Gifhorn 38518 DE
Kontonummer: DE28202208000051417620
Errichtungsdatum: 12.05.2025
Kontoinfo:
Auflösungsdatum:
Kontoinhaber
Geburtsdatum
Seit
Bis
Vivid Money S.A
12.05.2025
21 Rue Glesener LU L-1631
Wirtschaftlich Berechtigte
Seit
Bis
Christian Pohl
12.05.2025
Bosteleck 1 Gifhorn 38518 DE
Anfrage von Gerichtsvollzieher Rüngeling (G03556) zu AZ DR Il 1356/25
Seite
3 von
5
 Anlage zu GZ: St Il 4 - S 0229a KEVIZZ 2924642/25 (Bitte stets angeben)
OLINDA Zweigniederlassung Deutschland
BAK-Nr.: 156946
Warschauer Platz 11 13, 10245 Berlin
Trefferanzahl: 2
Kontonummer: DE05100101231164830968
Errichtungsdatum: 10.10.2025
Kontoinfo:
Auflösungsdatum:
Kontoinhaber
Geburtsdatum Seit
Bis
CHRISTIAN POHL
28.02.1984
10.10.2025
Bosteleck 1 38518 Gifhorn Germany
Kontonummer: DE26100101238475133934
Errichtungsdatum: 11.10.2025
Kontoinfo:
Auflösungsdatum:
Kontoinhaber
Geburtsdatum
Seit
Bis
CHRISTIAN POHL
28.02.1984
11.10.2025
Bosteleck 1 38518 Gifhorn Germany
bunq B.V. Niederlassung Deutschland
BAK-Nr.: 159131
Landsbergerstr. 302, 80687 München
Trefferanzahl: 3
Kontonummer: DE73370190001010264074
Errichtungsdatum: 27.04.2022
Kontoinfo:
Auflösungsdatum:
Kontoinhaber
Geburtsdatum Seit
Bis
Christian Pohl Kuhn
28.02.1984
27.04.2022
Bosteleck 1 38518 GIFHORN GERMANY
Kontonummer: DE44370190001010261686
Errichtungsdatum: 27.04.2022
Kontoinfo:
Auflösungsdatum:
Kontoinhaber
Geburtsdatum
Seit
Bis
Christian Pohl Kuhn
28.02.1984
27.04.2022
Bosteleck 1 38518 GIFHORN GERMANY
Kontonummer: DE64370190001010264818
Errichtungsdatum: 27.04.2022
Kontoinfo:
Auflösungsdatum:
Kontoinhaber
Geburtsdatum
Seit
Bis
Christian Pohl Kuhn
28.02.1984
27.04.2022
Bosteleck 1 38518 GIFHORN GERMANY
Anfrage von Gerichtsvollzieher Rüngeling (G03556) zu AZ DR Il 1356/25
Seite
4 von
5
 Anlage zu GZ: St Il 4 - S 0229a KEVIZZ 2924642/25 (Bitte stets angeben)
Revolut Bank UAB, Zweigniederlassung Deutschland
BAK-Nr.: 161008
c/o FORA Linden Palais / Unter den Linden 40, 10117 Berlin
Trefferanzahl: 2
Kontonummer: DE33100101789855263215
Errichtungsdatum: 03.05.2025
Kontoinfo:
Auflösungsdatum:
Kontoinhaber
Geburtsdatum Seit
Bis
CHRISTIAN POHL
28.02.1984
03.05.2025
DE Gifhorn 38518 Bosteleck 1
Kontonummer: DE68100101780057672146
Errichtungsdatum: 08.03.2025
Kontoinfo:
Auflösungsdatum:
Kontoinhaber
Geburtsdatum
Seit
Bis
CHRISTIAN POHL
28.02.1984
08.03.2025
DE Gifhorn 38518 Bosteleck 1
Swan SAS Zweigniederlassung Deutschland
BAK-Nr.: 161352
Münzstraße 12, 10178 Berlin
Trefferanzahl: 2
Kontonummer: DE72100140007517885261
Errichtungsdatum: 13.10.2025
Kontoinfo:
Auflösungsdatum:
Kontoinhaber
Geburtsdatum Seit
Bis
Das Flinke Gifhornchen
13.10.2025
Bosteleck 1 DE 38518 Gifhorn
Verfügungsberechtigte
Geburtsdatum Seit
Bis
Christian Pohl
28.02.1984
13.10.2025
Bosteleck 1 DE 38518 Gifhorn
Kontonummer: DE46100140015367467169
Errichtungsdatum: 13.10.2025
Kontoinfo:
Auflösungsdatum:
Kontoinhaber
Geburtsdatum Seit
Bis
Das Flinke Gifhornchen
13.10.2025
Bosteleck 1 DE 38518 Gifhorn
Verfügungsberechtigte
Geburtsdatum Seit
Bis
Christian Pohl
28.02.1984
13.10.2025
Bosteleck 1 DE 38518 Gifhorn
Anfrage von Gerichtsvollzieher Rüngeling (G03556) zu AZ DR Il 1356/25
Seite
5 von
5
 Rüngeling
GERICHTSVOLLZIEHER
beim Amtsgericht Gifhorn
Sprechzeiten Geschäftszimmer
Dienstkonto
Kontakt
Cardenap 7, 38518 Gifhorn
Zahlungsempfänger: Rüngeling
Telefon: 0151 53388449
Dienstag: 09:00 10:00 Uhr
DE94 2504 0066 0334 1609 00
Fax:
05371 897300
und
15:00 16:00 Uhr
COBADEFFXXX
E-Mail: ruengeling@gvzpost.de
Abs.: GV Rüngeling, Cardenap 7, 38518 Gifhorn
Pair Finance GmbH
Knesebeckstraße 62-63
10719 Berlin
Mein Zeichen
Ihr Zeichen
DR II 1356/25
120173044047
Gifhorn, 18.12.2025
Bitte immer angeben!
Zwangsvollstreckungssache
N26 Bank SE, Voltairestraße 8, 10179 Berlin
vertr. d.
Pair Finance GmbH, Knesebeckstraße 62-63, 10719 Berlin
gegen
Herrn Christian Pohl, Bosteleck 1, 38518 Gifhorn
Sehr geehrte Damen und Herren,
in vorstehender Zwangsvollstreckungssache haben Sie mich beauftragt Auskünfte Dritter gemäß § 8021 ZPO beim
Bundeszentralamt für Steuern einzuholen. Die mir übermittelten Daten sind beigefügt.
Ich weise Sie ausdrücklich darauf hin, dass die erlangten Daten nur zu Vollstreckungszwecken genutzt werden
dürfen und nach Zweckerreichung in dieser Sache zu löschen sind (§§ 8021 Abs. 3, 802d Abs. 1 ZPO). Die
Weiterleitung dieser Daten an Dritte ist unzulässig.
Nach Zweckerreichung sind erlangte Schuldnerdaten zu löschen.
Rungeling
Grüßen
(Rüngeling)
Gerichtsvollzieher
beim Amtsgericht Gifhorn
Seite 1 DR Il 1356/25 Drittstellenauskunft Mitteilung an GI. ohne KR.",drittauskunft,False,False,50143302-3ac3-587b-ae25-047d34d94750,99d61bd2-665c-59b1-a24d-264f41c2f474,93e56ec1cfb7719bf463bf44585e833cdd56fb9689d4f3f4d893dae4415d8d27,s3://pair-data-engineering-new/ocr_prepared_output/93e56ec1cfb7719bf463bf44585e833cdd56fb9689d4f3f4d893dae4415d8d27.json
data/aftercourt/drittauskunft_without_invoice/0_sammel120260226-289-1cbt0ik (1).pdf,"<page_1>
Anne-Katrin Götz
Amtsgericht Dortmund
Obergerichtsvollzieherin
Telefon
Büroanschrift
Bürozeiten
Dienstkonto
02595/3850675
Bremer Str. 19 b
Dienstag 09.30-10.30 Uhr
IBAN per Lastschrift!
(ab 13.00 Uhr)
44135 Dortmund
Donnerstag 11.00-12.00 Uhr
BIC GENODEM1BOB
Telefax
E-Mail
Telefon:
02595/3850676
gvgoetz@comgo.de
0231/95039262
Abs.: OGVin Götz, Bremer Str. 19 b, 44135 Dortmund
PAIR Finance GmbH
vertr.d.d. GF
Knesebeckstraße 62-63
10719 Berlin
Mein Zeichen
Ihr Zeichen
DR II 158/26
168097557412
Dortmund, 25.02.2026
Bitte immer angeben!
Zwangsvollstreckungssache
N26 Bank AG, Voltairestraße 8, 10179 Berlin
vertr. d.
PAIR Finance GmbH, Knesebeckstraße 62-63, 10719 Berlin, E-Mail verfahren@pairfinance.de
gegen
Frau Jessica Milos, Geßlerstraße 22, 44141 Dortmund
Sehr geehrte Damen und Herren,
in O. g. Sache haben Sie mich beauftragt, eine Drittauskunft nach § 8021 ZPO beim Bundeszentralamt für Steuern
einzuholen.
Das Ergebnis teile ich Ihnen unter Übersendung einer Kopie der entsprechenden Stellen mit.
Ich weise Sie ausdrücklich darauf hin, dass die erlangten Daten nur zu Vollstreckungszwecken genutzt werden dürfen
und nach Zweckerreichung in dieser Sache zu löschen sind (§§ 802 Abs. 3, 802 d Abs. 1 ZPO). Die Weiterleitung
dieser Daten an Dritte ist unzulässig..
Nach Zweckerreichung sind erlangte Schuldnerdaten zu löschen.
Mit freundlichen Grüßen
(Götz)
Obergerichtsvollzieherin
beim Amtsgericht Dortmund
Informationen zur Verarbeitung personenbezogener Daten in Rechtssachen
durch die Justiz in Nordrhein-Westfalen finden Sie unter:
www.justiz.nrw/datenschutz/rechtssachen
<page_2>
Bundeszentralamt
für Steuern
POSTANSCHRIFT
Bundeszentralamt für Steuem, 11055 Berlin
HAUSANSCHRIFT
DGZ-Ring 12, 13086 Berlin
BEARBEITET VON
Obergerichtsvollzieherin
Anne-Katrin Götz
Steuerabteilung National
Kontenabrufverfahren
Bremer Straße 19 b
TEL
+49 (0) 2 28 40 6-3600
44135 Dortmund
FAX
+49 (0) 2 28 40 6-4408
E-MAIL
kontenabruf@bzst.bund.de
INTERNET
www.bzst.bund.de
BETREFF
Kontenabrufersuchen nach §§ 93, 93b Abgabenordnung (AO)
BEZUG
Ihr Kontenabrufersuchen vom 24.02.2026 AZ: DR Il 158/26
ANLAGEN
1
GZ
St II 4 S 0229a KEVIZZ 481570/26
(bei Antwort bille angeben)
DATUM
24.02.2026
Ihr oben genanntes Kontenabrufersuchen ist im Rahmen des automatisierten Abrufs von
Kontoinformationen bearbeitet worden. Die Ergebnisse dieses Abrufs entnehmen Sie bitte der
nachfolgenden Anlage.
Bitte beachten Sie
dass die Verantwortung für die Zulässigkeit des Datenabrufs und die Datenübermittlung die
ersuchende Behörde trägt (§ 93b Abs. 3 AO),
die Informations- und Dokumentationspflichten gemäß § 93 Abs. 9 und 10 AO sowie den
Anwendungserlass zur Abgabenordnung (AEAO),
dass die Kontenstammdaten in der Datei nach § 24c Kreditwesengesetz (KWG) durch die
beteiligten Kreditinstitute vorgehalten werden. Ich kann deshalb keine Haftung dafür
übernehmen, dass die im Rahmen des Kontenabrufs mitgeteilten Daten vollständig und
inhaltlich korrekt sind.
Zum Inhalt des Ergebnisses bemerke ich folgendes:
Aufgrund der gesetzlichen Vorgabe der Unterscheidungsmerkmale in den von den Kreditinstituten
zu führenden Dateien kann die Identität der gemeldeten Personen immer nur im Hinblick auf die
Merkmale Name und Geburtsdatum für die Kontoinhaber und Verfügungsberechtigten bzw. Name
und Anschrift für die abweichend wirtschaftlich Berechtigten festgestellt werden. Insofern muss das
übermittelte Abrufergebnis trotz Übereinstimmung des Namens und des Geburtsdatums nicht
zwingend mit der von Ihnen abgefragten Person identisch sein. Das gilt auch für
Firmenbezeichnungen. Die auf dem Kontenabrufersuchen gleichwohl anzugebende Anschrift des
Kontoinhabers oder des Verfügungsberechtigten wird nicht in die Abfrage einbezogen.
<page_3>
Bundeszentralamt
für Steuern
Bei Rückfragen bitte ich Sie, zunächst die FAQ (häufige Fragen) zu beachten, die Sie auf der
Homepage des BZSt unter http://www.bzst.bund.de oder, sofern Sie für die Verwaltung der
Grundsicherung für Arbeitsuchende nach dem Zweiten Buch Sozialgesetzbuch zuständig sind, im
Intranet der Bundesagentur für Arbeit finden. Sie können sich aber auch an die oben angegebene
Telefonnummer wenden.
Dieses Anschreiben wurde automatisch erstellt und ist ohne Unterschrift gültig.
<page_4>
Anlage zu GZ: St Il 4 S 0229a KEVIZZ 481570/26 (Bitte stets angeben)
Ergebnisse
zu der Anfrage von dem/der:
Obergerichtsvollzieherin
Anne-Katrin Götz
vom:
24.02.2026
Ihr AZ:
DR Il 158/26
mit folgenden Anhaltsdaten:
Name:
Nachname:
Milos
Vorname:
Jessica
Geburtsdatum:
16.11.1981
Kontonummer:
Sparkasse Dortmund, Zweckverbandssparkasse der Städte
BAK-Nr.: 100816
Dortmund und Schwerte
Freistuhl 2, 44137 Dortmund
Trefferanzahl: 2
Kontonummer: DE11440501990163035588
Errichtungsdatum: 30.03.2006
Kontoinfo:
Auflösungsdatum:
Kontoinhaber
Geburtsdatum Seit
Bis
Sarah Michelle Milos
14.04.2005
28.04.2014
Geßlerstr. 22, 44141 Dortmund
Verfügungsberechtigte
Geburtsdatum
Seit
Bis
/
(
Jessica Milos
16.11.1981
11.06.2018
14.04.2023
Geßlerstr. 22, 44141 Dortmund
Kontonummer: DE05440501990272147116
Errichtungsdatum: 02.05.2022
Kontoinfo:
Auflösungsdatum:
Kontoinhaber
Geburtsdatum
Seit
Bis
Sarah Michelle Milos
14.04.2005
02.05.2022
Geßlerstr. 22, 44141 Dortmund
Verfügungsberechtigte
Geburtsdatum Seit
Bis
Jessica Milos
16.11.1981
02.05.2022
14.04.2023
Geßlerstr. 22, 44141 Dortmund
Anfrage von Obergerichtsvollzieherin
Seite
1 von
3
Anne-Katrin Götz (G05758) zu AZ DR Il 158/26
<page_5>
Anlage zu GZ: St Il 4 S 0229a KEVIZZ 481570/26 (Bitte stets angeben)
BNP Paribas S.A. Niederlassung Deutschland
BAK-Nr.: 108556
Senckenberganlage 19, 60325 Frankfurt
Trefferanzahl: 3
Kontonummer: DE17760300800183142586
Errichtungsdatum: 27.08.2025
Kontoinfo:
Auflösungsdatum:
Kontoinhaber
Geburtsdatum Seit
Bis
Jessica Milos
16.11.1981
27.08.2025
Geßlerstr. 22 44141 Dortmund Bundesrep. Deutschland
Kontonummer: DE33760300800620628594
Errichtungsdatum: 27.08.2025
Kontoinfo:
Auflösungsdatum:
Kontoinhaber
Geburtsdatum
Seit
Bis
Jessica Milos
16.11.1981
27.08.2025
Geßlerstr. 22 44141 Dortmund Bundesrep. Deutschland
Kontonummer: 628628596
Errichtungsdatum: 27.08.2025
Kontoinfo:
Auflösungsdatum:
Kontoinhaber
Geburtsdatum Seit
Bis
Jessica Milos
16.11.1981
27.08.2025
Geßlerstr. 22 44141 Dortmund Bundesrep. Deutschland
Banco Bilbao Vizcaya Argentaria, S.A., Niederlassung Deutschland
BAK-Nr.: 120560
Neue Mainzer Straße 28, 60311 Frankfurt am Main
Trefferanzahl: 1
Kontonummer: DE67500319000012514247
Errichtungsdatum: 26.08.2025
Kontoinfo:
Auflösungsdatum:
Kontoinhaber
Geburtsdatum
Seit
Bis
JESSICA MILOS
16.11.1981
27.08.2025
28.08.2025
GEYLERSTRAYE
22 44141 DORTMUND
JESSICA MILOS
16.11.1981
28.08.2025
20.10.2025
GEYLERSTRAYE
22 44141 DORTMUND
JESSICA MILOS
16.11.1981
20.10.2025
GEBLERSTRAßE
22 44141 DORTMUND
Anfrage von Obergerichtsvollzieherin
Seite
2 von
3
Anne-Katrin Götz (G05758) zu AZ DR II 158/26
<page_6>
Anlage zu GZ: St Il 4 S 0229a KEVIZZ 481570/26 (Bitte stets angeben)
Banking Circle S.A. German Branch
BAK-Nr.: 156937
Maximilianstr. 54, 80538 München
Trefferanzahl: 2
Kontonummer: DE32202208000028115626
Errichtungsdatum: 02.09.2024
Kontoinfo:
Auflösungsdatum:
Kontoinhaber
Geburtsdatum
Seit
Bis
Vivid Money S.A
02.09.2024
15.09.2025
21 Rue Glesener LU L-1631
Vivid Money S.A
15.09.2025 31.12.2025
21 Rue Glesener L1631 Luxembourg LU
Vivid Money S.A.
31.12.2025
Rue Glesener L1631 Luxembourg LU
Wirtschaftlich Berechtigte
Seit
Bis
Jessica Milos
02.09.2024
Gesslerstrasse Dortmund 44141 DE
Kontonummer: DE69202208000042598030
Errichtungsdatum: 12.11.2025
Kontoinfo:
Auflösungsdatum:
Kontoinhaber
Geburtsdatum
Seit
Bis
Payward Ireland Limited
12.11.2025
70 Sir John Rogerson's Quay, Dublin 2 D02 R296
Dublin IE
Wirtschaftlich Berechtigte
Seit
Bis
Jessica Milos
12.11.2025
Gesslerstr.22 Eg Dortmund 44141 DE
bunq B.V. Niederlassung Deutschland
BAK-Nr.: 159131
Landsbergerstr. 302, 80687 München
Trefferanzahl: 1
Kontonummer: DE80370190001010588219
Errichtungsdatum: 05.01.2024
Kontoinfo:
Auflösungsdatum:
Kontoinhaber
Geburtsdatum
Seit
Bis
Jessica Milos
16.11.1981
05.01.2024
Gesslerstr 22 44141 DORTMUND GERMANY
Anfrage von Obergerichtsvollzieherin
Seite
3 von
3
Anne-Katrin Götz (G05758) zu AZ DR II 158/26",False," Anne-Katrin Götz
Amtsgericht Dortmund
Obergerichtsvollzieherin
Telefon
Büroanschrift
Bürozeiten
Dienstkonto
02595/3850675
Bremer Str. 19 b
Dienstag 09.30-10.30 Uhr
IBAN per Lastschrift!
(ab 13.00 Uhr)
44135 Dortmund
Donnerstag 11.00-12.00 Uhr
BIC GENODEM1BOB
Telefax
E-Mail
Telefon:
02595/3850676
gvgoetz@comgo.de
0231/95039262
Abs.: OGVin Götz, Bremer Str. 19 b, 44135 Dortmund
PAIR Finance GmbH
vertr.d.d. GF
Knesebeckstraße 62-63
10719 Berlin
Mein Zeichen
Ihr Zeichen
DR II 158/26
168097557412
Dortmund, 25.02.2026
Bitte immer angeben!
Zwangsvollstreckungssache
N26 Bank AG, Voltairestraße 8, 10179 Berlin
vertr. d.
PAIR Finance GmbH, Knesebeckstraße 62-63, 10719 Berlin, E-Mail verfahren@pairfinance.de
gegen
Frau Jessica Milos, Geßlerstraße 22, 44141 Dortmund
Sehr geehrte Damen und Herren,
in O. g. Sache haben Sie mich beauftragt, eine Drittauskunft nach § 8021 ZPO beim Bundeszentralamt für Steuern
einzuholen.
Das Ergebnis teile ich Ihnen unter Übersendung einer Kopie der entsprechenden Stellen mit.
Ich weise Sie ausdrücklich darauf hin, dass die erlangten Daten nur zu Vollstreckungszwecken genutzt werden dürfen
und nach Zweckerreichung in dieser Sache zu löschen sind (§§ 802 Abs. 3, 802 d Abs. 1 ZPO). Die Weiterleitung
dieser Daten an Dritte ist unzulässig..
Nach Zweckerreichung sind erlangte Schuldnerdaten zu löschen.
Mit freundlichen Grüßen
(Götz)
Obergerichtsvollzieherin
beim Amtsgericht Dortmund
Informationen zur Verarbeitung personenbezogener Daten in Rechtssachen
durch die Justiz in Nordrhein-Westfalen finden Sie unter:
www.justiz.nrw/datenschutz/rechtssachen
 Bundeszentralamt
für Steuern
POSTANSCHRIFT
Bundeszentralamt für Steuem, 11055 Berlin
HAUSANSCHRIFT
DGZ-Ring 12, 13086 Berlin
BEARBEITET VON
Obergerichtsvollzieherin
Anne-Katrin Götz
Steuerabteilung National
Kontenabrufverfahren
Bremer Straße 19 b
TEL
+49 (0) 2 28 40 6-3600
44135 Dortmund
FAX
+49 (0) 2 28 40 6-4408
E-MAIL
kontenabruf@bzst.bund.de
INTERNET
www.bzst.bund.de
BETREFF
Kontenabrufersuchen nach §§ 93, 93b Abgabenordnung (AO)
BEZUG
Ihr Kontenabrufersuchen vom 24.02.2026 AZ: DR Il 158/26
ANLAGEN
1
GZ
St II 4 S 0229a KEVIZZ 481570/26
(bei Antwort bille angeben)
DATUM
24.02.2026
Ihr oben genanntes Kontenabrufersuchen ist im Rahmen des automatisierten Abrufs von
Kontoinformationen bearbeitet worden. Die Ergebnisse dieses Abrufs entnehmen Sie bitte der
nachfolgenden Anlage.
Bitte beachten Sie
dass die Verantwortung für die Zulässigkeit des Datenabrufs und die Datenübermittlung die
ersuchende Behörde trägt (§ 93b Abs. 3 AO),
die Informations- und Dokumentationspflichten gemäß § 93 Abs. 9 und 10 AO sowie den
Anwendungserlass zur Abgabenordnung (AEAO),
dass die Kontenstammdaten in der Datei nach § 24c Kreditwesengesetz (KWG) durch die
beteiligten Kreditinstitute vorgehalten werden. Ich kann deshalb keine Haftung dafür
übernehmen, dass die im Rahmen des Kontenabrufs mitgeteilten Daten vollständig und
inhaltlich korrekt sind.
Zum Inhalt des Ergebnisses bemerke ich folgendes:
Aufgrund der gesetzlichen Vorgabe der Unterscheidungsmerkmale in den von den Kreditinstituten
zu führenden Dateien kann die Identität der gemeldeten Personen immer nur im Hinblick auf die
Merkmale Name und Geburtsdatum für die Kontoinhaber und Verfügungsberechtigten bzw. Name
und Anschrift für die abweichend wirtschaftlich Berechtigten festgestellt werden. Insofern muss das
übermittelte Abrufergebnis trotz Übereinstimmung des Namens und des Geburtsdatums nicht
zwingend mit der von Ihnen abgefragten Person identisch sein. Das gilt auch für
Firmenbezeichnungen. Die auf dem Kontenabrufersuchen gleichwohl anzugebende Anschrift des
Kontoinhabers oder des Verfügungsberechtigten wird nicht in die Abfrage einbezogen.
 Bundeszentralamt
für Steuern
Bei Rückfragen bitte ich Sie, zunächst die FAQ (häufige Fragen) zu beachten, die Sie auf der
Homepage des BZSt unter http://www.bzst.bund.de oder, sofern Sie für die Verwaltung der
Grundsicherung für Arbeitsuchende nach dem Zweiten Buch Sozialgesetzbuch zuständig sind, im
Intranet der Bundesagentur für Arbeit finden. Sie können sich aber auch an die oben angegebene
Telefonnummer wenden.
Dieses Anschreiben wurde automatisch erstellt und ist ohne Unterschrift gültig.
 Anlage zu GZ: St Il 4 S 0229a KEVIZZ 481570/26 (Bitte stets angeben)
Ergebnisse
zu der Anfrage von dem/der:
Obergerichtsvollzieherin
Anne-Katrin Götz
vom:
24.02.2026
Ihr AZ:
DR Il 158/26
mit folgenden Anhaltsdaten:
Name:
Nachname:
Milos
Vorname:
Jessica
Geburtsdatum:
16.11.1981
Kontonummer:
Sparkasse Dortmund, Zweckverbandssparkasse der Städte
BAK-Nr.: 100816
Dortmund und Schwerte
Freistuhl 2, 44137 Dortmund
Trefferanzahl: 2
Kontonummer: DE11440501990163035588
Errichtungsdatum: 30.03.2006
Kontoinfo:
Auflösungsdatum:
Kontoinhaber
Geburtsdatum Seit
Bis
Sarah Michelle Milos
14.04.2005
28.04.2014
Geßlerstr. 22, 44141 Dortmund
Verfügungsberechtigte
Geburtsdatum
Seit
Bis
/
(
Jessica Milos
16.11.1981
11.06.2018
14.04.2023
Geßlerstr. 22, 44141 Dortmund
Kontonummer: DE05440501990272147116
Errichtungsdatum: 02.05.2022
Kontoinfo:
Auflösungsdatum:
Kontoinhaber
Geburtsdatum
Seit
Bis
Sarah Michelle Milos
14.04.2005
02.05.2022
Geßlerstr. 22, 44141 Dortmund
Verfügungsberechtigte
Geburtsdatum Seit
Bis
Jessica Milos
16.11.1981
02.05.2022
14.04.2023
Geßlerstr. 22, 44141 Dortmund
Anfrage von Obergerichtsvollzieherin
Seite
1 von
3
Anne-Katrin Götz (G05758) zu AZ DR Il 158/26
 Anlage zu GZ: St Il 4 S 0229a KEVIZZ 481570/26 (Bitte stets angeben)
BNP Paribas S.A. Niederlassung Deutschland
BAK-Nr.: 108556
Senckenberganlage 19, 60325 Frankfurt
Trefferanzahl: 3
Kontonummer: DE17760300800183142586
Errichtungsdatum: 27.08.2025
Kontoinfo:
Auflösungsdatum:
Kontoinhaber
Geburtsdatum Seit
Bis
Jessica Milos
16.11.1981
27.08.2025
Geßlerstr. 22 44141 Dortmund Bundesrep. Deutschland
Kontonummer: DE33760300800620628594
Errichtungsdatum: 27.08.2025
Kontoinfo:
Auflösungsdatum:
Kontoinhaber
Geburtsdatum
Seit
Bis
Jessica Milos
16.11.1981
27.08.2025
Geßlerstr. 22 44141 Dortmund Bundesrep. Deutschland
Kontonummer: 628628596
Errichtungsdatum: 27.08.2025
Kontoinfo:
Auflösungsdatum:
Kontoinhaber
Geburtsdatum Seit
Bis
Jessica Milos
16.11.1981
27.08.2025
Geßlerstr. 22 44141 Dortmund Bundesrep. Deutschland
Banco Bilbao Vizcaya Argentaria, S.A., Niederlassung Deutschland
BAK-Nr.: 120560
Neue Mainzer Straße 28, 60311 Frankfurt am Main
Trefferanzahl: 1
Kontonummer: DE67500319000012514247
Errichtungsdatum: 26.08.2025
Kontoinfo:
Auflösungsdatum:
Kontoinhaber
Geburtsdatum
Seit
Bis
JESSICA MILOS
16.11.1981
27.08.2025
28.08.2025
GEYLERSTRAYE
22 44141 DORTMUND
JESSICA MILOS
16.11.1981
28.08.2025
20.10.2025
GEYLERSTRAYE
22 44141 DORTMUND
JESSICA MILOS
16.11.1981
20.10.2025
GEBLERSTRAßE
22 44141 DORTMUND
Anfrage von Obergerichtsvollzieherin
Seite
2 von
3
Anne-Katrin Götz (G05758) zu AZ DR II 158/26
 Anlage zu GZ: St Il 4 S 0229a KEVIZZ 481570/26 (Bitte stets angeben)
Banking Circle S.A. German Branch
BAK-Nr.: 156937
Maximilianstr. 54, 80538 München
Trefferanzahl: 2
Kontonummer: DE32202208000028115626
Errichtungsdatum: 02.09.2024
Kontoinfo:
Auflösungsdatum:
Kontoinhaber
Geburtsdatum
Seit
Bis
Vivid Money S.A
02.09.2024
15.09.2025
21 Rue Glesener LU L-1631
Vivid Money S.A
15.09.2025 31.12.2025
21 Rue Glesener L1631 Luxembourg LU
Vivid Money S.A.
31.12.2025
Rue Glesener L1631 Luxembourg LU
Wirtschaftlich Berechtigte
Seit
Bis
Jessica Milos
02.09.2024
Gesslerstrasse Dortmund 44141 DE
Kontonummer: DE69202208000042598030
Errichtungsdatum: 12.11.2025
Kontoinfo:
Auflösungsdatum:
Kontoinhaber
Geburtsdatum
Seit
Bis
Payward Ireland Limited
12.11.2025
70 Sir John Rogerson's Quay, Dublin 2 D02 R296
Dublin IE
Wirtschaftlich Berechtigte
Seit
Bis
Jessica Milos
12.11.2025
Gesslerstr.22 Eg Dortmund 44141 DE
bunq B.V. Niederlassung Deutschland
BAK-Nr.: 159131
Landsbergerstr. 302, 80687 München
Trefferanzahl: 1
Kontonummer: DE80370190001010588219
Errichtungsdatum: 05.01.2024
Kontoinfo:
Auflösungsdatum:
Kontoinhaber
Geburtsdatum
Seit
Bis
Jessica Milos
16.11.1981
05.01.2024
Gesslerstr 22 44141 DORTMUND GERMANY
Anfrage von Obergerichtsvollzieherin
Seite
3 von
3
Anne-Katrin Götz (G05758) zu AZ DR II 158/26",drittauskunft,False,False,de97e37c-ebf7-5c0e-92be-209db058d9ae,60913326-3481-573b-a96e-72bb2ca9a9ef,870b8fd6e0da13bafd14ed6e5cec7e79af8c7ae43cae66c89539eb77be146f3c,s3://pair-data-engineering-new/ocr_prepared_output/870b8fd6e0da13bafd14ed6e5cec7e79af8c7ae43cae66c89539eb77be146f3c.json
data/aftercourt/drittauskunft_without_invoice/dr_ii_929_25_an_gl_mitt_ergebnis_drittauskunft20260102-312-13kqs0u (1).pdf,"<page_1>
Obergerichtsvollzieherin G. Samuels
HESSEN
bei dem Amtsgericht Darmstadt
Mein Zeichen:
DR II 929/25
Abs.:OGVin G. Samuels,Mathildenplatz 15,64283 Darmstadt
Bitte immer angeben!
Firma
Telefon: 0151/54712265
PAIR Finance GmbH
Bitte beachten Sie die Sprechzeiten!
Knesebeckstraße 62-63
Ihr Zeichen: 163836166096
10719 Berlin
Darmstadt, 30.12.2025
Zwangsvollstreckungssache
Firma PAIR Finance GmbH, Knesebeckstraße 62-63, 10719 Berlin
gegen
Frau Rowie Samuel, Havelstraße 13, 64295 Darmstadt
Sehr geehrte Damen und Herren,
in o.g. Sache haben Sie mich beauftragt, eine Drittauskunft nach § 8021 ZPO beim Bundeszentralamt für Steuern
einzuholen.
Das Ergebnis teile ich Ihnen unter Übersendung einer Kopie der entsprechenden Stellen mit.
Ich weise Sie ausdrücklich darauf hin, dass die erlangten Daten nur zu Vollstreckungszwecken genutzt werden dürfen
und nach Zweckerreichung in dieser Sache zu löschen sind (§§ 802 Abs. 3, 802 d Abs. 1 ZPO). Die Weiterleitung
dieser Daten an Dritte ist unzulässig..
Nach Zweckerreichung sind erlangte Schuldnerdaten zu löschen.
Hinweise zur Verarbeitung personenbezogener Daten erhalten Sie unter https://ordentliche-
gerichtsbarkeit.hessen.de/datenschutz. Auf Wunsch werden diese Informationen auch in Papierform zur Verfügung
gestellt.
Mit freundlichen Grüßen
(G. Samuels
Obergerichtsvollzieherin
beim Amtsgericht Darmstadt
Anschrift
Dienstkonto
DIGITALER
0800 96 32 147
Mathildenplatz 15
IBAN DE07506616390007522584
SERVICE POINT
Ihr Draht zur Justiz.
DER HESSISCHEN JUSTIZ
Rufen Sie an!
Darmstadt
BIC GENODEF1LSR
Bürozeiten
Mittwoch 10:00 11:30 Uhr
Freitag 10:00 12:00 Uhr
Hinweise zur Verarbeitung personenbezogener Daten erhalten Sie unter www.ag-darmstadt-justiz.hessen.de.
Auf Wunsch werden diese Informationen auch in Papierform zur Verfügung gestellt.
<page_2>
Anlage zu GZ: St Il 4 - S 0229a KEVIZZ 2944710/25 (Bitte stets angeben)
Ergebnisse
zu der Anfrage von dem/der:
Obergerichtsvollzieherin
Gesine Sofie Samuels
vom:
18.12.2025
Ihr AZ:
DR II 929/25
mit folgenden Anhaltsdaten:
Name:
Nachname:
Rowie Samuel
Vorname:
Nicht vorhanden
Geburtsdatum:
15.03.2002
Kontonummer:
Der Abruf hat zu keinem Ergebnis geführt.
Anfrage von Obergerichtsvollzieherin
Seite
1 von
1
Gesine Sofie Samuels (G06155) zu AZ DR Il 929/25",False," Obergerichtsvollzieherin G. Samuels
HESSEN
bei dem Amtsgericht Darmstadt
Mein Zeichen:
DR II 929/25
Abs.:OGVin G. Samuels,Mathildenplatz 15,64283 Darmstadt
Bitte immer angeben!
Firma
Telefon: 0151/54712265
PAIR Finance GmbH
Bitte beachten Sie die Sprechzeiten!
Knesebeckstraße 62-63
Ihr Zeichen: 163836166096
10719 Berlin
Darmstadt, 30.12.2025
Zwangsvollstreckungssache
Firma PAIR Finance GmbH, Knesebeckstraße 62-63, 10719 Berlin
gegen
Frau Rowie Samuel, Havelstraße 13, 64295 Darmstadt
Sehr geehrte Damen und Herren,
in o.g. Sache haben Sie mich beauftragt, eine Drittauskunft nach § 8021 ZPO beim Bundeszentralamt für Steuern
einzuholen.
Das Ergebnis teile ich Ihnen unter Übersendung einer Kopie der entsprechenden Stellen mit.
Ich weise Sie ausdrücklich darauf hin, dass die erlangten Daten nur zu Vollstreckungszwecken genutzt werden dürfen
und nach Zweckerreichung in dieser Sache zu löschen sind (§§ 802 Abs. 3, 802 d Abs. 1 ZPO). Die Weiterleitung
dieser Daten an Dritte ist unzulässig..
Nach Zweckerreichung sind erlangte Schuldnerdaten zu löschen.
Hinweise zur Verarbeitung personenbezogener Daten erhalten Sie unter https://ordentliche-
gerichtsbarkeit.hessen.de/datenschutz. Auf Wunsch werden diese Informationen auch in Papierform zur Verfügung
gestellt.
Mit freundlichen Grüßen
(G. Samuels
Obergerichtsvollzieherin
beim Amtsgericht Darmstadt
Anschrift
Dienstkonto
DIGITALER
0800 96 32 147
Mathildenplatz 15
IBAN DE07506616390007522584
SERVICE POINT
Ihr Draht zur Justiz.
DER HESSISCHEN JUSTIZ
Rufen Sie an!
Darmstadt
BIC GENODEF1LSR
Bürozeiten
Mittwoch 10:00 11:30 Uhr
Freitag 10:00 12:00 Uhr
Hinweise zur Verarbeitung personenbezogener Daten erhalten Sie unter www.ag-darmstadt-justiz.hessen.de.
Auf Wunsch werden diese Informationen auch in Papierform zur Verfügung gestellt.
 Anlage zu GZ: St Il 4 - S 0229a KEVIZZ 2944710/25 (Bitte stets angeben)
Ergebnisse
zu der Anfrage von dem/der:
Obergerichtsvollzieherin
Gesine Sofie Samuels
vom:
18.12.2025
Ihr AZ:
DR II 929/25
mit folgenden Anhaltsdaten:
Name:
Nachname:
Rowie Samuel
Vorname:
Nicht vorhanden
Geburtsdatum:
15.03.2002
Kontonummer:
Der Abruf hat zu keinem Ergebnis geführt.
Anfrage von Obergerichtsvollzieherin
Seite
1 von
1
Gesine Sofie Samuels (G06155) zu AZ DR Il 929/25",drittauskunft,False,False,c72625b3-d66a-5df5-a933-11f57215838a,2a6e990a-3458-5efe-a8d9-f8b988af1740,6eb9335329883f671aa167608aa4108d45a5e0fcbbbb86efe8239d9e15b4e0e5,s3://pair-data-engineering-new/ocr_prepared_output/6eb9335329883f671aa167608aa4108d45a5e0fcbbbb86efe8239d9e15b4e0e5.json
data/aftercourt/drittauskunft_without_invoice/dr_ii_159_26_an_gl_mitt_ergebnis_drittauskunft20260305-294-fvfdxx.pdf,"<page_1>
Gerichtsvollzieherin
Kreuzgasse 17
L. Lutz
72581 Dettingen an der Erms
Bürozeiten
Amtsgericht
Dienstag: 13:00 15:00 Uhr
Bad Urach
Freitag : 10:30 11:30 Uhr
Telefon
0176 / 470 511 32
Dienstkonto
GVin L. Lutz, Kreuzgasse 17, 72581 Dettingen an der Erms
IBAN DE09 6405 0000 0100 1387 62
BIC SOLADES1REU
Pair Finance GmbH
Knesebeckstraße 62-63
10719 Berlin
Mein Zeichen
Ihr Zeichen
DR II 159/26
189483918174
Dettingen an der Erms, 04.03.2026
Bitte immer angeben!
Das Büro ist vom 23.03.2026 29.03.2026 geschlossen!
Zwangsvollstreckungssache
Liquandum Capital Il GmbH, Knesebeckstraße 62-63, 10719 Berlin
vertr. d.
Pair Finance GmbH, Knesebeckstraße 62-63, 10719 Berlin
gegen
Frau Natascha Rechtsteiner, Obere Kirchstraße 8, 72587 Römerstein
Sehr geehrte Damen und Herren,
in 0. g. Sache haben Sie mich beauftragt, eine Drittauskunft nach § 8021 ZPO beim Bundeszentralamt für Steuern
einzuholen.
Das Ergebnis teile ich Ihnen unter Übersendung einer Kopie der entsprechenden Stellen mit.
Ich weise Sie ausdrücklich darauf hin, dass die erlangten Daten nur zu Vollstreckungszwecken genutzt werden dürfen
und nach Zweckerreichung in dieser Sache zu löschen sind (§§ 802 Abs. 3, 802 di Abs. 1 1 ZPO). Die Weiterleitung
dieser Daten an Dritte ist unzulässig..
Nach Zweckerreichung sind erlangte Schuldnerdaten zu löschen.
Informationen zum Schutz personenbezogener Daten bei deren Verarbeitung durch die Justiz nach Artikel 13 und Artikel 14 der Europäischen
Datenschutz-Grundverordnung finden sich auf der Internetseite des Gerichts unter dem Menüpunkt Service"" / Informationen zum Datenschutz in
der Justiz"". Auf Wunsch kann diese Information auch in Papierform übersandt werden.
Dieses Schreiben enthält vertrauliche und/oder rechtlich geschützte Informationen. Wenn Sie nicht der richtige Adressat sind, oder dieses
Schreiben irrtümlich erhalten haben, informieren Sie bitte sofort den Absender und vernichten Sie dieses Schreiben. Das unerlaubte Kopieren
sowie die unbefugte Weitergabe dieses Schreibens und der darin enthaltenen Informationen sind nicht gestattet.
Mit freundlichen Grüßen
Dieses Dokument wurde maschinell
erstellt und ist ohne Unterschrift gültig.
(L. Lutz)
Gerichtsvollzieherin
beim Amtsgericht Bad Urach
Seite 1 des Dokuments zu ""DR Il 159/26
<page_2>
Anlage zu GZ: St Il 4 S 0229a KEVIZZ 489915/26 (Bitte stets angeben)
Ergebnisse
zu der Anfrage von dem/der:
Gerichtsvollzieherin
Lutz
vom:
25.02.2026
Ihr AZ:
DR Il 159/26
mit folgenden Anhaltsdaten:
Name:
Nachname:
Rechtsteiner
Vorname:
Natascha
Geburtsdatum:
16.04.1999
Kontonummer:
Kreissparkasse Reutlingen
BAK-Nr.: 100493
Ludwig-Erhard-Straße 40, 72760 Reutlingen
Trefferanzahl: 5
Kontonummer: DE53640500001101758030
Errichtungsdatum: 14.03.2024
Kontoinfo:
Auflösungsdatum:
Kontoinhaber
Geburtsdatum
Seit
Bis
Natascha Rechtsteiner
16.04.1999
14.03.2024
Obere Kirchstr. 8, 72587 Römerstein
Verfügungsberechtigte
Geburtsdatum
Seit
Bis
25.09.2024
Kontonummer: DE33640500000009347300
Errichtungsdatum: 06.08.2020
Kontoinfo:
Auflösungsdatum:
Kontoinhaber
Geburtsdatum
Seit
Bis
Frank Mathias Hibinger
20.07.1993
06.08.2020
06.03.2024
Schlehenweg 2, 72537 Mehrstetten
Frank Mathias Hibinger
20.07.1993
06.03.2024
Obere Kirchstr. 8, 72587 Römerstein
Verfügungsberechtigte
Geburtsdatum
Seit
Bis
Natascha Rechtsteiner
16.04.1999
25.09.2024
Obere Kirchstr. 8, 72587 Römerstein
06.08.2020
10.06.2024
Anfrage von Gerichtsvollzieherin
Seite
1 von
4
Lutz (G08883) zu AZ DR Il 159/26
<page_3>
Anlage zu GZ: St Il 4 S 0229a KEVIZZ 489915/26 (Bitte stets angeben)
Kontonummer: DE09640500000009673555
Errichtungsdatum: 14.03.2024
Kontoinfo:
Auflösungsdatum:
Kontoinhaber
Geburtsdatum
Seit
Bis
Natascha Rechtsteiner
16.04.1999
14.03.2024
Obere Kirchstr. 8, 72587 Römerstein
Verfügungsberechtigte
Geburtsdatum
Seit
Bis
25.09.2024
14.03.2024
Kontonummer: DE46640500000008301309
Errichtungsdatum: 14.03.2024
Kontoinfo:
Auflösungsdatum:
Kontoinhaber
Geburtsdatum Seit
Bis
Sophia Marie Hibinger
21.12.2023
14.03.2024
Obere Kirchstr. 8, 72587 Römerstein
Verfügungsberechtigte
Geburtsdatum
Seit
Bis
14.03.2024
Natascha Rechtsteiner
16.04.1999
14.03.2024
Obere Kirchstr. 8, 72587 Römerstein
Kontonummer: DE34640500004115551282
Errichtungsdatum: 14.03.2024
Kontoinfo:
Auflösungsdatum:
Kontoinhaber
Geburtsdatum
Seit
Bis
Sophia Marie Hibinger
21.12.2023
14.03.2024
Obere Kirchstr. 8, 72587 Römerstein
Verfügungsberechtigte
Geburtsdatum
Seit
Bis
14.03.2024
Natascha Rechtsteiner
16.04.1999
14.03.2024
Obere Kirchstr. 8, 72587 Römerstein
Anfrage von Gerichtsvollzieherin
Seite
2 von
4
Lutz (G08883) zu AZ DR Il 159/26
<page_4>
Anlage zu GZ: St Il 4 S 0229a KEVIZZ 489915/26 (Bitte stets angeben)
VR-Bank Alb-Blau-Donau eG
BAK-Nr.: 102296
Bahnhofstraße 15, 89584 Ehingen (Donau)
Trefferanzahl: 1
Kontonummer: DE52600693460680633405
Errichtungsdatum: 25.04.2006
Kontoinfo:
Auflösungsdatum:
Kontoinhaber
Geburtsdatum
Seit
Bis
Natascha Rechtsteiner
16.04.1999
21.03.2014
19.03.2024
Kirchweg 9 72525 Münsingen
Natascha Rechtsteiner
16.04.1999
19.03.2024
Obere Kirchstr. 8 72587 Römerstein
LBS Landesbausparkasse Süd
BAK-Nr.: 105627
Jägerstraße 36, 70174 Stuttgart
Trefferanzahl: 2
Kontonummer: 9090879520
Errichtungsdatum: 09.04.2024
Kontoinfo:
Auflösungsdatum:
Kontoinhaber
Geburtsdatum
Seit
Bis
Natascha Rechtsteiner
16.04.1999
09.04.2024
Obere Kirchstr. 8, 72587 Römerstein DE
Kontonummer: 9090877029
Errichtungsdatum: 09.04.2024
Kontoinfo:
Auflösungsdatum:
Kontoinhaber
Geburtsdatum
Seit
Bis
Natascha Rechtsteiner
16.04.1999
09.04.2024
Obere Kirchstr. 8, 72587 Römerstein DE
Banking Circle S.A. - German Branch
BAK-Nr.: 156937
Maximilianstr. 54, 80538 München
Trefferanzahl: 1
Kontonummer: DE44202208000028293696
Errichtungsdatum: 12.02.2025
Kontoinfo:
Auflösungsdatum:
Kontoinhaber
Geburtsdatum Seit
Bis
Vivid Money S.A
12.02.2025
15.09.2025
21 Rue Glesener LU L-1631
Vivid Money S.A
15.09.2025 31.12.2025
21 Rue Glesener L1631 Luxembourg LU
Vivid Money S.A.
31.12.2025
Rue Glesener L1631 Luxembourg LU
Anfrage von Gerichtsvollzieherin
Seite
3 von
4
Lutz (G08883) zu AZ DR Il 159/26
<page_5>
Anlage zu GZ: St Il 4 S 0229a KEVIZZ 489915/26 (Bitte stets angeben)
Wirtschaftlich Berechtigte
Seit
Bis
Natascha Rechtsteiner
12.02.2025
Kirchstrasse 8 Roemerstein 72587 DE
bunq B.V. Niederlassung Deutschland
BAK-Nr.: 159131
Landsbergerstr. 302, 80687 München
Trefferanzahl: 1
Kontonummer: DE53370190001011099798
Errichtungsdatum: 16.02.2025
Kontoinfo:
Auflösungsdatum:
Kontoinhaber
Geburtsdatum Seit
Bis
Natascha Rechtsteiner
16.04.1999
16.02.2025
Obere Kirchstrasse 8 72587 ROEMERSTEIN
GERMANY
Revolut Bank UAB, Zweigniederlassung Deutschland
BAK-Nr.: 161008
c/o FORA Linden Palais / Unter den Linden 40, 10117 Berlin
Trefferanzahl: 1
Kontonummer: DE44100101785464098237
Errichtungsdatum: 19.01.2025
Kontoinfo:
Auflösungsdatum:
Kontoinhaber
Geburtsdatum Seit
Bis
NATASCHA RECHTSTEINER
16.04.1999
19.01.2025
29.01.2025
DE ROEmerstein 72587 Obere Kirchstr. 8
NATASCHA RECHTSTEINER
16.04.1999
29.01.2025
DE ROEmerstein 72587 Obere Kirchstr. 8
Anfrage von Gerichtsvollzieherin
Seite
4 von
4
Lutz (G08883) zu AZ DR Il 159/26",False," Gerichtsvollzieherin
Kreuzgasse 17
L. Lutz
72581 Dettingen an der Erms
Bürozeiten
Amtsgericht
Dienstag: 13:00 15:00 Uhr
Bad Urach
Freitag : 10:30 11:30 Uhr
Telefon
0176 / 470 511 32
Dienstkonto
GVin L. Lutz, Kreuzgasse 17, 72581 Dettingen an der Erms
IBAN DE09 6405 0000 0100 1387 62
BIC SOLADES1REU
Pair Finance GmbH
Knesebeckstraße 62-63
10719 Berlin
Mein Zeichen
Ihr Zeichen
DR II 159/26
189483918174
Dettingen an der Erms, 04.03.2026
Bitte immer angeben!
Das Büro ist vom 23.03.2026 29.03.2026 geschlossen!
Zwangsvollstreckungssache
Liquandum Capital Il GmbH, Knesebeckstraße 62-63, 10719 Berlin
vertr. d.
Pair Finance GmbH, Knesebeckstraße 62-63, 10719 Berlin
gegen
Frau Natascha Rechtsteiner, Obere Kirchstraße 8, 72587 Römerstein
Sehr geehrte Damen und Herren,
in 0. g. Sache haben Sie mich beauftragt, eine Drittauskunft nach § 8021 ZPO beim Bundeszentralamt für Steuern
einzuholen.
Das Ergebnis teile ich Ihnen unter Übersendung einer Kopie der entsprechenden Stellen mit.
Ich weise Sie ausdrücklich darauf hin, dass die erlangten Daten nur zu Vollstreckungszwecken genutzt werden dürfen
und nach Zweckerreichung in dieser Sache zu löschen sind (§§ 802 Abs. 3, 802 di Abs. 1 1 ZPO). Die Weiterleitung
dieser Daten an Dritte ist unzulässig..
Nach Zweckerreichung sind erlangte Schuldnerdaten zu löschen.
Informationen zum Schutz personenbezogener Daten bei deren Verarbeitung durch die Justiz nach Artikel 13 und Artikel 14 der Europäischen
Datenschutz-Grundverordnung finden sich auf der Internetseite des Gerichts unter dem Menüpunkt Service"" / Informationen zum Datenschutz in
der Justiz"". Auf Wunsch kann diese Information auch in Papierform übersandt werden.
Dieses Schreiben enthält vertrauliche und/oder rechtlich geschützte Informationen. Wenn Sie nicht der richtige Adressat sind, oder dieses
Schreiben irrtümlich erhalten haben, informieren Sie bitte sofort den Absender und vernichten Sie dieses Schreiben. Das unerlaubte Kopieren
sowie die unbefugte Weitergabe dieses Schreibens und der darin enthaltenen Informationen sind nicht gestattet.
Mit freundlichen Grüßen
Dieses Dokument wurde maschinell
erstellt und ist ohne Unterschrift gültig.
(L. Lutz)
Gerichtsvollzieherin
beim Amtsgericht Bad Urach
Seite 1 des Dokuments zu ""DR Il 159/26
 Anlage zu GZ: St Il 4 S 0229a KEVIZZ 489915/26 (Bitte stets angeben)
Ergebnisse
zu der Anfrage von dem/der:
Gerichtsvollzieherin
Lutz
vom:
25.02.2026
Ihr AZ:
DR Il 159/26
mit folgenden Anhaltsdaten:
Name:
Nachname:
Rechtsteiner
Vorname:
Natascha
Geburtsdatum:
16.04.1999
Kontonummer:
Kreissparkasse Reutlingen
BAK-Nr.: 100493
Ludwig-Erhard-Straße 40, 72760 Reutlingen
Trefferanzahl: 5
Kontonummer: DE53640500001101758030
Errichtungsdatum: 14.03.2024
Kontoinfo:
Auflösungsdatum:
Kontoinhaber
Geburtsdatum
Seit
Bis
Natascha Rechtsteiner
16.04.1999
14.03.2024
Obere Kirchstr. 8, 72587 Römerstein
Verfügungsberechtigte
Geburtsdatum
Seit
Bis
25.09.2024
Kontonummer: DE33640500000009347300
Errichtungsdatum: 06.08.2020
Kontoinfo:
Auflösungsdatum:
Kontoinhaber
Geburtsdatum
Seit
Bis
Frank Mathias Hibinger
20.07.1993
06.08.2020
06.03.2024
Schlehenweg 2, 72537 Mehrstetten
Frank Mathias Hibinger
20.07.1993
06.03.2024
Obere Kirchstr. 8, 72587 Römerstein
Verfügungsberechtigte
Geburtsdatum
Seit
Bis
Natascha Rechtsteiner
16.04.1999
25.09.2024
Obere Kirchstr. 8, 72587 Römerstein
06.08.2020
10.06.2024
Anfrage von Gerichtsvollzieherin
Seite
1 von
4
Lutz (G08883) zu AZ DR Il 159/26
 Anlage zu GZ: St Il 4 S 0229a KEVIZZ 489915/26 (Bitte stets angeben)
Kontonummer: DE09640500000009673555
Errichtungsdatum: 14.03.2024
Kontoinfo:
Auflösungsdatum:
Kontoinhaber
Geburtsdatum
Seit
Bis
Natascha Rechtsteiner
16.04.1999
14.03.2024
Obere Kirchstr. 8, 72587 Römerstein
Verfügungsberechtigte
Geburtsdatum
Seit
Bis
25.09.2024
14.03.2024
Kontonummer: DE46640500000008301309
Errichtungsdatum: 14.03.2024
Kontoinfo:
Auflösungsdatum:
Kontoinhaber
Geburtsdatum Seit
Bis
Sophia Marie Hibinger
21.12.2023
14.03.2024
Obere Kirchstr. 8, 72587 Römerstein
Verfügungsberechtigte
Geburtsdatum
Seit
Bis
14.03.2024
Natascha Rechtsteiner
16.04.1999
14.03.2024
Obere Kirchstr. 8, 72587 Römerstein
Kontonummer: DE34640500004115551282
Errichtungsdatum: 14.03.2024
Kontoinfo:
Auflösungsdatum:
Kontoinhaber
Geburtsdatum
Seit
Bis
Sophia Marie Hibinger
21.12.2023
14.03.2024
Obere Kirchstr. 8, 72587 Römerstein
Verfügungsberechtigte
Geburtsdatum
Seit
Bis
14.03.2024
Natascha Rechtsteiner
16.04.1999
14.03.2024
Obere Kirchstr. 8, 72587 Römerstein
Anfrage von Gerichtsvollzieherin
Seite
2 von
4
Lutz (G08883) zu AZ DR Il 159/26
 Anlage zu GZ: St Il 4 S 0229a KEVIZZ 489915/26 (Bitte stets angeben)
VR-Bank Alb-Blau-Donau eG
BAK-Nr.: 102296
Bahnhofstraße 15, 89584 Ehingen (Donau)
Trefferanzahl: 1
Kontonummer: DE52600693460680633405
Errichtungsdatum: 25.04.2006
Kontoinfo:
Auflösungsdatum:
Kontoinhaber
Geburtsdatum
Seit
Bis
Natascha Rechtsteiner
16.04.1999
21.03.2014
19.03.2024
Kirchweg 9 72525 Münsingen
Natascha Rechtsteiner
16.04.1999
19.03.2024
Obere Kirchstr. 8 72587 Römerstein
LBS Landesbausparkasse Süd
BAK-Nr.: 105627
Jägerstraße 36, 70174 Stuttgart
Trefferanzahl: 2
Kontonummer: 9090879520
Errichtungsdatum: 09.04.2024
Kontoinfo:
Auflösungsdatum:
Kontoinhaber
Geburtsdatum
Seit
Bis
Natascha Rechtsteiner
16.04.1999
09.04.2024
Obere Kirchstr. 8, 72587 Römerstein DE
Kontonummer: 9090877029
Errichtungsdatum: 09.04.2024
Kontoinfo:
Auflösungsdatum:
Kontoinhaber
Geburtsdatum
Seit
Bis
Natascha Rechtsteiner
16.04.1999
09.04.2024
Obere Kirchstr. 8, 72587 Römerstein DE
Banking Circle S.A. - German Branch
BAK-Nr.: 156937
Maximilianstr. 54, 80538 München
Trefferanzahl: 1
Kontonummer: DE44202208000028293696
Errichtungsdatum: 12.02.2025
Kontoinfo:
Auflösungsdatum:
Kontoinhaber
Geburtsdatum Seit
Bis
Vivid Money S.A
12.02.2025
15.09.2025
21 Rue Glesener LU L-1631
Vivid Money S.A
15.09.2025 31.12.2025
21 Rue Glesener L1631 Luxembourg LU
Vivid Money S.A.
31.12.2025
Rue Glesener L1631 Luxembourg LU
Anfrage von Gerichtsvollzieherin
Seite
3 von
4
Lutz (G08883) zu AZ DR Il 159/26
 Anlage zu GZ: St Il 4 S 0229a KEVIZZ 489915/26 (Bitte stets angeben)
Wirtschaftlich Berechtigte
Seit
Bis
Natascha Rechtsteiner
12.02.2025
Kirchstrasse 8 Roemerstein 72587 DE
bunq B.V. Niederlassung Deutschland
BAK-Nr.: 159131
Landsbergerstr. 302, 80687 München
Trefferanzahl: 1
Kontonummer: DE53370190001011099798
Errichtungsdatum: 16.02.2025
Kontoinfo:
Auflösungsdatum:
Kontoinhaber
Geburtsdatum Seit
Bis
Natascha Rechtsteiner
16.04.1999
16.02.2025
Obere Kirchstrasse 8 72587 ROEMERSTEIN
GERMANY
Revolut Bank UAB, Zweigniederlassung Deutschland
BAK-Nr.: 161008
c/o FORA Linden Palais / Unter den Linden 40, 10117 Berlin
Trefferanzahl: 1
Kontonummer: DE44100101785464098237
Errichtungsdatum: 19.01.2025
Kontoinfo:
Auflösungsdatum:
Kontoinhaber
Geburtsdatum Seit
Bis
NATASCHA RECHTSTEINER
16.04.1999
19.01.2025
29.01.2025
DE ROEmerstein 72587 Obere Kirchstr. 8
NATASCHA RECHTSTEINER
16.04.1999
29.01.2025
DE ROEmerstein 72587 Obere Kirchstr. 8
Anfrage von Gerichtsvollzieherin
Seite
4 von
4
Lutz (G08883) zu AZ DR Il 159/26",drittauskunft,False,False,9d233a96-2fd2-5f56-ab60-58043398223d,f8f00142-5ef8-5940-8ec0-f211617274d8,0d1359e435b18356222e26c4fc1eeb79c53373771c782bd7a7763eefae7c1bda,s3://pair-data-engineering-new/ocr_prepared_output/0d1359e435b18356222e26c4fc1eeb79c53373771c782bd7a7763eefae7c1bda.json
