{
  "accuracy": 0.9990662931839402,
  "precision": 0.9975429975429976,
  "recall": 1.0,
  "f1_score": 0.998769987699877,
  "roc_auc": 0.999992592318234,
  "threshold": 0.5,
  "confusion_matrix": {
    "tn": 664,
    "fp": 1,
    "fn": 0,
    "tp": 406
  }
}