{
  "accuracy": 0.9944289693593314,
  "precision": 0.9878640776699029,
  "recall": 0.9975490196078431,
  "f1_score": 0.9926829268292683,
  "roc_auc": 0.9998754359740907,
  "threshold": 0.5,
  "confusion_matrix": {
    "tn": 664,
    "fp": 5,
    "fn": 1,
    "tp": 407
  }
}