{
  "accuracy": 0.9981325863678805,
  "precision": 0.9975369458128078,
  "recall": 0.9975369458128078,
  "f1_score": 0.9975369458128078,
  "roc_auc": 0.999992592318234,
  "threshold": 0.6,
  "confusion_matrix": {
    "tn": 664,
    "fp": 1,
    "fn": 1,
    "tp": 405
  }
}