{
  "accuracy": 0.9963403476669717,
  "precision": 0.9926829268292683,
  "recall": 0.9975490196078431,
  "f1_score": 0.9951100244498777,
  "roc_auc": 0.9999785315586088,
  "threshold": 0.5,
  "confusion_matrix": {
    "tn": 682,
    "fp": 3,
    "fn": 1,
    "tp": 407
  }
}