{
  "accuracy": 0.9934640522875817,
  "precision": 1.0,
  "recall": 0.9827586206896551,
  "f1_score": 0.991304347826087,
  "roc_auc": 0.999992592318234,
  "threshold": 0.9,
  "confusion_matrix": {
    "tn": 665,
    "fp": 0,
    "fn": 7,
    "tp": 399
  }
}